Sales_Rep_ID,Sales_Rep_Name,Customer_ID,Loan_Customer,Application_Date,Approved_Date,Approval Status,Product_Type,Customer_Income_Level,Customer_Credit_Score,Customer_Credit_Score_Rating,Loan_Amount,Loan_Interest_Rate,Loan_Interest_Amount,Customer_Acquisition_Cost,Loan_Processed,Loan_Processed_Date,Expected_Repayment_Date,Actual_Repayment_Date,Repayment_Difference_Days,Repayment_Status,Had_Pre-Application_Call
18,Amaka Obi,1,Adebola Adebayo,2024-08-14 18:20:41.255,2024-08-16 18:20:41.000,Approved,Personal Loan,Medium,Fair,2,91045,0.09102215343948669,8287.11195989807,2900.48918596432,False,,,,,,True
9,Ibrahim Danjuma,2,Chukwuemeka Onyekachi,2024-12-18 18:20:41.255,2024-12-20 18:20:41.255,Approved,Personal Loan,Low,Fair,2,31744,0.0317360342554019,1007.4286714034778,352.6000349912172,False,,,,,,True
6,Funke Adeyemi,3,Aisha Usman,2024-07-16 18:20:41.255,2024-07-18 18:20:41.255,Approved,Auto Loan,Low,Fair,2,92940,0.09291667791384363,8635.676045312626,3022.486615859419,False,,,,,,True
13,Bola Akinwunmi,4,Tolu Fashola,2024-07-24 18:20:41.255,2024-07-26 18:20:41.255,Approved,Mortgage,Low,Excellent,4,63724,0.0637080092896683,4059.7291839748227,1420.9052143911879,False,,,,,,True
16,Chika Umeh,5,Ifeanyi Eze,2024-09-23 18:20:41.255,2024-09-25 18:20:41.255,Approved,Personal Loan,Medium,Good,3,70059,0.07004141960367948,4907.031816014181,1717.4611356049631,False,,,,,,True
15,Gbenga Adesina,6,Fatima Musa,2024-07-19 18:20:41.255,2024-07-21 18:20:41.255,Approved,Personal Loan,High,Fair,2,18856,0.018851268331648754,355.4595156615689,124.41083048154911,False,,,,,,True
6,Funke Adeyemi,7,Kunle Ojo,2024-06-10 18:20:41.255,2024-06-12 18:20:41.255,Approved,Mortgage,Medium,Fair,2,20864,0.02085876445012302,435.1972614873667,152.31904152057834,True,2024-06-15 18:20:41.255,2024-07-15 18:20:41.255,2024-07-11 18:20:41.255,-4.0,Early,True
15,Gbenga Adesina,8,Ngozi Chukwu,2024-04-22 18:20:41.255,2024-04-24 18:20:41.255,Approved,Mortgage,High,Good,3,30425,0.030417365241324427,925.4483374672957,323.90691811355344,True,2024-04-27 18:20:41.255,2024-05-27 18:20:41.255,2024-05-23 18:20:41.255,-4.0,Early,False
7,Segun Oladipo,9,Ahmed Danladi,2025-03-07 18:20:41.255,2025-03-09 18:20:41.255,Approved,Auto Loan,Low,Excellent,4,71037,0.07101917418727899,5044.989076741737,1765.7461768596079,True,2025-03-12 18:20:41.255,2025-04-11 18:20:41.255,2025-04-07 18:20:41.255,-4.0,Early,True
7,Segun Oladipo,10,Olamide Ajayi,2024-10-14 18:20:41.255,2024-10-16 18:20:41.255,Approved,Auto Loan,High,Excellent,4,43351,0.043340121629471005,1878.8376127591976,657.5931644657192,False,,,,,,True
15,Gbenga Adesina,11,Kelechi Nwankwo,2024-08-12 18:20:41.255,2024-08-14 18:20:41.255,Approved,Auto Loan,High,Fair,2,46633,0.046621298054188395,2174.0909921609673,760.9318472563385,False,,,,,,True
9,Ibrahim Danjuma,12,Maryam Abdullahi,2024-10-05 18:20:41.255,2024-10-07 18:20:41.255,Approved,Personal Loan,Medium,Good,3,50583,0.050570306852979904,2557.9978315442827,895.2992410404989,True,2024-10-10 18:20:41.255,2024-11-09 18:20:41.255,2024-11-05 18:20:41.255,-4.0,Early,True
19,Felix Odion,13,Segun Adekunle,2025-02-07 18:20:41.255,2025-02-09 18:20:41.255,Approved,Auto Loan,Low,Fair,2,96001,0.09597690979564129,9213.87931729136,3224.8577610519756,False,,,,,,True
3,Tunde Balogun,14,Halima Zubair,2024-11-21 18:20:41.255,2024-11-23 18:20:41.255,Approved,Auto Loan,High,Fair,2,80949,0.08092868689958821,6551.096275834766,2292.883696542168,False,,,,,,True
2,Chioma Nwosu,15,David Etim,2024-07-06 18:20:41.255,2024-07-08 18:20:41.255,Approved,Mortgage,High,Good,3,5177,0.0051757008990743324,26.79460355450782,9.378111244077736,True,2024-07-11 18:20:41.255,2024-08-10 18:20:41.255,2024-08-06 18:20:41.255,-4.0,Early,True
8,Ngozi Okonkwo,16,Osas Igbinedion,2025-02-04 18:20:41.255,2025-02-06 18:20:41.255,Approved,Mortgage,Low,Fair,2,90287,0.09026434364974391,8149.696795104428,2852.39387828655,True,2025-02-09 18:20:41.255,2025-03-11 18:20:41.255,2025-03-07 18:20:41.255,-4.0,Early,True
9,Ibrahim Danjuma,17,Musa Garba,2024-08-02 18:20:41.255,2024-08-04 18:20:41.255,Approved,Personal Loan,Low,Fair,2,8856,0.008853777701796848,78.40905532711288,27.443169364489506,False,,,,,,True
7,Segun Oladipo,18,Bose Alabi,2024-11-29 18:20:41.255,2024-12-01 18:20:41.255,Approved,Mortgage,High,Fair,2,57823,0.057808490068992684,3342.660321259364,1169.9311124407773,True,2024-12-04 18:20:41.255,2025-01-03 18:20:41.255,2024-12-30 18:20:41.255,-4.0,Early,True
15,Gbenga Adesina,19,Uche Okoro,2024-11-14 18:20:41.255,2024-11-16 18:20:41.255,Approved,Personal Loan,Medium,Good,3,19734,0.019729048008949753,389.3330334086144,136.26656169301503,False,,,,,,True
16,Chika Umeh,20,Amaka Nwachukwu,2024-05-24 18:20:41.255,2024-05-26 18:20:41.255,Approved,Personal Loan,Medium,Fair,2,70004,0.06998643340521529,4899.330284098692,1714.765599434542,True,2024-05-29 18:20:41.255,2024-06-28 18:20:41.255,2024-06-24 18:20:41.255,-4.0,Early,True
17,Rasheed Lawal,21,Chinedu Obinna,2024-10-27 18:20:41.255,2024-10-29 18:20:41.255,Approved,Mortgage,Medium,Fair,2,13667,0.013663570443818602,186.74001725566882,65.35900603948409,False,,,,,,True
15,Gbenga Adesina,22,Yetunde Bankole,2024-12-12 18:20:41.255,2024-12-14 18:20:41.255,Approved,Auto Loan,Medium,Excellent,4,98692,0.09866723452413444,9737.666709655876,3408.1833483795563,True,2024-12-17 18:20:41.255,2025-01-16 18:20:41.255,2025-01-12 18:20:41.255,-4.0,Early,True
19,Felix Odion,23,Ibrahim Suleiman,2024-08-14 18:20:41.255,2024-08-16 18:20:41.255,Approved,Mortgage,Low,Excellent,4,57621,0.057606540758269674,3319.346485032257,1161.77126976129,True,2024-08-19 18:20:41.255,2024-09-18 18:20:41.255,2024-09-14 18:20:41.255,-4.0,Early,True
16,Chika Umeh,24,Funmi Adeyemo,2024-10-16 18:20:41.255,2024-10-18 18:20:41.255,Approved,Auto Loan,High,Fair,2,63161,0.06314515056720763,3988.3108549754006,1395.9087992413902,True,2024-10-21 18:20:41.255,2024-11-20 18:20:41.255,2024-11-16 18:20:41.255,-4.0,Early,True
4,Aisha Mohammed,25,Gbenga Olatunji,2024-11-24 18:20:41.255,2024-11-26 18:20:41.255,Approved,Auto Loan,High,Fair,2,37693,0.037683541431100795,1420.4057271624822,497.1420045068687,True,2024-11-29 18:20:41.255,2024-12-29 18:20:41.255,2024-12-25 18:20:41.255,-4.0,Early,True
13,Bola Akinwunmi,26,Zainab Lawal,2024-07-23 18:20:41.255,2024-07-25 18:20:41.255,Approved,Mortgage,Medium,Fair,2,51806,0.05179299995701079,2683.188155772901,939.1158545205153,True,2024-07-28 18:20:41.255,2024-08-27 18:20:41.255,2024-08-23 18:20:41.255,-4.0,Early,True
8,Ngozi Okonkwo,27,Chuka Obi,2024-08-14 18:20:41.255,2024-08-16 18:20:41.255,Approved,Personal Loan,Medium,Fair,2,46961,0.046949215746847545,2204.7821206877074,771.6737422406976,False,,,,,,True
17,Rasheed Lawal,28,Hassan Abdulkareem,2024-06-21 18:20:41.255,2024-06-23 18:20:41.255,Approved,Auto Loan,Medium,Fair,2,51906,0.05189297486330931,2693.556753254933,942.7448636392265,True,2024-06-26 18:20:41.255,2024-07-26 18:20:41.255,2024-07-22 18:20:41.255,-4.0,Early,True
7,Segun Oladipo,29,Adaeze Okeke,2024-11-29 18:20:41.255,2024-12-01 18:20:41.255,Approved,Personal Loan,Medium,Fair,2,12968,0.012964745848791953,168.12682416713406,58.844388458496915,False,,,,,,True
3,Tunde Balogun,30,Emmanuel Udoh,2024-11-20 18:20:41.255,2024-11-22 18:20:41.255,Approved,Mortgage,Low,Fair,2,21963,0.021957488670343743,482.25232366675965,168.78831328336588,True,2024-11-25 18:20:41.255,2024-12-25 18:20:41.255,2024-12-21 18:20:41.255,-4.0,Early,True
5,Obinna Eze,31,Florence Agbaje,2024-12-31 18:20:41.255,2025-01-02 18:20:41.255,Approved,Personal Loan,High,Good,3,62055,0.06203942810354601,3849.856710965548,1347.4498488379415,False,,,,,,True
7,Segun Oladipo,32,Babatunde Aluko,2024-12-17 18:20:41.255,2024-12-19 18:20:41.255,Approved,Personal Loan,High,Excellent,4,81649,0.08162851124367784,6664.886314535052,2332.710210087268,True,2024-12-22 18:20:41.255,2025-01-21 18:20:41.255,2025-01-17 18:20:41.255,-4.0,Early,True
11,Kemi Adebanjo,33,Nkechi Nwosu,2024-09-23 18:20:41.255,2024-09-25 18:20:41.255,Approved,Personal Loan,Low,Good,3,34449,0.03444035547077683,1186.4358056127912,415.25253196447693,False,,,,,,True
19,Felix Odion,34,Samuel Ekong,2025-02-02 18:20:41.255,2025-02-04 18:20:41.255,Approved,Personal Loan,Low,Fair,2,42373,0.042362367045871485,1795.0205788347125,628.2572025921494,True,2025-02-07 18:20:41.255,2025-03-09 18:20:41.255,2025-03-05 18:20:41.255,-4.0,Early,True
3,Tunde Balogun,35,Aminat Bello,2024-11-20 18:20:41.255,2024-11-22 18:20:41.255,Approved,Mortgage,Low,Good,3,52183,0.05216990535375621,2722.3821710750603,952.8337598762711,True,2024-11-25 18:20:41.255,2024-12-25 18:20:41.255,2024-12-21 18:20:41.255,-4.0,Early,True
19,Felix Odion,36,Christopher Chisom,2024-03-30 18:20:41.255,2024-04-01 18:20:41.255,Approved,Personal Loan,High,Fair,2,54429,0.05441534174922095,2961.772636068347,1036.6204226239213,True,2024-04-04 18:20:41.255,2024-05-04 18:20:41.255,2024-04-30 18:20:41.255,-4.0,Early,False
15,Gbenga Adesina,37,Patience Ogbodo,2025-02-27 18:20:41.255,2025-03-01 18:20:41.255,Approved,Mortgage,Medium,Good,3,20138,0.02013294663039577,405.43727924291,141.90304773501848,False,,,,,,True
10,Chinedu Opara,38,Umar Dikko,2024-03-29 18:20:41.255,2024-03-31 18:20:41.255,Approved,Mortgage,Low,Fair,2,52318,0.05230487147725921,2736.4862659472474,957.7701930815365,True,2024-04-03 18:20:41.255,2024-05-03 18:20:41.255,2024-04-29 18:20:41.255,-4.0,Early,False
13,Bola Akinwunmi,39,Adebisi Ogunleye,2024-06-14 18:20:41.255,2024-06-16 18:20:41.255,Approved,Personal Loan,High,Fair,2,79300,0.07928010069472563,6286.911985091742,2200.4191947821096,True,2024-06-19 18:20:41.255,2024-07-19 18:20:41.255,2024-07-15 18:20:41.255,-4.0,Early,True
13,Bola Akinwunmi,40,Blessing Umeh,2024-11-05 18:20:41.255,2024-11-07 18:20:41.255,Approved,Personal Loan,Low,Good,3,80110,0.08008989743574363,6416.001683577422,2245.6005892520975,True,2024-11-10 18:20:41.255,2024-12-10 18:20:41.255,2024-12-06 18:20:41.255,-4.0,Early,True
11,Kemi Adebanjo,41,Laraine Medendorp,2024-06-21 18:20:41.255,2024-06-23 18:20:41.255,Approved,Auto Loan,Low,Excellent,4,89886,0.08986344427548686,8077.465552146412,2827.112943251244,False,,,,,,False
20,Adewale Ogunleye,42,Eli Bockman,2024-04-18 18:20:41.255,2024-04-20 18:20:41.255,Approved,Auto Loan,High,Good,3,93577,0.09355351806696519,8754.457560152401,3064.0601460533403,False,,,,,,True
9,Ibrahim Danjuma,43,Arlin Dearle,2024-03-08 18:20:41.255,2024-03-10 18:20:41.255,Approved,Auto Loan,Low,Fair,2,16714,0.01670980583873448,279.28769478860806,97.75069317601282,True,2024-03-13 18:20:41.255,2024-04-12 18:20:41.255,2024-04-08 18:20:41.255,-4.0,Early,False
18,Amaka Obi,44,Sheila-kathryn Calton,2025-02-28 18:20:41.255,2025-03-02 18:20:41.255,Approved,Personal Loan,Low,Fair,2,10900,0.01089726478653858,118.78018617327051,41.573065160644674,True,2025-03-05 18:20:41.255,2025-04-04 18:20:41.255,2025-03-31 18:20:41.255,-4.0,Early,True
10,Chinedu Opara,45,Curr Duckhouse,2024-07-10 18:20:41.255,2024-07-12 18:20:41.255,Approved,Mortgage,Low,Fair,2,72641,0.07262277168430724,5275.390757919762,1846.3867652719166,False,,,,,,True
4,Aisha Mohammed,46,Fina Merali,2025-02-28 18:20:41.255,2025-03-02 18:20:41.255,Approved,Auto Loan,Medium,Fair,2,46594,0.046582307840731974,2170.4560515310654,759.6596180358729,True,2025-03-05 18:20:41.255,2025-04-04 18:20:41.255,2025-03-31 18:20:41.255,-4.0,Early,True
5,Obinna Eze,47,Rod Inder,2024-12-24 18:20:41.255,2024-12-26 18:20:41.255,Approved,Auto Loan,High,Good,3,68331,0.06831385322284107,4667.953904569953,1633.7838665994834,True,2024-12-29 18:20:41.255,2025-01-28 18:20:41.255,2025-01-24 18:20:41.255,-4.0,Early,True
13,Bola Akinwunmi,48,Mala Lind,2024-10-22 18:20:41.255,2024-10-24 18:20:41.255,Approved,Personal Loan,Medium,Fair,2,66233,0.06621637968869813,4385.709475921543,1534.99831657254,True,2024-10-27 18:20:41.255,2024-11-26 18:20:41.255,2024-11-22 18:20:41.255,-4.0,Early,True
13,Bola Akinwunmi,49,Fiorenze Birdall,2024-07-01 18:20:41.255,2024-07-03 18:20:41.255,Approved,Auto Loan,High,Fair,2,47728,0.04771602327815718,2277.390359019886,797.0866256569601,True,2024-07-06 18:20:41.255,2024-08-05 18:20:41.255,2024-08-01 18:20:41.255,-4.0,Early,True
2,Chioma Nwosu,50,Uriah Bisatt,2024-04-24 18:20:41.255,2024-04-26 18:20:41.255,Approved,Mortgage,Low,Fair,2,12947,0.012943751118469264,167.58274573082156,58.653961005787544,True,2024-04-29 18:20:41.255,2024-05-29 18:20:41.255,2024-05-25 18:20:41.255,-4.0,Early,True
19,Felix Odion,51,Sawyere Flattman,2024-04-02 18:20:41.255,2024-04-04 18:20:41.255,Approved,Auto Loan,Low,Fair,2,90991,0.09096816699008549,8277.284482594869,2897.049568908204,True,2024-04-07 18:20:41.255,2024-05-07 18:20:41.255,2024-05-03 18:20:41.255,-4.0,Early,True
9,Ibrahim Danjuma,52,Gabriele Norcross,2024-12-10 18:20:41.255,2024-12-12 18:20:41.255,Approved,Personal Loan,Low,Excellent,4,27929,0.02792199158011339,779.8333028409869,272.9416559943454,True,2024-12-15 18:20:41.255,2025-01-14 18:20:41.255,2025-01-10 18:20:41.255,-4.0,Early,True
4,Aisha Mohammed,53,Rayshell Kitteman,2024-03-15 18:20:41.255,2024-03-17 18:20:41.255,Approved,Mortgage,Medium,Fair,2,29612,0.02960456925311747,876.6505047233145,306.82767665316004,False,,,,,,False
13,Bola Akinwunmi,54,Erroll Radage,2024-03-15 18:20:41.255,2024-03-17 18:20:41.255,Approved,Mortgage,Medium,Good,3,44817,0.044805753755807295,2008.0594660740155,702.8208131259054,True,2024-03-20 18:20:41.255,2024-04-19 18:20:41.255,2024-04-15 18:20:41.255,-4.0,Early,True
8,Ngozi Okonkwo,55,Harlin Parr,2024-12-18 18:20:41.255,2024-12-20 18:20:41.255,Approved,Personal Loan,Medium,Excellent,4,74159,0.07414039076191876,5498.1772385131335,1924.3620334795967,True,2024-12-23 18:20:41.255,2025-01-22 18:20:41.255,2025-01-18 18:20:41.255,-4.0,Early,True
1,Emeka Okafor,56,Heath Faraday,2024-04-16 18:20:41.255,2024-04-18 18:20:41.255,Approved,Auto Loan,Low,Good,3,43307,0.04329613267069966,1875.0256175699901,656.2589661494965,True,2024-04-21 18:20:41.255,2024-05-21 18:20:41.255,2024-05-17 18:20:41.255,-4.0,Early,False
10,Chinedu Opara,57,Marjie Neasham,2024-11-13 18:20:41.255,2024-11-15 18:20:41.255,Approved,Personal Loan,High,Fair,2,59017,0.059002190450197,3482.1322737992764,1218.7462958297467,True,2024-11-18 18:20:41.255,2024-12-18 18:20:41.255,2024-12-14 18:20:41.255,-4.0,Early,True
1,Emeka Okafor,58,Sorcha Keyson,2025-03-02 18:20:41.255,2025-03-04 18:20:41.255,Approved,Personal Loan,High,Good,3,87978,0.08795592306331111,7738.186199263985,2708.3651697423948,True,2025-03-07 18:20:41.255,2025-04-06 18:20:41.255,2025-04-02 18:20:41.255,-4.0,Early,True
5,Obinna Eze,59,Basile Firth,2024-05-07 18:20:41.255,2024-05-09 18:20:41.255,Approved,Mortgage,Medium,Fair,2,95864,0.09583994417401233,9187.600408297518,3215.660142904131,True,2024-05-12 18:20:41.255,2024-06-11 18:20:41.255,2024-06-07 18:20:41.255,-4.0,Early,True
19,Felix Odion,60,Mile Cammocke,2024-06-24 18:20:41.255,2024-06-26 18:20:41.255,Approved,Personal Loan,Medium,Fair,2,30070,0.030062454323964684,903.978001521618,316.3923005325663,False,,,,,,True
14,Zainab Suleiman,61,Deeanne Durtnell,2024-03-12 18:20:41.255,2024-03-14 18:20:41.255,Approved,Auto Loan,Medium,Excellent,4,26838,0.02683126535239655,720.0974995276185,252.03412483466647,True,2024-03-17 18:20:41.255,2024-04-16 18:20:41.255,2024-04-12 18:20:41.255,-4.0,Early,True
1,Emeka Okafor,62,Olav Polak,2024-12-26 18:20:41.255,2024-12-28 18:20:41.255,Approved,Auto Loan,Low,Good,3,29303,0.029295646792655044,858.4503379651708,300.45761828780974,False,,,,,,True
16,Chika Umeh,63,Kim Skpsey,2024-05-19 18:20:41.255,2024-05-21 18:20:41.255,Approved,Personal Loan,High,Fair,2,65294,0.06527761531855504,4262.236614609733,1491.7828151134065,True,2024-05-24 18:20:41.255,2024-06-23 18:20:41.255,2024-06-19 18:20:41.255,-4.0,Early,True
10,Chinedu Opara,64,Geoff Assaf,2024-04-12 18:20:41.255,2024-04-14 18:20:41.255,Approved,Personal Loan,Medium,Good,3,55172,0.055158155303018944,3043.185744378161,1065.1150105323563,False,,,,,,False
10,Chinedu Opara,65,Trixi Ginnelly,2025-03-05 18:20:41.255,2025-03-07 18:20:41.255,Approved,Mortgage,High,Good,3,90683,0.09066024427868605,8221.342931924088,2877.4700261734306,False,,,,,,True
9,Ibrahim Danjuma,66,Garvin Klees,2024-04-24 18:20:41.255,2024-04-26 18:20:41.255,Approved,Personal Loan,Medium,Fair,2,95380,0.09535606562752749,9095.061539553571,3183.27153884375,True,2024-04-29 18:20:41.255,2024-05-29 18:20:41.255,2024-05-25 18:20:41.255,-4.0,Early,True
6,Funke Adeyemi,67,Fee Zellmer,2024-08-27 18:20:41.255,2024-08-29 18:20:41.255,Approved,Mortgage,High,Fair,2,97452,0.0974275456860328,9494.509182195268,3323.0782137683436,False,,,,,,True
2,Chioma Nwosu,68,Mona Sancraft,2024-09-12 18:20:41.255,2024-09-14 18:20:41.255,Approved,Auto Loan,High,Fair,2,69717,0.06969950542413854,4859.240419654667,1700.7341468791333,True,2024-09-17 18:20:41.255,2024-10-17 18:20:41.255,2024-10-13 18:20:41.255,-4.0,Early,True
10,Chinedu Opara,69,Darrick Helleckas,2024-07-25 18:20:41.255,2024-07-27 18:20:41.255,Approved,Mortgage,Low,Good,3,64947,0.06493070239369918,4217.054328363581,1475.969014927253,False,,,,,,True
19,Felix Odion,70,Star Praton,2024-11-18 18:20:41.255,2024-11-20 18:20:41.255,Approved,Auto Loan,High,Fair,2,65555,0.06553854982399418,4296.379633711938,1503.7328717991784,False,,,,,,True
12,Yakubu Bello,71,Marion Vanichkin,2024-03-19 18:20:41.255,2024-03-21 18:20:41.255,Approved,Personal Loan,Low,Good,3,49521,0.04950857334808963,2451.7140607707465,858.0999212697612,False,,,,,,True
19,Felix Odion,72,Ernst Hacon,2024-07-30 18:20:41.255,2024-08-01 18:20:41.255,Approved,Mortgage,Medium,Good,3,69681,0.06966351445787107,4854.223350938914,1698.97817282862,False,,,,,,True
2,Chioma Nwosu,73,Jephthah Bachmann,2024-12-06 18:20:41.255,2024-12-08 18:20:41.255,Approved,Personal Loan,Low,Good,3,73205,0.07318663015583089,5357.6272605576005,1875.16954119516,False,,,,,,True
7,Segun Oladipo,74,Margaretha Strettle,2024-04-27 18:20:41.255,2024-04-29 18:20:41.255,Approved,Personal Loan,High,Fair,2,20327,0.02032189920329997,413.0832451054785,144.57913578691748,True,2024-05-02 18:20:41.255,2024-06-01 18:20:41.255,2024-05-28 18:20:41.255,-4.0,Early,True
12,Yakubu Bello,75,Lurette Stonnell,2024-10-03 18:20:41.255,2024-10-05 18:20:41.255,Approved,Mortgage,Low,Fair,2,88133,0.08811088416807382,7765.47655438485,2717.9167940346974,True,2024-10-08 18:20:41.255,2024-11-07 18:20:41.255,2024-11-03 18:20:41.255,-4.0,Early,True
10,Chinedu Opara,76,Laurie Dwerryhouse,2024-12-01 18:20:41.255,2024-12-03 18:20:41.255,Approved,Mortgage,Medium,Excellent,4,67177,0.06716014280415615,4511.616913154798,1579.065919604179,False,,,,,,True
11,Kemi Adebanjo,77,Cordi Merman,2024-09-30 18:20:41.255,2024-10-02 18:20:41.255,Approved,Mortgage,High,Excellent,4,15675,0.015671066562292866,245.64396836394067,85.97538892737923,True,2024-10-05 18:20:41.255,2024-11-04 18:20:41.255,2024-10-31 18:20:41.255,-4.0,Early,True
12,Yakubu Bello,78,Hunfredo Smalley,2024-10-21 18:20:41.255,2024-10-23 18:20:41.255,Approved,Mortgage,Low,Good,3,91199,0.0911761147951864,8315.170493206206,2910.309672622172,True,2024-10-26 18:20:41.255,2024-11-25 18:20:41.255,2024-11-21 18:20:41.255,-4.0,Early,True
11,Kemi Adebanjo,79,Tomasine Jerche,2024-08-04 18:20:41.255,2024-08-06 18:20:41.255,Approved,Personal Loan,Low,Fair,2,48936,0.04892372014624329,2394.131169076562,837.9459091767966,True,2024-08-09 18:20:41.255,2024-09-08 18:20:41.255,2024-09-04 18:20:41.255,-4.0,Early,True
4,Aisha Mohammed,80,Basilius Coupe,2024-09-24 18:20:41.255,2024-09-26 18:20:41.255,Approved,Mortgage,Low,Fair,2,16836,0.01683177522441867,283.37976767831276,99.18291868740945,False,,,,,,True
1,Emeka Okafor,81,Chiquita Durnall,2025-01-16 18:20:41.255,2025-01-18 18:20:41.255,Approved,Auto Loan,Medium,Excellent,4,11768,0.011765046973209724,138.45107278073203,48.45787547325621,True,2025-01-21 18:20:41.255,2025-02-20 18:20:41.255,2025-02-16 18:20:41.255,-4.0,Early,True
12,Yakubu Bello,82,Indira Belt,2024-08-16 18:20:41.255,2024-08-18 18:20:41.255,Approved,Personal Loan,High,Good,3,87838,0.08781595819449318,7713.578135887892,2699.7523475607622,True,2024-08-21 18:20:41.255,2024-09-20 18:20:41.255,2024-09-16 18:20:41.255,-4.0,Early,True
11,Kemi Adebanjo,83,Neron Verick,2024-11-29 18:20:41.255,2024-12-01 18:20:41.255,Approved,Auto Loan,Medium,Fair,2,71075,0.07105716465167243,5050.387977617618,1767.6357921661663,True,2024-12-04 18:20:41.255,2025-01-03 18:20:41.255,2024-12-30 18:20:41.255,-4.0,Early,True
1,Emeka Okafor,84,Trace Woodhead,2024-10-21 18:20:41.255,2024-10-23 18:20:41.255,Approved,Personal Loan,Low,Excellent,4,95888,0.09586393815152397,9192.201301473331,3217.2704555156656,True,2024-10-26 18:20:41.255,2024-11-25 18:20:41.255,2024-11-21 18:20:41.255,-4.0,Early,True
10,Chinedu Opara,85,Kaila Allin,2025-01-03 18:20:41.255,2025-01-05 18:20:41.255,Approved,Personal Loan,Low,Good,3,39983,0.03997296678533688,1598.2391309781244,559.3836958423435,True,2025-01-08 18:20:41.255,2025-02-07 18:20:41.255,2025-02-03 18:20:41.255,-4.0,Early,True
4,Aisha Mohammed,86,Matthew Jeaycock,2024-07-07 18:20:41.255,2024-07-09 18:20:41.255,Approved,Auto Loan,Low,Good,3,80807,0.08078672253264431,6528.132687695389,2284.846440693386,False,,,,,,True
8,Ngozi Okonkwo,87,Rebbecca Casone,2024-11-02 18:20:41.255,2024-11-04 18:20:41.255,Approved,Personal Loan,Low,Good,3,91627,0.09160400739414407,8393.400385503239,2937.6901349261334,False,,,,,,True
10,Chinedu Opara,88,Nolly Ownsworth,2025-01-09 18:20:41.255,2025-01-11 18:20:41.255,Approved,Personal Loan,Medium,Fair,2,67077,0.06706016789785764,4498.194882084596,1574.3682087296086,False,,,,,,True
1,Emeka Okafor,89,Whitby Schapero,2024-12-10 18:20:41.255,2024-12-12 18:20:41.255,Approved,Auto Loan,Medium,Good,3,48424,0.048411848625994874,2344.295357865176,820.5033752528116,True,2024-12-15 18:20:41.255,2025-01-14 18:20:41.255,2025-01-10 18:20:41.255,-4.0,Early,True
13,Bola Akinwunmi,90,Fidelio Dilke,2024-09-21 18:20:41.255,2024-09-23 18:20:41.255,Approved,Personal Loan,Low,Good,3,31033,0.031025212671619423,962.8054248383655,336.9818986934279,False,,,,,,True
8,Ngozi Okonkwo,91,Curran Bentson,2024-03-17 18:20:41.255,2024-03-19 18:20:41.255,Approved,Mortgage,Medium,Fair,2,28674,0.028666804632037357,821.9919560190392,287.6971846066637,True,2024-03-22 18:20:41.255,2024-04-21 18:20:41.255,2024-04-17 18:20:41.255,-4.0,Early,False
13,Bola Akinwunmi,92,Agnella Gocke,2024-08-18 18:20:41.255,2024-08-20 18:20:41.255,Approved,Mortgage,High,Fair,2,82597,0.0825762733553878,6820.552450334965,2387.193357617238,True,2024-08-23 18:20:41.255,2024-09-22 18:20:41.255,2024-09-18 18:20:41.255,-4.0,Early,True
4,Aisha Mohammed,93,Loralyn Wonfor,2024-07-11 18:20:41.255,2024-07-13 18:20:41.255,Approved,Mortgage,High,Fair,2,64810,0.0647937367720702,4199.28208019787,1469.7487280692542,False,,,,,,False
20,Adewale Ogunleye,94,Linc Jillions,2024-04-23 18:20:41.255,2024-04-25 18:20:41.255,Approved,Auto Loan,Medium,Fair,2,23319,0.02331314839975166,543.639307533809,190.27375763683312,False,,,,,,False
4,Aisha Mohammed,95,Reese Ensor,2024-05-22 18:20:41.255,2024-05-24 18:20:41.255,Approved,Auto Loan,Medium,Excellent,4,98688,0.0986632355278825,9736.877387775668,3407.907085721484,True,2024-05-27 18:20:41.255,2024-06-26 18:20:41.255,2024-06-22 18:20:41.255,-4.0,Early,True
10,Chinedu Opara,96,Abba Masedon,2024-12-31 18:20:41.255,2025-01-02 18:20:41.255,Approved,Personal Loan,Medium,Fair,2,15865,0.01586101888426005,251.63506459878573,88.072272609575,True,2025-01-05 18:20:41.255,2025-02-04 18:20:41.255,2025-01-31 18:20:41.255,-4.0,Early,True
10,Chinedu Opara,97,Dalenna Pinnock,2024-10-01 18:20:41.255,2024-10-03 18:20:41.255,Approved,Mortgage,High,Excellent,4,78712,0.07869224824569034,6194.024243914778,2167.908485370172,False,,,,,,True
13,Bola Akinwunmi,98,Niki Heathcote,2024-05-31 18:20:41.255,2024-06-02 18:20:41.255,Approved,Mortgage,Low,Fair,2,31239,0.031231160978594373,975.6302378103096,341.47058323360835,True,2024-06-05 18:20:41.255,2024-07-05 18:20:41.255,2024-07-01 18:20:41.255,-4.0,Early,False
4,Aisha Mohammed,99,Nadiya Champerlen,2024-05-18 18:20:41.255,2024-05-20 18:20:41.255,Approved,Mortgage,Medium,Fair,2,85069,0.08504765303908719,7234.918796382109,2532.2215787337377,False,,,,,,True
14,Zainab Suleiman,100,Kacey Rowbottom,2025-01-13 18:20:41.255,2025-01-15 18:20:41.255,Approved,Personal Loan,Medium,Fair,2,25177,0.025170682158778147,633.7222647115574,221.80279264904507,True,2025-01-18 18:20:41.255,2025-02-17 18:20:41.255,2025-02-13 18:20:41.255,-4.0,Early,True
3,Tunde Balogun,101,Sorcha Roggers,2024-10-12 18:20:41.255,2024-10-14 18:20:41.255,Approved,Auto Loan,Medium,Fair,2,80486,0.08046580308342606,6476.37062697263,2266.7297194404205,True,2024-10-17 18:20:41.255,2024-11-16 18:20:41.255,2024-11-12 18:20:41.255,-4.0,Early,True
20,Adewale Ogunleye,102,Ebony Zini,2024-08-17 18:20:41.255,2024-08-19 18:20:41.255,Approved,Auto Loan,High,Excellent,4,99586,0.0995610101864432,9914.882760427132,3470.208966149496,False,,,,,,True
1,Emeka Okafor,103,Gerek Yve,2024-05-17 18:20:41.255,2024-05-19 18:20:41.255,Approved,Auto Loan,Medium,Fair,2,85613,0.08559151652935114,7327.746504627339,2564.7112766195687,True,2024-05-22 18:20:41.255,2024-06-21 18:20:41.255,2024-06-17 18:20:41.255,-4.0,Early,True
17,Rasheed Lawal,104,Yale Tanser,2024-08-07 18:20:41.255,2024-08-09 18:20:41.255,Approved,Auto Loan,Medium,Excellent,4,22705,0.022699302475078755,515.3876626966631,180.38568194383208,True,2024-08-12 18:20:41.255,2024-09-11 18:20:41.255,2024-09-07 18:20:41.255,-4.0,Early,True
8,Ngozi Okonkwo,105,Anselm Gawne,2024-08-21 18:20:41.255,2024-08-23 18:20:41.255,Approved,Mortgage,Medium,Fair,2,31397,0.031389121330546034,985.5242424151538,344.93348484530384,False,,,,,,True
19,Felix Odion,106,Dahlia Eddoes,2024-05-01 18:20:41.255,2024-05-03 18:20:41.255,Approved,Auto Loan,Low,Fair,2,99121,0.09909612687215509,9822.507191694885,3437.87751709321,True,2024-05-06 18:20:41.255,2024-06-05 18:20:41.255,2024-06-01 18:20:41.255,-4.0,Early,True
14,Zainab Suleiman,107,Heidi Milner,2024-11-23 18:20:41.255,2024-11-25 18:20:41.255,Approved,Mortgage,High,Excellent,4,56870,0.0568557292119678,3233.3853202846085,1131.684862099613,True,2024-11-28 18:20:41.255,2024-12-28 18:20:41.255,2024-12-24 18:20:41.255,-4.0,Early,True
12,Yakubu Bello,108,Foster Vannoort,2024-07-28 18:20:41.255,2024-07-30 18:20:41.255,Approved,Auto Loan,Medium,Excellent,4,79839,0.07981896543967464,6372.666381738183,2230.433233608364,True,2024-08-02 18:20:41.255,2024-09-01 18:20:41.255,2024-08-28 18:20:41.255,-4.0,Early,True
4,Aisha Mohammed,109,Hoyt Glavias,2024-11-28 18:20:41.255,2024-11-30 18:20:41.255,Approved,Auto Loan,Low,Excellent,4,98917,0.09889217806330611,9782.11757748805,3423.7411521208173,True,2024-12-03 18:20:41.255,2025-01-02 18:20:41.255,2024-12-29 18:20:41.255,-4.0,Early,True
4,Aisha Mohammed,110,Sammy Cheese,2024-08-12 18:20:41.255,2024-08-14 18:20:41.255,Approved,Personal Loan,Low,Fair,2,38042,0.038032453854082625,1446.8306095170112,506.3907133309539,False,,,,,,True
16,Chika Umeh,111,Minette Worters,2024-08-16 18:20:41.255,2024-08-18 18:20:41.255,Approved,Personal Loan,High,Fair,2,77667,0.07764751047487081,6030.6491960517915,2110.7272186181267,False,,,,,,True
8,Ngozi Okonkwo,112,Pansy Kiddie,2025-02-21 18:20:41.255,2025-02-23 18:20:41.255,Approved,Auto Loan,Medium,Fair,2,16081,0.016076964681864852,258.5336690490687,90.48678416717404,True,2025-02-26 18:20:41.255,2025-03-28 18:20:41.255,2025-03-24 18:20:41.255,-4.0,Early,True
4,Aisha Mohammed,113,Dollie Sealy,2024-12-21 18:20:41.255,2024-12-23 18:20:41.255,Approved,Auto Loan,Medium,Fair,2,79215,0.07919512202437189,6273.441591160619,2195.7045569062166,True,2024-12-26 18:20:41.255,2025-01-25 18:20:41.255,2025-01-21 18:20:41.255,-4.0,Early,True
12,Yakubu Bello,114,Rea Hasser,2024-04-24 18:20:41.255,2024-04-26 18:20:41.255,Approved,Personal Loan,Low,Good,3,28918,0.028910743403405745,836.0408777396874,292.6143072088906,True,2024-04-29 18:20:41.255,2024-05-29 18:20:41.255,2024-05-25 18:20:41.255,-4.0,Early,True
3,Tunde Balogun,115,Shermie Andrin,2025-02-11 18:20:41.255,2025-02-13 18:20:41.255,Approved,Auto Loan,Low,Fair,2,96940,0.0969156741657844,9395.00545363114,3288.251908770899,False,,,,,,True
13,Bola Akinwunmi,116,Arch Van der Kruis,2025-02-01 18:20:41.255,2025-02-03 18:20:41.255,Approved,Mortgage,Low,Fair,2,75352,0.0753330913940601,5676.499102725216,1986.7746859538256,False,,,,,,True
4,Aisha Mohammed,117,Tybi Silliman,2025-01-01 18:20:41.255,2025-01-03 18:20:41.255,Approved,Personal Loan,High,Excellent,4,38044,0.0380344533522086,1446.982743331424,506.44396016599836,True,2025-01-06 18:20:41.255,2025-02-05 18:20:41.255,2025-02-01 18:20:41.255,-4.0,Early,True
1,Emeka Okafor,118,Pablo Small,2024-04-07 18:20:41.255,2024-04-09 18:20:41.255,Approved,Mortgage,Low,Fair,2,62486,0.062470319949692626,3903.5204123764934,1366.2321443317726,True,2024-04-12 18:20:41.255,2024-05-12 18:20:41.255,2024-05-08 18:20:41.255,-4.0,Early,True
2,Chioma Nwosu,119,Bee Blazewicz,2025-01-05 18:20:41.255,2025-01-07 18:20:41.255,Approved,Personal Loan,Medium,Fair,2,49433,0.049420595430546936,2443.0082939182266,855.0529028713793,False,,,,,,True
20,Adewale Ogunleye,120,Gleda Cokely,2024-11-30 18:20:41.255,2024-12-02 18:20:41.255,Approved,Personal Loan,Medium,Fair,2,95384,0.09536006462377943,9095.824404074576,3183.5385414261013,False,,,,,,True
14,Zainab Suleiman,121,Kerr Simmell,2024-05-12 18:20:41.255,2024-05-14 18:20:41.255,Approved,Personal Loan,Low,Good,3,76483,0.07646380758429634,5848.181395469737,2046.8634884144078,True,2024-05-17 18:20:41.255,2024-06-16 18:20:41.255,2024-06-12 18:20:41.255,-4.0,Early,True
2,Chioma Nwosu,122,Rich Mathiasen,2024-10-18 18:20:41.255,2024-10-20 18:20:41.255,Approved,Mortgage,High,Fair,2,92535,0.09251177954333463,8560.57752004247,2996.2021320148647,False,,,,,,True
20,Adewale Ogunleye,123,Kane Tixall,2025-02-01 18:20:41.255,2025-02-03 18:20:41.255,Approved,Personal Loan,High,Fair,2,35900,0.03589099136116835,1288.4865898659436,450.97030645308024,True,2025-02-06 18:20:41.255,2025-03-08 18:20:41.255,2025-03-04 18:20:41.255,-4.0,Early,True
2,Chioma Nwosu,124,Job Sleney,2024-10-14 18:20:41.255,2024-10-16 18:20:41.255,Approved,Auto Loan,Low,Excellent,4,98202,0.0981773574832717,9641.212859572246,3374.4245008502858,True,2024-10-19 18:20:41.255,2024-11-18 18:20:41.255,2024-11-14 18:20:41.255,-4.0,Early,True
8,Ngozi Okonkwo,125,Fields Langdon,2024-05-29 18:20:41.255,2024-05-31 18:20:41.255,Approved,Mortgage,Medium,Good,3,69920,0.06990245448392453,4887.579617516003,1710.652866130601,True,2024-06-03 18:20:41.255,2024-07-03 18:20:41.255,2024-06-29 18:20:41.255,-4.0,Early,False
12,Yakubu Bello,126,Malynda Tumber,2024-03-29 18:20:41.255,2024-03-31 18:20:41.255,Approved,Personal Loan,High,Good,3,61878,0.06186247251939763,3827.9260745552865,1339.77412609435,True,2024-04-03 18:20:41.255,2024-05-03 18:20:41.255,2024-04-29 18:20:41.255,-4.0,Early,False
3,Tunde Balogun,127,Benedicto Hoxey,2024-12-27 18:20:41.255,2024-12-29 18:20:41.255,Approved,Auto Loan,Low,Fair,2,74804,0.0747852289075442,5594.234263199936,1957.9819921199776,True,2025-01-01 18:20:41.255,2025-01-31 18:20:41.255,2025-01-27 18:20:41.255,-4.0,Early,True
12,Yakubu Bello,128,Cary Garron,2025-02-14 18:20:41.255,2025-02-16 18:20:41.255,Approved,Mortgage,Low,Excellent,4,34897,0.0348882430509942,1217.4950177505445,426.1232562126906,False,,,,,,True
16,Chika Umeh,129,Dylan Meaker,2024-03-23 18:20:41.255,2024-03-25 18:20:41.255,Approved,Mortgage,Medium,Excellent,4,9835,0.00983253203445935,96.70295255890771,33.846033395617695,False,,,,,,True
12,Yakubu Bello,130,Jodee Judkins,2024-03-15 18:20:41.255,2024-03-17 18:20:41.255,Approved,Auto Loan,Medium,Fair,2,96995,0.09697066036424858,9405.66920203029,3291.9842207106017,True,2024-03-20 18:20:41.255,2024-04-19 18:20:41.255,2024-04-15 18:20:41.255,-4.0,Early,False
6,Funke Adeyemi,131,Gordon Gowar,2024-04-28 18:20:41.255,2024-04-30 18:20:41.255,Approved,Auto Loan,Low,Fair,2,24882,0.024875756185197516,618.9585654000846,216.6354978900296,True,2024-05-03 18:20:41.255,2024-06-02 18:20:41.255,2024-05-29 18:20:41.255,-4.0,Early,False
5,Obinna Eze,132,Wallache Simchenko,2024-09-09 18:20:41.255,2024-09-11 18:20:41.255,Approved,Auto Loan,Medium,Fair,2,20106,0.020100954660380244,404.14979440160516,141.45242804056178,True,2024-09-14 18:20:41.255,2024-10-14 18:20:41.255,2024-10-10 18:20:41.255,-4.0,Early,True
11,Kemi Adebanjo,133,Nomi Mallinder,2024-09-02 18:20:41.255,2024-09-04 18:20:41.255,Approved,Personal Loan,Low,Fair,2,56032,0.056017939497186205,3138.7971859063373,1098.579015067218,True,2024-09-07 18:20:41.255,2024-10-07 18:20:41.255,2024-10-03 18:20:41.255,-4.0,Early,True
5,Obinna Eze,134,Heath Olford,2024-12-18 18:20:41.255,2024-12-20 18:20:41.255,Approved,Personal Loan,High,Fair,2,94483,0.09445929071802978,8924.797164911608,3123.6790077190626,True,2024-12-23 18:20:41.255,2025-01-22 18:20:41.255,2025-01-18 18:20:41.255,-4.0,Early,True
18,Amaka Obi,135,Arne Corain,2024-04-23 18:20:41.255,2024-04-25 18:20:41.255,Approved,Personal Loan,Low,Fair,2,92682,0.09265874265559344,8587.797586805711,3005.7291553819987,False,,,,,,True
6,Funke Adeyemi,136,Allianora Babalola,2024-10-03 18:20:41.255,2024-10-05 18:20:41.255,Approved,Personal Loan,High,Good,3,93551,0.09352752459132757,8749.593453043286,3062.35770856515,True,2024-10-08 18:20:41.255,2024-11-07 18:20:41.255,2024-11-03 18:20:41.255,-4.0,Early,True
9,Ibrahim Danjuma,137,Reggie Mulliner,2025-02-07 18:20:41.255,2025-02-09 18:20:41.255,Approved,Personal Loan,Low,Good,3,91650,0.09162700162259273,8397.614698710624,2939.165144548718,True,2025-02-12 18:20:41.255,2025-03-14 18:20:41.255,2025-03-10 18:20:41.255,-4.0,Early,True
16,Chika Umeh,138,Tripp Steed,2024-07-02 18:20:41.255,2024-07-04 18:20:41.255,Approved,Auto Loan,Medium,Good,3,76058,0.07603891423252764,5783.367738697587,2024.1787085441554,False,,,,,,True
14,Zainab Suleiman,139,Goran Kwietek,2024-12-31 18:20:41.255,2025-01-02 18:20:41.255,Approved,Mortgage,Low,Fair,2,51812,0.0517989984513887,2683.8097077633515,939.3333977171729,False,,,,,,True
1,Emeka Okafor,140,Langsdon Tranfield,2024-07-08 18:20:41.255,2024-07-10 18:20:41.255,Approved,Auto Loan,High,Fair,2,42346,0.042335373821170884,1792.7337398313023,627.4568089409557,False,,,,,,True
11,Kemi Adebanjo,141,Ethyl Runham,2024-08-13 18:20:41.255,2024-08-15 18:20:41.255,Approved,Mortgage,Medium,Excellent,4,52944,0.05293071439068794,2802.363742700582,980.8273099452036,False,,,,,,True
17,Rasheed Lawal,142,Odille Panketh,2025-01-18 18:20:41.255,2025-01-20 18:20:41.255,Approved,Mortgage,Low,Fair,2,16166,0.016161943352218593,261.2739762319658,91.44589168118802,False,,,,,,True
5,Obinna Eze,143,Maribeth Pristnor,2024-10-04 18:20:41.255,2024-10-06 18:20:41.255,Approved,Mortgage,Medium,Fair,2,33548,0.03353958156502718,1125.1858823435318,393.8150588202361,True,2024-10-09 18:20:41.255,2024-11-08 18:20:41.255,2024-11-04 18:20:41.255,-4.0,Early,True
19,Felix Odion,144,Pris Stallebrass,2024-09-20 18:20:41.255,2024-09-22 18:20:41.255,Approved,Mortgage,Medium,Good,3,98079,0.09805438834852452,9617.076354834937,3365.9767241922277,True,2024-09-25 18:20:41.255,2024-10-25 18:20:41.255,2024-10-21 18:20:41.255,-4.0,Early,True
16,Chika Umeh,145,Kayle Mingaud,2024-07-29 18:20:41.255,2024-07-31 18:20:41.255,Approved,Auto Loan,High,Fair,2,39560,0.039550072931694144,1564.6008851778204,547.6103098122371,True,2024-08-03 18:20:41.255,2024-09-02 18:20:41.255,2024-08-29 18:20:41.255,-4.0,Early,True
13,Bola Akinwunmi,146,Cody Blabey,2024-12-28 18:20:41.255,2024-12-30 18:20:41.255,Approved,Mortgage,Low,Fair,2,36292,0.03628289299385854,1316.7787525331141,460.8725633865899,True,2025-01-02 18:20:41.255,2025-02-01 18:20:41.255,2025-01-28 18:20:41.255,-4.0,Early,True
10,Chinedu Opara,147,Sascha St. Quintin,2024-04-14 18:20:41.255,2024-04-16 18:20:41.255,Approved,Auto Loan,Low,Excellent,4,32445,0.03243685834855451,1052.4138691188512,368.3448541915979,True,2024-04-19 18:20:41.255,2024-05-19 18:20:41.255,2024-05-15 18:20:41.255,-4.0,Early,True
14,Zainab Suleiman,148,Cele Evason,2024-05-29 18:20:41.255,2024-05-31 18:20:41.255,Approved,Auto Loan,Medium,Fair,2,5090,0.005088722730594621,25.90159869872662,9.065559544554317,True,2024-06-03 18:20:41.255,2024-07-03 18:20:41.255,2024-06-29 18:20:41.255,-4.0,Early,True
5,Obinna Eze,149,Shena Parren,2024-03-24 18:20:41.255,2024-03-26 18:20:41.255,Approved,Personal Loan,Medium,Fair,2,69986,0.06996843792208156,4896.8110964148,1713.88388374518,True,2024-03-29 18:20:41.255,2024-04-28 18:20:41.255,2024-04-24 18:20:41.255,-4.0,Early,False
14,Zainab Suleiman,150,Gage Nickless,2024-06-28 18:20:41.255,2024-06-30 18:20:41.255,Approved,Personal Loan,High,Fair,2,96810,0.0967857067875963,9369.824274107199,3279.4384959375193,False,,,,,,True
3,Tunde Balogun,151,Sunny Swindells,2024-12-11 18:20:41.255,2024-12-13 18:20:41.255,Approved,Mortgage,Low,Fair,2,82175,0.08215437925080804,6751.036114935151,2362.8626402273026,False,,,,,,True
20,Adewale Ogunleye,152,Alberik Mereweather,2024-11-16 18:20:41.255,2024-11-18 18:20:41.255,Approved,Personal Loan,Low,Excellent,4,83285,0.08326410071072161,6934.650627692449,2427.127719692357,True,2024-11-21 18:20:41.255,2024-12-21 18:20:41.255,2024-12-17 18:20:41.255,-4.0,Early,True
1,Emeka Okafor,153,Scottie Swiffen,2024-06-07 18:20:41.255,2024-06-09 18:20:41.255,Approved,Mortgage,Low,Excellent,4,94529,0.0945052791749271,8933.489535126684,3126.7213372943393,True,2024-06-12 18:20:41.255,2024-07-12 18:20:41.255,2024-07-08 18:20:41.255,-4.0,Early,True
13,Bola Akinwunmi,154,Nance Suttling,2024-09-14 18:20:41.255,2024-09-16 18:20:41.255,Approved,Personal Loan,High,Excellent,4,13017,0.013013733552878227,169.39976965781588,59.28991938023555,False,,,,,,True
1,Emeka Okafor,155,Prentice Pearmain,2024-10-21 18:20:41.255,2024-10-23 18:20:41.255,Approved,Personal Loan,Medium,Excellent,4,23156,0.023150189302485077,536.0657834883444,187.62302422092054,True,2024-10-26 18:20:41.255,2024-11-25 18:20:41.255,2024-11-21 18:20:41.255,-4.0,Early,True
3,Tunde Balogun,156,Willey Chastanet,2024-09-11 18:20:41.255,2024-09-13 18:20:41.255,Approved,Mortgage,Low,Fair,2,54955,0.05494120975635115,3019.2941821602776,1056.7529637560972,True,2024-09-16 18:20:41.255,2024-10-16 18:20:41.255,2024-10-12 18:20:41.255,-4.0,Early,True
14,Zainab Suleiman,157,Sloan Wagg,2024-06-07 18:20:41.255,2024-06-09 18:20:41.255,Approved,Auto Loan,High,Excellent,4,5107,0.005105718464665369,26.07490419904604,9.126216469666113,True,2024-06-12 18:20:41.255,2024-07-12 18:20:41.255,2024-07-08 18:20:41.255,-4.0,Early,False
17,Rasheed Lawal,158,Myles Pauncefort,2024-03-17 18:20:41.255,2024-03-19 18:20:41.255,Approved,Auto Loan,High,Fair,2,10874,0.010871271310900963,118.21420423473707,41.374971482157974,True,2024-03-22 18:20:41.255,2024-04-21 18:20:41.255,2024-04-17 18:20:41.255,-4.0,Early,False
9,Ibrahim Danjuma,159,Colver Itter,2024-10-13 18:20:41.255,2024-10-15 18:20:41.255,Approved,Personal Loan,High,Excellent,4,30901,0.030893245795305377,954.6321883207314,334.121265912256,False,,,,,,True
17,Rasheed Lawal,160,Almeta Kalinsky,2024-03-16 18:20:41.255,2024-03-18 18:20:41.255,Approved,Personal Loan,Medium,Fair,2,65169,0.0651526466856819,4245.932831859203,1486.076491150721,True,2024-03-21 18:20:41.255,2024-04-20 18:20:41.255,2024-04-16 18:20:41.255,-4.0,Early,False
8,Ngozi Okonkwo,161,Kath Cunney,2024-10-15 18:20:41.255,2024-10-17 18:20:41.255,Approved,Mortgage,Low,Fair,2,11875,0.01187202012294914,140.98023896002104,49.343083636007364,True,2024-10-20 18:20:41.255,2024-11-19 18:20:41.255,2024-11-15 18:20:41.255,-4.0,Early,True
7,Segun Oladipo,162,Darrelle Antoniewski,2024-07-17 18:20:41.255,2024-07-19 18:20:41.255,Approved,Auto Loan,Medium,Good,3,92505,0.09248178707144507,8555.027713044026,2994.259699565409,True,2024-07-22 18:20:41.255,2024-08-21 18:20:41.255,2024-08-17 18:20:41.255,-4.0,Early,True
3,Tunde Balogun,163,Norman Cliff,2024-11-24 18:20:41.255,2024-11-26 18:20:41.255,Approved,Auto Loan,Medium,Fair,2,94245,0.0942213504410393,8879.891172315749,3107.961910310512,False,,,,,,True
13,Bola Akinwunmi,164,Merrili Whitear,2024-11-25 18:20:41.255,2024-11-27 18:20:41.255,Approved,Mortgage,Low,Fair,2,38384,0.03837436803362356,1472.9617426026068,515.5366099109124,True,2024-11-30 18:20:41.255,2024-12-30 18:20:41.255,2024-12-26 18:20:41.255,-4.0,Early,True
4,Aisha Mohammed,165,Isidro Cypler,2024-07-05 18:20:41.255,2024-07-07 18:20:41.255,Approved,Personal Loan,High,Fair,2,47999,0.04798695527422617,2303.325866207582,806.1640531726536,True,2024-07-10 18:20:41.255,2024-08-09 18:20:41.255,2024-08-05 18:20:41.255,-4.0,Early,True
15,Gbenga Adesina,166,Weidar Silkstone,2024-06-09 18:20:41.255,2024-06-11 18:20:41.255,Approved,Auto Loan,Low,Good,3,64218,0.06420188532678298,4122.916671915349,1443.020835170372,True,2024-06-14 18:20:41.255,2024-07-14 18:20:41.255,2024-07-10 18:20:41.255,-4.0,Early,True
18,Amaka Obi,167,Raddy Delete,2024-03-18 18:20:41.255,2024-03-20 18:20:41.255,Approved,Mortgage,Medium,Fair,2,33081,0.033072698752613094,1094.0779474351937,382.92728160231775,True,2024-03-23 18:20:41.255,2024-04-22 18:20:41.255,2024-04-18 18:20:41.255,-4.0,Early,False
17,Rasheed Lawal,168,Jana Renyard,2024-08-17 18:20:41.255,2024-08-19 18:20:41.255,Approved,Personal Loan,High,Fair,2,67942,0.06792495083733983,4614.957009790543,1615.23495342669,True,2024-08-22 18:20:41.255,2024-09-21 18:20:41.255,2024-09-17 18:20:41.255,-4.0,Early,True
14,Zainab Suleiman,169,Celesta Willavoys,2024-03-16 18:20:41.255,2024-03-18 18:20:41.255,Approved,Mortgage,High,Fair,2,22183,0.022177433464200487,491.9620065363594,172.18670228772578,True,2024-03-21 18:20:41.255,2024-04-20 18:20:41.255,2024-04-16 18:20:41.255,-4.0,Early,False
5,Obinna Eze,170,Eldridge Fiddeman,2024-04-02 18:20:41.255,2024-04-04 18:20:41.255,Approved,Auto Loan,Low,Good,3,16636,0.016631825411821632,276.68704755106467,96.84046664287263,True,2024-04-07 18:20:41.255,2024-05-07 18:20:41.255,2024-05-03 18:20:41.255,-4.0,Early,False
12,Yakubu Bello,171,Merna McCulloch,2024-10-06 18:20:41.255,2024-10-08 18:20:41.255,Approved,Personal Loan,Medium,Good,3,45246,0.04523464610382794,2046.6867976137992,716.3403791648296,False,,,,,,True
20,Adewale Ogunleye,172,Rosalia Sigart,2024-03-20 18:20:41.255,2024-03-22 18:20:41.255,Approved,Mortgage,Medium,Good,3,82854,0.08283320886457499,6863.062687265496,2402.071940542923,True,2024-03-25 18:20:41.255,2024-04-24 18:20:41.255,2024-04-20 18:20:41.255,-4.0,Early,False
19,Felix Odion,173,Mel Bennet,2024-10-30 18:20:41.255,2024-11-01 18:20:41.255,Approved,Auto Loan,Medium,Excellent,4,6697,0.006695319474811823,44.838554522814775,15.69349408298517,True,2024-11-04 18:20:41.255,2024-12-04 18:20:41.255,2024-11-30 18:20:41.255,-4.0,Early,True
11,Kemi Adebanjo,174,Vaughn Artin,2024-08-10 18:20:41.255,2024-08-12 18:20:41.255,Approved,Personal Loan,Medium,Excellent,4,22318,0.022312399587703487,497.9681339983664,174.28884689942822,True,2024-08-15 18:20:41.255,2024-09-14 18:20:41.255,2024-09-10 18:20:41.255,-4.0,Early,True
12,Yakubu Bello,175,Onofredo Franc,2024-09-07 18:20:41.255,2024-09-09 18:20:41.255,Approved,Personal Loan,Low,Good,3,61086,0.06107067126151336,3730.563024680805,1305.6970586382818,False,,,,,,True
7,Segun Oladipo,176,Morrie Flaxon,2024-04-08 18:20:41.255,2024-04-10 18:20:41.255,Approved,Personal Loan,Medium,Fair,2,10212,0.010209437431204768,104.25877504746309,36.49057126661208,False,,,,,,True
6,Funke Adeyemi,177,Townsend Trobe,2024-12-07 18:20:41.255,2024-12-09 18:20:41.255,Approved,Personal Loan,High,Good,3,60159,0.06014390388012609,3618.1971135245053,1266.3689897335769,True,2024-12-12 18:20:41.255,2025-01-11 18:20:41.255,2025-01-07 18:20:41.255,-4.0,Early,True
8,Ngozi Okonkwo,178,Bentley Fortesquieu,2024-03-25 18:20:41.255,2024-03-27 18:20:41.255,Approved,Personal Loan,Low,Good,3,13848,0.013844525024218922,191.71898253538362,67.10164388738426,False,,,,,,True
12,Yakubu Bello,179,Kendall Figg,2025-02-22 18:20:41.255,2025-02-24 18:20:41.255,Approved,Personal Loan,Low,Fair,2,43490,0.043479086749225945,1890.9054827238363,661.8169189533427,True,2025-02-27 18:20:41.255,2025-03-29 18:20:41.255,2025-03-25 18:20:41.255,-4.0,Early,True
15,Gbenga Adesina,180,Jory Barrabeale,2024-07-28 18:20:41.255,2024-07-30 18:20:41.255,Approved,Mortgage,Low,Fair,2,80338,0.08031784022210425,6452.574647763411,2258.4011267171936,True,2024-08-02 18:20:41.255,2024-09-01 18:20:41.255,2024-08-28 18:20:41.255,-4.0,Early,True
4,Aisha Mohammed,181,Filippo Ferrara,2024-06-19 18:20:41.255,2024-06-21 18:20:41.255,Approved,Personal Loan,High,Good,3,34348,0.03433938081541533,1179.4890522478856,412.8211682867599,True,2024-06-24 18:20:41.255,2024-07-24 18:20:41.255,2024-07-20 18:20:41.255,-4.0,Early,True
13,Bola Akinwunmi,182,Ricoriki Matlock,2024-08-28 18:20:41.255,2024-08-30 18:20:41.255,Approved,Personal Loan,Medium,Fair,2,93939,0.09391542722776583,8822.321318349093,3087.8124614221824,False,,,,,,True
10,Chinedu Opara,183,Rea Pattrick,2024-05-13 18:20:41.255,2024-05-15 18:20:41.255,Approved,Mortgage,Medium,Excellent,4,37786,0.03777651809395842,1427.4235126983128,499.59822944440947,True,2024-05-18 18:20:41.255,2024-06-17 18:20:41.255,2024-06-13 18:20:41.255,-4.0,Early,True
12,Yakubu Bello,184,Jaquith Maffey,2024-11-12 18:20:41.255,2024-11-14 18:20:41.255,Approved,Mortgage,Medium,Fair,2,64635,0.0646187806860478,4176.6348896427,1461.8222113749448,True,2024-11-17 18:20:41.255,2024-12-17 18:20:41.255,2024-12-13 18:20:41.255,-4.0,Early,True
12,Yakubu Bello,185,Drucy Kausche,2024-05-06 18:20:41.255,2024-05-08 18:20:41.255,Approved,Mortgage,High,Good,3,84324,0.08430283998716322,7108.752679077551,2488.0634376771427,False,,,,,,False
6,Funke Adeyemi,186,Bradly Crosse,2024-09-07 18:20:41.255,2024-09-09 18:20:41.255,Approved,Personal Loan,High,Good,3,84114,0.08409289268393633,7073.38957521662,2475.6863513258168,True,2024-09-12 18:20:41.255,2024-10-12 18:20:41.255,2024-10-08 18:20:41.255,-4.0,Early,True
12,Yakubu Bello,187,Donnie Brimson,2024-09-20 18:20:41.255,2024-09-22 18:20:41.255,Approved,Personal Loan,Low,Excellent,4,57120,0.0571056664777141,3261.875669207029,1141.6564842224602,True,2024-09-25 18:20:41.255,2024-10-25 18:20:41.255,2024-10-21 18:20:41.255,-4.0,Early,True
14,Zainab Suleiman,188,Stephana Cardew,2024-03-08 18:20:41.255,2024-03-10 18:20:41.255,Approved,Personal Loan,High,Excellent,4,19726,0.019721050016445873,389.0174326244113,136.15610141854395,False,,,,,,False
3,Tunde Balogun,189,Lorilyn Walshe,2024-03-15 18:20:41.255,2024-03-17 18:20:41.255,Approved,Auto Loan,Medium,Fair,2,33030,0.03302171155040085,1090.7071325097402,381.74749637840904,True,2024-03-20 18:20:41.255,2024-04-19 18:20:41.255,2024-04-15 18:20:41.255,-4.0,Early,False
15,Gbenga Adesina,190,Faydra Dulieu,2024-03-14 18:20:41.255,2024-03-16 18:20:41.255,Approved,Personal Loan,Medium,Fair,2,72199,0.07218088259846779,5211.387542726776,1823.9856399543714,True,2024-03-19 18:20:41.255,2024-04-18 18:20:41.255,2024-04-14 18:20:41.255,-4.0,Early,False
12,Yakubu Bello,191,Orran Bogges,2024-12-15 18:20:41.255,2024-12-17 18:20:41.255,Approved,Auto Loan,High,Excellent,4,60599,0.06058379346783957,3671.3173003576103,1284.9610551251635,True,2024-12-20 18:20:41.255,2025-01-19 18:20:41.255,2025-01-15 18:20:41.255,-4.0,Early,True
2,Chioma Nwosu,192,Shayla Rimmington,2024-03-31 18:20:41.255,2024-04-02 18:20:41.255,Approved,Personal Loan,Medium,Excellent,4,40649,0.040638799661285016,1651.9265674315745,578.1742986010511,True,2024-04-05 18:20:41.255,2024-05-05 18:20:41.255,2024-05-01 18:20:41.255,-4.0,Early,False
4,Aisha Mohammed,193,Chad Houtby,2024-11-21 18:20:41.255,2024-11-23 18:20:41.255,Approved,Mortgage,High,Fair,2,85361,0.08533957976547886,7284.671868361041,2549.635153926364,True,2024-11-26 18:20:41.255,2024-12-26 18:20:41.255,2024-12-22 18:20:41.255,-4.0,Early,True
18,Amaka Obi,194,Hamlin Odams,2024-08-30 18:20:41.255,2024-09-01 18:20:41.255,Approved,Auto Loan,High,Good,3,12470,0.012466870815425328,155.46187906835382,54.411657673923834,False,,,,,,True
17,Rasheed Lawal,195,Arin Matskevich,2024-06-25 18:20:41.255,2024-06-27 18:20:41.255,Approved,Personal Loan,Low,Excellent,4,18728,0.018723300451586652,350.6499708573148,122.72748980006018,False,,,,,,True
8,Ngozi Okonkwo,196,Wake Durning,2025-01-03 18:20:41.255,2025-01-05 18:20:41.255,Approved,Mortgage,High,Good,3,46393,0.04638135827907195,2151.770354640985,753.1196241243447,True,2025-01-08 18:20:41.255,2025-02-07 18:20:41.255,2025-02-03 18:20:41.255,-4.0,Early,True
13,Bola Akinwunmi,197,Tadd Bloss,2024-09-22 18:20:41.255,2024-09-24 18:20:41.255,Approved,Mortgage,Low,Excellent,4,8036,0.008033983470148992,64.56109116611731,22.596381908141055,True,2024-09-27 18:20:41.255,2024-10-27 18:20:41.255,2024-10-23 18:20:41.255,-4.0,Early,True
14,Zainab Suleiman,198,Port Acuna,2024-09-30 18:20:41.255,2024-10-02 18:20:41.255,Approved,Mortgage,Low,Excellent,4,80022,0.08000191951820093,6401.913603685475,2240.669761289916,True,2024-10-05 18:20:41.255,2024-11-04 18:20:41.255,2024-10-31 18:20:41.255,-4.0,Early,True
19,Felix Odion,199,Kessia Helder,2024-08-09 18:20:41.255,2024-08-11 18:20:41.255,Approved,Auto Loan,Low,Fair,2,67669,0.06765201934314487,4577.94449693127,1602.2805739259443,True,2024-08-14 18:20:41.255,2024-09-13 18:20:41.255,2024-09-09 18:20:41.255,-4.0,Early,True
1,Emeka Okafor,200,Aarika Van Vuuren,2024-03-22 18:20:41.255,2024-03-24 18:20:41.255,Approved,Mortgage,Medium,Fair,2,76188,0.07616888161071571,5803.154752157208,2031.1041632550227,True,2024-03-27 18:20:41.255,2024-04-26 18:20:41.255,2024-04-22 18:20:41.255,-4.0,Early,True
17,Rasheed Lawal,201,Aldon Roelofs,2025-01-27 18:20:41.255,2025-01-29 18:20:41.255,Approved,Mortgage,Medium,Fair,2,41724,0.041713529903994094,1740.4553217142495,609.1593625999873,True,2025-02-01 18:20:41.255,2025-03-03 18:20:41.255,2025-02-27 18:20:41.255,-4.0,Early,True
19,Felix Odion,202,Elston Oleszczak,2024-05-26 18:20:41.255,2024-05-28 18:20:41.255,Approved,Personal Loan,High,Good,3,78083,0.07806340608507265,6095.424937340727,2133.3987280692545,True,2024-05-31 18:20:41.255,2024-06-30 18:20:41.255,2024-06-26 18:20:41.255,-4.0,Early,True
11,Kemi Adebanjo,203,Nathalie Tideswell,2024-07-17 18:20:41.255,2024-07-19 18:20:41.255,Approved,Mortgage,Low,Excellent,4,70967,0.07094919175287002,5035.0512911259275,1762.2679518940745,False,,,,,,True
1,Emeka Okafor,204,Reggie Broggetti,2024-05-16 18:20:41.255,2024-05-18 18:20:41.255,Approved,Personal Loan,High,Fair,2,47340,0.04732812064171893,2240.513231178974,784.1796309126408,False,,,,,,True
17,Rasheed Lawal,205,Alfy Bruhnke,2024-07-26 18:20:41.255,2024-07-28 18:20:41.255,Approved,Mortgage,Low,Fair,2,49460,0.04944758865524753,2445.677734888543,855.98720721099,True,2024-07-31 18:20:41.255,2024-08-30 18:20:41.255,2024-08-26 18:20:41.255,-4.0,Early,True
11,Kemi Adebanjo,206,Jammal Gever,2024-08-20 18:20:41.255,2024-08-22 18:20:41.255,Approved,Mortgage,High,Excellent,4,61879,0.06186347226846062,3828.0498005000745,1339.817430175026,True,2024-08-25 18:20:41.255,2024-09-24 18:20:41.255,2024-09-20 18:20:41.255,-4.0,Early,True
2,Chioma Nwosu,207,Halli Davidoff,2024-10-21 18:20:41.255,2024-10-23 18:20:41.255,Approved,Mortgage,Medium,Fair,2,83680,0.08365900159060076,7000.585253101472,2450.204838585515,True,2024-10-26 18:20:41.255,2024-11-25 18:20:41.255,2024-11-21 18:20:41.255,-4.0,Early,True
2,Chioma Nwosu,208,Hilton Carney,2024-03-20 18:20:41.255,2024-03-22 18:20:41.255,Approved,Auto Loan,Medium,Fair,2,44416,0.04440485438155023,1972.286012210935,690.3001042738272,False,,,,,,False
3,Tunde Balogun,209,Ebba Hanselmann,2024-07-13 18:20:41.255,2024-07-15 18:20:41.255,Approved,Mortgage,High,Good,3,12875,0.01287176918593433,165.7240282689045,58.00340989411657,True,2024-07-18 18:20:41.255,2024-08-17 18:20:41.255,2024-08-13 18:20:41.255,-4.0,Early,True
11,Kemi Adebanjo,210,Catie Tosspell,2024-03-27 18:20:41.255,2024-03-29 18:20:41.255,Approved,Personal Loan,High,Excellent,4,76945,0.0769256916513955,5919.047344116627,2071.666570440819,True,2024-04-01 18:20:41.255,2024-05-01 18:20:41.255,2024-04-27 18:20:41.255,-4.0,Early,True
1,Emeka Okafor,211,Templeton Hambrook,2024-06-15 18:20:41.255,2024-06-17 18:20:41.255,Approved,Mortgage,Medium,Fair,2,78524,0.07850429542184911,6164.47129370528,2157.564952796848,False,,,,,,True
5,Obinna Eze,212,Angelo Clayal,2025-01-30 18:20:41.255,2025-02-01 18:20:41.255,Approved,Personal Loan,Low,Excellent,4,50544,0.05053131663952348,2554.054868228075,893.9192038798262,True,2025-02-04 18:20:41.255,2025-03-06 18:20:41.255,2025-03-02 18:20:41.255,-4.0,Early,True
17,Rasheed Lawal,213,Ondrea Pablos,2024-07-29 18:20:41.255,2024-07-31 18:20:41.255,Approved,Auto Loan,High,Excellent,4,98856,0.09883119337046402,9770.056451830591,3419.5197581407065,False,,,,,,True
3,Tunde Balogun,214,Matthieu Bertelmot,2025-02-23 18:20:41.255,2025-02-25 18:20:41.255,Approved,Mortgage,Medium,Fair,2,86097,0.08607539507583596,7410.833289844249,2593.791651445487,True,2025-02-28 18:20:41.255,2025-03-30 18:20:41.255,2025-03-26 18:20:41.255,-4.0,Early,True
17,Rasheed Lawal,215,Esteban Sewill,2025-02-20 18:20:41.255,2025-02-22 18:20:41.255,Approved,Mortgage,High,Good,3,18224,0.018219426923842114,332.0308362600987,116.21079269103453,True,2025-02-25 18:20:41.255,2025-03-27 18:20:41.255,2025-03-23 18:20:41.255,-4.0,Early,True
9,Ibrahim Danjuma,216,Trisha Neasham,2024-11-11 18:20:41.255,2024-11-13 18:20:41.255,Approved,Mortgage,Low,Excellent,4,98447,0.09842229600370307,9689.379774676556,3391.2829211367944,True,2024-11-16 18:20:41.255,2024-12-16 18:20:41.255,2024-12-12 18:20:41.255,-4.0,Early,True
14,Zainab Suleiman,217,Pavla Braunle,2024-11-25 18:20:41.255,2024-11-27 18:20:41.255,Approved,Personal Loan,High,Fair,2,15849,0.015845022899252287,251.1277679302495,87.89471877558732,True,2024-11-30 18:20:41.255,2024-12-30 18:20:41.255,2024-12-26 18:20:41.255,-4.0,Early,True
11,Kemi Adebanjo,218,Lydon Dahlman,2024-03-11 18:20:41.255,2024-03-13 18:20:41.255,Approved,Auto Loan,Medium,Fair,2,22653,0.022647315523803526,513.0296385607213,179.56037349625245,False,,,,,,False
1,Emeka Okafor,219,Dannie Hissie,2024-12-11 18:20:41.255,2024-12-13 18:20:41.255,Approved,Auto Loan,High,Good,3,95281,0.09525709047029196,9076.190837099888,3176.6667929849605,True,2024-12-16 18:20:41.255,2025-01-15 18:20:41.255,2025-01-11 18:20:41.255,-4.0,Early,True
6,Funke Adeyemi,220,Nappie Paolo,2024-09-13 18:20:41.255,2024-09-15 18:20:41.255,Approved,Personal Loan,High,Good,3,68983,0.06896568961190741,4757.460166498209,1665.1110582743731,True,2024-09-18 18:20:41.255,2024-10-18 18:20:41.255,2024-10-14 18:20:41.255,-4.0,Early,True
4,Aisha Mohammed,221,Crosby Walcot,2024-06-22 18:20:41.255,2024-06-24 18:20:41.255,Approved,Auto Loan,Low,Good,3,46770,0.04675826367581737,2186.8839921179783,765.4093972412924,True,2024-06-27 18:20:41.255,2024-07-27 18:20:41.255,2024-07-23 18:20:41.255,-4.0,Early,True
15,Gbenga Adesina,222,Mireielle Jeppe,2025-02-27 18:20:41.255,2025-03-01 18:20:41.255,Approved,Auto Loan,Medium,Excellent,4,66065,0.06604842184611663,4363.488989263696,1527.2211462422933,True,2025-03-04 18:20:41.255,2025-04-03 18:20:41.255,2025-03-30 18:20:41.255,-4.0,Early,True
4,Aisha Mohammed,223,Pincas Ather,2025-02-09 18:20:41.255,2025-02-11 18:20:41.255,Approved,Mortgage,Low,Good,3,70684,0.07066626276804522,4994.974117496508,1748.240941123778,False,,,,,,True
17,Rasheed Lawal,224,Audry Seine,2024-05-27 18:20:41.255,2024-05-29 18:20:41.255,Approved,Mortgage,High,Fair,2,15788,0.01578403820641019,249.1983952028041,87.21943832098144,True,2024-06-01 18:20:41.255,2024-07-01 18:20:41.255,2024-06-27 18:20:41.255,-4.0,Early,True
10,Chinedu Opara,225,Umberto Torricella,2024-06-29 18:20:41.255,2024-07-01 18:20:41.255,Approved,Personal Loan,Low,Fair,2,59444,0.059429083300091674,3532.7024276906495,1236.4458496917273,False,,,,,,True
15,Gbenga Adesina,226,Hayley Girardengo,2024-09-26 18:20:41.255,2024-09-28 18:20:41.255,Approved,Auto Loan,Medium,Excellent,4,78542,0.07852229090498285,6167.297772259163,2158.554220290707,True,2024-10-01 18:20:41.255,2024-10-31 18:20:41.255,2024-10-27 18:20:41.255,-4.0,Early,True
6,Funke Adeyemi,227,Christopher Heining,2024-11-19 18:20:41.255,2024-11-21 18:20:41.255,Approved,Mortgage,Low,Fair,2,90643,0.09062025431616665,8214.091711980293,2874.932099193102,False,,,,,,True
4,Aisha Mohammed,228,Goldi Osler,2025-02-19 18:20:41.255,2025-02-21 18:20:41.255,Approved,Mortgage,High,Excellent,4,70076,0.07005841533775023,4909.413513208185,1718.2947296228645,True,2025-02-24 18:20:41.255,2025-03-26 18:20:41.255,2025-03-22 18:20:41.255,-4.0,Early,True
8,Ngozi Okonkwo,229,Foss Hardes,2025-02-07 18:20:41.255,2025-02-09 18:20:41.255,Approved,Personal Loan,Medium,Good,3,18364,0.01835939179266004,337.151870880409,118.00315480814314,True,2025-02-12 18:20:41.255,2025-03-14 18:20:41.255,2025-03-10 18:20:41.255,-4.0,Early,True
6,Funke Adeyemi,230,Ursala Ferrai,2024-06-20 18:20:41.255,2024-06-22 18:20:41.255,Approved,Auto Loan,Low,Fair,2,79428,0.07940806857478773,6307.22407075824,2207.5284247653835,True,2024-06-25 18:20:41.255,2024-07-25 18:20:41.255,2024-07-21 18:20:41.255,-4.0,Early,False
8,Ngozi Okonkwo,231,Talyah Rylatt,2024-10-31 18:20:41.255,2024-11-02 18:20:41.255,Approved,Auto Loan,Low,Excellent,4,43428,0.04341710230732086,1885.5179190023305,659.9312716508156,True,2024-11-05 18:20:41.255,2024-12-05 18:20:41.255,2024-12-01 18:20:41.255,-4.0,Early,True
16,Chika Umeh,232,Swen Odhams,2025-01-31 18:20:41.255,2025-02-02 18:20:41.255,Approved,Personal Loan,High,Fair,2,81191,0.08117062617283062,6590.324309598291,2306.6135083594017,True,2025-02-05 18:20:41.255,2025-03-07 18:20:41.255,2025-03-03 18:20:41.255,-4.0,Early,True
8,Ngozi Okonkwo,233,Vanya Gumb,2024-06-28 18:20:41.255,2024-06-30 18:20:41.255,Approved,Mortgage,Low,Excellent,4,44816,0.04480475400674431,2007.969855566253,702.7894494481885,True,2024-07-03 18:20:41.255,2024-08-02 18:20:41.255,2024-07-29 18:20:41.255,-4.0,Early,True
10,Chinedu Opara,234,Verla Alven,2024-04-25 18:20:41.255,2024-04-27 18:20:41.255,Approved,Mortgage,Medium,Good,3,31565,0.03155707917312754,996.0992040997709,348.6347214349198,False,,,,,,True
17,Rasheed Lawal,235,Hube Weald,2024-08-14 18:20:41.255,2024-08-16 18:20:41.255,Approved,Personal Loan,Medium,Good,3,27255,0.027248160711661373,742.6486201963307,259.92701706871577,True,2024-08-19 18:20:41.255,2024-09-18 18:20:41.255,2024-09-14 18:20:41.255,-4.0,Early,True
7,Segun Oladipo,236,Salem Huie,2024-10-20 18:20:41.255,2024-10-22 18:20:41.255,Approved,Auto Loan,High,Fair,2,17631,0.017626575729491896,310.77415668667163,108.77095484033507,True,2024-10-25 18:20:41.255,2024-11-24 18:20:41.255,2024-11-20 18:20:41.255,-4.0,Early,True
3,Tunde Balogun,237,Audie Pillinger,2024-07-18 18:20:41.255,2024-07-20 18:20:41.255,Approved,Mortgage,High,Fair,2,61716,0.06170051317119403,3807.9088708734107,1332.7681048056936,True,2024-07-23 18:20:41.255,2024-08-22 18:20:41.255,2024-08-18 18:20:41.255,-4.0,Early,True
12,Yakubu Bello,238,Donovan Conry,2024-03-23 18:20:41.255,2024-03-25 18:20:41.255,Approved,Mortgage,High,Excellent,4,85729,0.08570748742065741,7347.617189085539,2571.6660161799387,True,2024-03-28 18:20:41.255,2024-04-27 18:20:41.255,2024-04-23 18:20:41.255,-4.0,Early,False
12,Yakubu Bello,239,Thorny Hackworth,2024-09-24 18:20:41.255,2024-09-26 18:20:41.255,Approved,Auto Loan,Low,Fair,2,80873,0.08085270597080133,6538.8008899766155,2288.5803114918153,True,2024-09-29 18:20:41.255,2024-10-29 18:20:41.255,2024-10-25 18:20:41.255,-4.0,Early,True
18,Amaka Obi,240,Rolfe Kellard,2024-05-11 18:20:41.255,2024-05-13 18:20:41.255,Approved,Auto Loan,Low,Good,3,8088,0.008085970421424223,65.39932876847912,22.88976506896769,True,2024-05-16 18:20:41.255,2024-06-15 18:20:41.255,2024-06-11 18:20:41.255,-4.0,Early,True
18,Amaka Obi,241,Mari Chevolleau,2024-12-13 18:20:41.255,2024-12-15 18:20:41.255,Approved,Auto Loan,Medium,Excellent,4,66297,0.06628036362872919,4394.189267493859,1537.9662436228505,False,,,,,,True
16,Chika Umeh,242,Adena Whyman,2024-06-10 18:20:41.255,2024-06-12 18:20:41.255,Approved,Personal Loan,Medium,Good,3,36383,0.03637387015859019,1323.390517979987,463.1866812929954,True,2024-06-15 18:20:41.255,2024-07-15 18:20:41.255,2024-07-11 18:20:41.255,-4.0,Early,True
17,Rasheed Lawal,243,Rutter Excell,2024-03-16 18:20:41.255,2024-03-18 18:20:41.255,Approved,Auto Loan,Medium,Fair,2,92875,0.09285169422474959,8623.601101123619,3018.2603853932665,True,2024-03-21 18:20:41.255,2024-04-20 18:20:41.255,2024-04-16 18:20:41.255,-4.0,Early,False
16,Chika Umeh,244,Udall Bellard,2024-10-02 18:20:41.255,2024-10-04 18:20:41.255,Approved,Auto Loan,High,Excellent,4,64435,0.06441883087345077,4150.8273673308,1452.78957856578,False,,,,,,True
10,Chinedu Opara,245,Albrecht Thomasson,2024-03-26 18:20:41.255,2024-03-28 18:20:41.255,Approved,Personal Loan,Medium,Fair,2,87416,0.08739406408991343,7639.6395064838725,2673.8738272693554,True,2024-03-31 18:20:41.255,2024-04-30 18:20:41.255,2024-04-26 18:20:41.255,-4.0,Early,False
10,Chinedu Opara,246,Nanice Ellse,2024-06-11 18:20:41.255,2024-06-13 18:20:41.255,Approved,Personal Loan,High,Fair,2,11762,0.011759048478831814,138.30992820801978,48.40847487280692,False,,,,,,True
8,Ngozi Okonkwo,247,Lockwood Exroll,2024-10-05 18:20:41.255,2024-10-07 18:20:41.255,Approved,Personal Loan,High,Fair,2,46615,0.04660330257105467,2172.4129493497135,760.3445322723996,True,2024-10-10 18:20:41.255,2024-11-09 18:20:41.255,2024-11-05 18:20:41.255,-4.0,Early,True
8,Ngozi Okonkwo,248,Jeramie Cellier,2025-01-28 18:20:41.255,2025-01-30 18:20:41.255,Approved,Mortgage,Medium,Excellent,4,78671,0.07865125853410794,6187.573160136806,2165.650606047882,True,2025-02-02 18:20:41.255,2025-03-04 18:20:41.255,2025-02-28 18:20:41.255,-4.0,Early,True
8,Ngozi Okonkwo,249,Debera Foxworthy,2024-03-29 18:20:41.255,2024-03-31 18:20:41.255,Approved,Personal Loan,High,Excellent,4,78600,0.078580276350636,6176.409721159989,2161.743402405996,False,,,,,,True
19,Felix Odion,250,Cinderella Parcall,2025-01-24 18:20:41.255,2025-01-26 18:20:41.255,Approved,Personal Loan,High,Fair,2,70346,0.07032834758475623,4947.317939197262,1731.5612787190414,False,,,,,,True
19,Felix Odion,251,Jeralee Quartly,2024-08-26 18:20:41.255,2024-08-28 18:20:41.255,Approved,Mortgage,Low,Excellent,4,63702,0.06368601481028262,4056.9265154446234,1419.9242804056182,True,2024-08-31 18:20:41.255,2024-09-30 18:20:41.255,2024-09-26 18:20:41.255,-4.0,Early,True
20,Adewale Ogunleye,252,Stefa Dunnan,2024-08-12 18:20:41.255,2024-08-14 18:20:41.255,Approved,Auto Loan,Low,Good,3,65089,0.06507266676064308,4235.514806783497,1482.430182374224,True,2024-08-17 18:20:41.255,2024-09-16 18:20:41.255,2024-09-12 18:20:41.255,-4.0,Early,True
7,Segun Oladipo,253,Markus Mughal,2024-06-08 18:20:41.255,2024-06-10 18:20:41.255,Approved,Mortgage,Low,Fair,2,71298,0.07128010869271813,5082.129189573417,1778.7452163506957,True,2024-06-13 18:20:41.255,2024-07-13 18:20:41.255,2024-07-09 18:20:41.255,-4.0,Early,True
19,Felix Odion,254,Jeniffer Apark,2024-06-21 18:20:41.255,2024-06-23 18:20:41.255,Approved,Mortgage,High,Excellent,4,98108,0.09808338107135109,9622.764350148112,3367.967522551839,False,,,,,,True
9,Ibrahim Danjuma,255,Mara Bloore,2024-08-30 18:20:41.255,2024-09-01 18:20:41.255,Approved,Auto Loan,Medium,Fair,2,54118,0.05410441979063255,2928.0229902294527,1024.8080465803084,False,,,,,,True
9,Ibrahim Danjuma,256,Nev Larive,2025-02-11 18:20:41.255,2025-02-13 18:20:41.255,Approved,Personal Loan,Low,Excellent,4,69622,0.06960452926315495,4846.006536359374,1696.1022877257808,True,2025-02-16 18:20:41.255,2025-03-18 18:20:41.255,2025-03-14 18:20:41.255,-4.0,Early,True
11,Kemi Adebanjo,257,Ossie Meaton,2025-03-07 18:20:41.255,2025-03-09 18:20:41.255,Approved,Auto Loan,High,Good,3,94809,0.09478520891256295,8986.49087179118,3145.271805126913,True,2025-03-12 18:20:41.255,2025-04-11 18:20:41.255,2025-04-07 18:20:41.255,-4.0,Early,True
6,Funke Adeyemi,258,Morgun Girvan,2024-11-26 18:20:41.255,2024-11-28 18:20:41.255,Approved,Auto Loan,High,Fair,2,78377,0.0783573323095903,6141.412634428759,2149.4944220500656,False,,,,,,True
9,Ibrahim Danjuma,259,Brittaney Pring,2024-08-11 18:20:41.255,2024-08-13 18:20:41.255,Approved,Mortgage,Low,Fair,2,95091,0.09506713814832476,9040.02923366235,3164.0102317818223,True,2024-08-16 18:20:41.255,2024-09-15 18:20:41.255,2024-09-11 18:20:41.255,-4.0,Early,True
18,Amaka Obi,260,Bondie Letty,2024-08-02 18:20:41.255,2024-08-04 18:20:41.255,Approved,Auto Loan,Low,Excellent,4,96308,0.09628383275797775,9272.90336525532,3245.516177839362,True,2024-08-07 18:20:41.255,2024-09-06 18:20:41.255,2024-09-02 18:20:41.255,-4.0,Early,True
5,Obinna Eze,261,Wendall McKeand,2024-09-03 18:20:41.255,2024-09-05 18:20:41.255,Approved,Mortgage,High,Fair,2,34202,0.034193417452219495,1169.4832637008112,409.3191422952839,True,2024-09-08 18:20:41.255,2024-10-08 18:20:41.255,2024-10-04 18:20:41.255,-4.0,Early,True
13,Bola Akinwunmi,262,Lucia Pickervance,2024-06-07 18:20:41.255,2024-06-09 18:20:41.255,Approved,Auto Loan,High,Fair,2,25337,0.025330642008855778,641.8024765783788,224.63086680243256,True,2024-06-12 18:20:41.255,2024-07-12 18:20:41.255,2024-07-08 18:20:41.255,-4.0,Early,True
2,Chioma Nwosu,263,Vaughn Lambis,2024-03-23 18:20:41.255,2024-03-25 18:20:41.255,Approved,Auto Loan,Medium,Fair,2,73505,0.07348655487472644,5401.629216066767,1890.5702256233683,False,,,,,,False
7,Segun Oladipo,264,Maegan Scyone,2024-07-12 18:20:41.255,2024-07-14 18:20:41.255,Approved,Mortgage,High,Fair,2,58438,0.05842333574272857,3414.1428941335726,1194.9500129467503,True,2024-07-17 18:20:41.255,2024-08-16 18:20:41.255,2024-08-12 18:20:41.255,-4.0,Early,True
13,Bola Akinwunmi,265,Basile Winsor,2024-04-26 18:20:41.255,2024-04-28 18:20:41.255,Approved,Personal Loan,Medium,Good,3,62488,0.0624723194478186,3903.7702976552887,1366.319604179351,False,,,,,,True
11,Kemi Adebanjo,266,Zaria Koeppke,2024-11-12 18:20:41.255,2024-11-14 18:20:41.255,Approved,Personal Loan,High,Fair,2,65298,0.06528161431480699,4262.758851528267,1491.9655980348932,True,2024-11-17 18:20:41.255,2024-12-17 18:20:41.255,2024-12-13 18:20:41.255,-4.0,Early,True
4,Aisha Mohammed,267,Art Barwell,2025-01-26 18:20:41.255,2025-01-28 18:20:41.255,Approved,Personal Loan,Medium,Good,3,47591,0.047579057656528215,2264.3349329318344,792.5172265261419,True,2025-01-31 18:20:41.255,2025-03-02 18:20:41.255,2025-02-26 18:20:41.255,-4.0,Early,True
12,Yakubu Bello,268,Mead Alpes,2024-05-29 18:20:41.255,2024-05-31 18:20:41.255,Approved,Auto Loan,Medium,Excellent,4,52448,0.05243483885544728,2750.102428290499,962.5358499016746,False,,,,,,False
8,Ngozi Okonkwo,269,Leona Phateplace,2025-01-09 18:20:41.255,2025-01-11 18:20:41.255,Approved,Auto Loan,High,Excellent,4,19015,0.019010228432663402,361.4794936470946,126.5178227764831,False,,,,,,True
8,Ngozi Okonkwo,270,Tybalt Gillingwater,2024-08-21 18:20:41.255,2024-08-23 18:20:41.255,Approved,Auto Loan,High,Excellent,4,84162,0.08414088063895962,7081.464796336119,2478.512678717642,False,,,,,,True
10,Chinedu Opara,271,Reginald Dartan,2024-11-13 18:20:41.255,2024-11-15 18:20:41.255,Approved,Personal Loan,High,Fair,2,71148,0.07113014633327035,5060.767651319518,1771.2686779618314,False,,,,,,True
12,Yakubu Bello,272,Max Bilborough,2024-05-11 18:20:41.255,2024-05-13 18:20:41.255,Approved,Mortgage,Low,Excellent,4,28610,0.028602820692006307,818.3266999983005,286.41434499940516,True,2024-05-16 18:20:41.255,2024-06-15 18:20:41.255,2024-06-11 18:20:41.255,-4.0,Early,True
14,Zainab Suleiman,273,Wells Pressman,2024-03-30 18:20:41.255,2024-04-01 18:20:41.255,Approved,Personal Loan,Medium,Fair,2,92786,0.0927627165581439,8607.08141856394,3012.4784964973787,True,2024-04-04 18:20:41.255,2024-05-04 18:20:41.255,2024-04-30 18:20:41.255,-4.0,Early,False
9,Ibrahim Danjuma,274,Gavin Fawks,2025-01-26 18:20:41.255,2025-01-28 18:20:41.255,Approved,Mortgage,High,Good,3,10222,0.01021943492183462,104.46306377099349,36.562072319847715,False,,,,,,True
18,Amaka Obi,275,Quillan Duigan,2024-07-02 18:20:41.255,2024-07-04 18:20:41.255,Approved,Personal Loan,High,Excellent,4,57530,0.05751556359353802,3308.8703735362424,1158.1046307376848,True,2024-07-07 18:20:41.255,2024-08-06 18:20:41.255,2024-08-02 18:20:41.255,-4.0,Early,True
20,Adewale Ogunleye,276,Taite Droghan,2024-12-13 18:20:41.255,2024-12-15 18:20:41.255,Approved,Mortgage,High,Excellent,4,22235,0.022229420415475716,494.2711629381025,172.99490702833586,False,,,,,,True
16,Chika Umeh,277,Barbara Croxley,2025-03-08 18:20:41.255,2025-03-10 18:20:41.255,Approved,Mortgage,Low,Fair,2,81013,0.08099267083961925,6561.459242730074,2296.5107349555255,True,2025-03-13 18:20:41.255,2025-04-12 18:20:41.255,2025-04-08 18:20:41.255,-4.0,Early,True
8,Ngozi Okonkwo,278,Germayne Sperry,2025-03-02 18:20:41.255,2025-03-04 18:20:41.255,Approved,Personal Loan,Medium,Good,3,25524,0.025517595083634007,651.3110969146744,227.95888392013603,True,2025-03-07 18:20:41.255,2025-04-06 18:20:41.255,2025-04-02 18:20:41.255,-4.0,Early,True
10,Chinedu Opara,279,Noell Grahlmans,2024-05-16 18:20:41.255,2024-05-18 18:20:41.255,Approved,Mortgage,Medium,Excellent,4,47106,0.04709417936098039,2218.4184129783425,776.4464445424198,False,,,,,,False
6,Funke Adeyemi,280,Binny Whight,2024-12-07 18:20:41.255,2024-12-09 18:20:41.255,Approved,Mortgage,Low,Excellent,4,81578,0.08155752906020589,6653.300105673476,2328.6550369857164,True,2024-12-12 18:20:41.255,2025-01-11 18:20:41.255,2025-01-07 18:20:41.255,-4.0,Early,True
3,Tunde Balogun,281,Kristal Joysey,2024-06-02 18:20:41.255,2024-06-04 18:20:41.255,Approved,Personal Loan,Medium,Fair,2,11441,0.011438129029613567,130.86363422780883,45.802271979733085,False,,,,,,True
15,Gbenga Adesina,282,Inger Eskell,2024-05-11 18:20:41.255,2024-05-13 18:20:41.255,Approved,Personal Loan,High,Fair,2,43385,0.0433741130976125,1881.7858967399184,658.6250638589714,False,,,,,,True
2,Chioma Nwosu,283,D'arcy Slay,2024-11-05 18:20:41.255,2024-11-07 18:20:41.255,Approved,Auto Loan,Low,Good,3,89449,0.08942655393496232,7999.115822928445,2799.6905380249555,True,2024-11-10 18:20:41.255,2024-12-10 18:20:41.255,2024-12-06 18:20:41.255,-4.0,Early,True
3,Tunde Balogun,284,Anthea Ruskin,2024-04-10 18:20:41.255,2024-04-12 18:20:41.255,Approved,Auto Loan,Low,Excellent,4,40104,0.04009393642195809,1607.9272262662073,562.7745291931725,False,,,,,,False
11,Kemi Adebanjo,285,Amalee Choak,2024-10-25 18:20:41.255,2024-10-27 18:20:41.255,Approved,Mortgage,Low,Fair,2,50571,0.05055830986422408,2556.784288143676,894.8745008502865,True,2024-10-30 18:20:41.255,2024-11-29 18:20:41.255,2024-11-25 18:20:41.255,-4.0,Early,True
10,Chinedu Opara,286,Barbie Rubi,2025-02-02 18:20:41.255,2025-02-04 18:20:41.255,Approved,Mortgage,Medium,Good,3,45253,0.045241644347268836,2047.3201316469567,716.5620460764349,False,,,,,,True
9,Ibrahim Danjuma,287,Keeley Kruger,2024-12-29 18:20:41.255,2024-12-31 18:20:41.255,Approved,Mortgage,High,Fair,2,24483,0.024476856309066423,599.2668730148732,209.7434055552056,True,2025-01-03 18:20:41.255,2025-02-02 18:20:41.255,2025-01-29 18:20:41.255,-4.0,Early,True
4,Aisha Mohammed,288,Linell Beadle,2025-01-20 18:20:41.255,2025-01-22 18:20:41.255,Approved,Auto Loan,Medium,Fair,2,34157,0.03414842874438516,1166.4078806219638,408.2427582176873,True,2025-01-25 18:20:41.255,2025-02-24 18:20:41.255,2025-02-20 18:20:41.255,-4.0,Early,True
5,Obinna Eze,289,Othella Keher,2025-01-17 18:20:41.255,2025-01-19 18:20:41.255,Approved,Auto Loan,Medium,Good,3,78708,0.07868824924943839,6193.394721924797,2167.688152673679,True,2025-01-22 18:20:41.255,2025-02-21 18:20:41.255,2025-02-17 18:20:41.255,-4.0,Early,True
3,Tunde Balogun,290,Venita Dymick,2024-12-30 18:20:41.255,2025-01-01 18:20:41.255,Approved,Auto Loan,High,Excellent,4,16886,0.01688176267756793,285.0654445734121,99.77290560069423,True,2025-01-04 18:20:41.255,2025-02-03 18:20:41.255,2025-01-30 18:20:41.255,-4.0,Early,True
18,Amaka Obi,291,Farand Marriner,2024-03-17 18:20:41.255,2024-03-19 18:20:41.255,Approved,Mortgage,Medium,Fair,2,7897,0.00789501835039405,62.346959913061816,21.821435969571635,False,,,,,,False
20,Adewale Ogunleye,292,Marve Pryn,2024-06-21 18:20:41.255,2024-06-23 18:20:41.255,Approved,Personal Loan,Medium,Fair,2,83306,0.0832850954410443,6938.148160811636,2428.3518562840727,True,2024-06-26 18:20:41.255,2024-07-26 18:20:41.255,2024-07-22 18:20:41.255,-4.0,Early,True
19,Felix Odion,293,Cordie Petrelli,2024-11-16 18:20:41.255,2024-11-18 18:20:41.255,Approved,Auto Loan,Medium,Fair,2,75094,0.07507515613580991,5637.69377486251,1973.1928212018781,True,2024-11-21 18:20:41.255,2024-12-21 18:20:41.255,2024-12-17 18:20:41.255,-4.0,Early,True
13,Bola Akinwunmi,294,Tonia Leigh,2025-01-05 18:20:41.255,2025-01-07 18:20:41.255,Approved,Personal Loan,Medium,Fair,2,33253,0.03324465559144655,1105.4845323823722,386.91958633383024,True,2025-01-10 18:20:41.255,2025-02-09 18:20:41.255,2025-02-05 18:20:41.255,-4.0,Early,True
7,Segun Oladipo,295,Jedd Spiby,2024-07-20 18:20:41.255,2024-07-22 18:20:41.255,Approved,Auto Loan,High,Fair,2,21410,0.021404627438512933,458.2730734585619,160.39557571049664,False,,,,,,True
15,Gbenga Adesina,296,Pennie Stoile,2024-04-22 18:20:41.255,2024-04-24 18:20:41.255,Approved,Auto Loan,High,Fair,2,72072,0.07205391446746867,5193.069723499402,1817.5744032247906,True,2024-04-27 18:20:41.255,2024-05-27 18:20:41.255,2024-05-23 18:20:41.255,-4.0,Early,True
2,Chioma Nwosu,297,Lelia Garatty,2024-04-25 18:20:41.255,2024-04-27 18:20:41.255,Approved,Auto Loan,Low,Fair,2,9603,0.009600590251846786,92.19446818848468,32.26806386596964,False,,,,,,True
8,Ngozi Okonkwo,298,Edgar Buckler,2024-09-08 18:20:41.255,2024-09-10 18:20:41.255,Approved,Mortgage,Medium,Fair,2,56308,0.05629387023857012,3169.7952453934063,1109.4283358876921,False,,,,,,True
6,Funke Adeyemi,299,Kacie Kidston,2025-01-12 18:20:41.255,2025-01-14 18:20:41.255,Approved,Mortgage,High,Fair,2,29141,0.029133687444451443,848.9847858187595,297.1446750365658,True,2025-01-17 18:20:41.255,2025-02-16 18:20:41.255,2025-02-12 18:20:41.255,-4.0,Early,True
1,Emeka Okafor,300,Zacherie Grindley,2024-12-21 18:20:41.255,2024-12-23 18:20:41.255,Approved,Personal Loan,Low,Fair,2,72261,0.07224286704037286,5220.341815204383,1827.119635321534,False,,,,,,True
13,Bola Akinwunmi,301,Auberta Roundtree,2024-12-21 18:20:41.255,2024-12-23 18:20:41.255,Approved,Auto Loan,Medium,Fair,2,34349,0.034340380564478315,1179.5577320092657,412.845206203243,True,2024-12-26 18:20:41.255,2025-01-25 18:20:41.255,2025-01-21 18:20:41.255,-4.0,Early,True
18,Amaka Obi,302,Doll Burtwell,2024-04-25 18:20:41.255,2024-04-27 18:20:41.255,Approved,Auto Loan,Low,Fair,2,36472,0.036462847825195877,1329.872985880544,465.4555450581904,False,,,,,,True
14,Zainab Suleiman,303,Arlie Crean,2025-03-06 18:20:41.255,2025-03-08 18:20:41.255,Approved,Mortgage,Low,Fair,2,14857,0.014853271828770978,220.6750595600504,77.23627084601765,True,2025-03-11 18:20:41.255,2025-04-10 18:20:41.255,2025-04-06 18:20:41.255,-4.0,Early,True
13,Bola Akinwunmi,304,Nevile Abraham,2024-03-31 18:20:41.255,2024-04-02 18:20:41.255,Approved,Personal Loan,Medium,Fair,2,17512,0.01750760559099666,306.5931891095335,107.30761618833672,True,2024-04-05 18:20:41.255,2024-05-05 18:20:41.255,2024-05-01 18:20:41.255,-4.0,Early,False
2,Chioma Nwosu,305,Tessi Hesse,2025-02-18 18:20:41.255,2025-02-20 18:20:41.255,Approved,Personal Loan,Medium,Fair,2,7234,0.00723218472163487,52.31762427630665,18.311168496707328,True,2025-02-23 18:20:41.255,2025-03-25 18:20:41.255,2025-03-21 18:20:41.255,-4.0,Early,True
13,Bola Akinwunmi,306,Goldi Dwine,2024-06-23 18:20:41.255,2024-06-25 18:20:41.255,Approved,Auto Loan,High,Fair,2,37181,0.03717166991085238,1382.0798589554022,483.7279506343907,True,2024-06-28 18:20:41.255,2024-07-28 18:20:41.255,2024-07-24 18:20:41.255,-4.0,Early,True
9,Ibrahim Danjuma,307,Jehanna Alvarado,2024-08-09 18:20:41.255,2024-08-11 18:20:41.255,Approved,Auto Loan,Low,Good,3,35162,0.035153176552685274,1236.0559939455195,432.6195978809318,False,,,,,,True
4,Aisha Mohammed,308,Sydney Georger,2024-06-17 18:20:41.255,2024-06-19 18:20:41.255,Approved,Auto Loan,Low,Excellent,4,32581,0.0325728242211205,1061.255185948327,371.4393150819144,False,,,,,,True
20,Adewale Ogunleye,309,Tamera Hinckes,2024-09-28 18:20:41.255,2024-09-30 18:20:41.255,Approved,Mortgage,Low,Fair,2,8423,0.008420886357524261,70.92912578942685,24.825194026299396,True,2024-10-03 18:20:41.255,2024-11-02 18:20:41.255,2024-10-29 18:20:41.255,-4.0,Early,True
1,Emeka Okafor,310,Welch MacAllaster,2025-01-19 18:20:41.255,2025-01-21 18:20:41.255,Approved,Mortgage,Low,Good,3,55804,0.05578999671082558,3113.3049764509105,1089.6567417578185,False,,,,,,True
7,Segun Oladipo,311,Jeanette Sizzey,2025-01-19 18:20:41.255,2025-01-21 18:20:41.255,Approved,Personal Loan,Medium,Excellent,4,32051,0.032042957217738345,1027.0088217857317,359.45308762500605,False,,,,,,True
3,Tunde Balogun,312,Lauren Curcher,2024-09-07 18:20:41.255,2024-09-09 18:20:41.255,Approved,Mortgage,Medium,Fair,2,96101,0.09607688470193981,9233.084696741118,3231.579643859391,True,2024-09-12 18:20:41.255,2024-10-12 18:20:41.255,2024-10-08 18:20:41.255,-4.0,Early,True
1,Emeka Okafor,313,Sari Noye,2025-01-17 18:20:41.255,2025-01-19 18:20:41.255,Approved,Auto Loan,Low,Fair,2,59233,0.059218136247801804,3507.6678643660443,1227.6837525281155,True,2025-01-22 18:20:41.255,2025-02-21 18:20:41.255,2025-02-17 18:20:41.255,-4.0,Early,True
2,Chioma Nwosu,314,Seth Moorman,2025-01-10 18:20:41.255,2025-01-12 18:20:41.255,Approved,Mortgage,High,Fair,2,24973,0.024966733349929167,623.494231947781,218.22298118172336,False,,,,,,True
2,Chioma Nwosu,315,Julee Janovsky,2024-12-28 18:20:41.255,2024-12-30 18:20:41.255,Approved,Mortgage,Medium,Fair,2,28115,0.028107944905828637,790.2548710273721,276.5892048595802,False,,,,,,True
17,Rasheed Lawal,316,Kiley Canaan,2024-05-02 18:20:41.255,2024-05-04 18:20:41.255,Approved,Mortgage,Low,Fair,2,99910,0.0998849288828504,9979.503244685584,3492.8261356399544,True,2024-05-07 18:20:41.255,2024-06-06 18:20:41.255,2024-06-02 18:20:41.255,-4.0,Early,True
13,Bola Akinwunmi,317,Hannie Wodham,2024-09-11 18:20:41.255,2024-09-13 18:20:41.255,Approved,Personal Loan,High,Excellent,4,33954,0.03394547968459916,1152.58481721088,403.4046860238079,False,,,,,,True
10,Chinedu Opara,318,Ebenezer Seedman,2024-08-29 18:20:41.255,2024-08-31 18:20:41.255,Approved,Personal Loan,Medium,Fair,2,84225,0.08420386482992769,7092.070515300659,2482.2246803552307,True,2024-09-03 18:20:41.255,2024-10-03 18:20:41.255,2024-09-29 18:20:41.255,-4.0,Early,True
16,Chika Umeh,319,Modestia Lithgow,2024-09-16 18:20:41.255,2024-09-18 18:20:41.255,Approved,Personal Loan,Low,Excellent,4,56428,0.056413840126128344,3183.32017063717,1114.1620597230094,True,2024-09-21 18:20:41.255,2024-10-21 18:20:41.255,2024-10-17 18:20:41.255,-4.0,Early,True
14,Zainab Suleiman,320,Giorgio Kevane,2024-06-09 18:20:41.255,2024-06-11 18:20:41.255,Approved,Personal Loan,Low,Good,3,30013,0.030005468627374528,900.5541299133916,315.19394546968704,True,2024-06-14 18:20:41.255,2024-07-14 18:20:41.255,2024-07-10 18:20:41.255,-4.0,Early,True
6,Funke Adeyemi,321,Aime Burston,2024-12-16 18:20:41.255,2024-12-18 18:20:41.255,Approved,Personal Loan,Medium,Excellent,4,67241,0.06722412674418721,4520.217506405892,1582.076127242062,True,2024-12-21 18:20:41.255,2025-01-20 18:20:41.255,2025-01-16 18:20:41.255,-4.0,Early,True
18,Amaka Obi,322,Gelya Gerant,2024-05-15 18:20:41.255,2024-05-17 18:20:41.255,Approved,Personal Loan,High,Fair,2,70330,0.07031235159974847,4945.06768801031,1730.7736908036084,True,2024-05-20 18:20:41.255,2024-06-19 18:20:41.255,2024-06-15 18:20:41.255,-4.0,Early,True
2,Chioma Nwosu,323,Virgilio Willcocks,2025-01-24 18:20:41.255,2025-01-26 18:20:41.255,Approved,Personal Loan,Medium,Fair,2,34568,0.03455932560927207,1194.646767661317,418.1263686814609,True,2025-01-29 18:20:41.255,2025-02-28 18:20:41.255,2025-02-24 18:20:41.255,-4.0,Early,True
8,Ngozi Okonkwo,324,Magnum Slowan,2024-07-20 18:20:41.255,2024-07-22 18:20:41.255,Approved,Auto Loan,Low,Excellent,4,87139,0.08711713359946653,7591.299904723914,2656.9549666533694,True,2024-07-25 18:20:41.255,2024-08-24 18:20:41.255,2024-08-20 18:20:41.255,-4.0,Early,False
2,Chioma Nwosu,325,Lena Chape,2024-11-13 18:20:41.255,2024-11-15 18:20:41.255,Approved,Personal Loan,Medium,Fair,2,84229,0.08420786382617963,7092.744162215285,2482.4604567753495,True,2024-11-18 18:20:41.255,2024-12-18 18:20:41.255,2024-12-14 18:20:41.255,-4.0,Early,True
16,Chika Umeh,326,Marshal Rathbone,2024-11-01 18:20:41.255,2024-11-03 18:20:41.255,Approved,Mortgage,Low,Fair,2,71307,0.07128910643428499,5083.412312509559,1779.1943093783457,False,,,,,,True
3,Tunde Balogun,327,Cecile MacLise,2024-06-28 18:20:41.255,2024-06-30 18:20:41.255,Approved,Auto Loan,Low,Excellent,4,96936,0.09691167516953245,9394.230144233798,3287.980550481829,True,2024-07-03 18:20:41.255,2024-08-02 18:20:41.255,2024-07-29 18:20:41.255,-4.0,Early,True
3,Tunde Balogun,328,Maurise Lenglet,2024-04-26 18:20:41.255,2024-04-28 18:20:41.255,Approved,Auto Loan,Low,Good,3,40155,0.04014492362417033,1612.0194081285597,564.2067928449959,True,2024-05-01 18:20:41.255,2024-05-31 18:20:41.255,2024-05-27 18:20:41.255,-4.0,Early,False
14,Zainab Suleiman,329,Corabelle Hartnell,2024-09-30 18:20:41.255,2024-10-02 18:20:41.255,Approved,Personal Loan,Medium,Fair,2,40234,0.04022390380014616,1618.3685454950808,566.4289909232782,False,,,,,,True
9,Ibrahim Danjuma,330,Malachi Hadcroft,2025-01-29 18:20:41.255,2025-01-31 18:20:41.255,Approved,Auto Loan,Medium,Good,3,97962,0.09793741770815526,9594.145313526305,3357.950859734207,True,2025-02-03 18:20:41.255,2025-03-05 18:20:41.255,2025-03-01 18:20:41.255,-4.0,Early,True
20,Adewale Ogunleye,331,Hildy Bilbrook,2024-07-05 18:20:41.255,2024-07-07 18:20:41.255,Approved,Personal Loan,Medium,Excellent,4,78926,0.07890619454516916,6227.750310672021,2179.712608735207,True,2024-07-10 18:20:41.255,2024-08-09 18:20:41.255,2024-08-05 18:20:41.255,-4.0,Early,True
16,Chika Umeh,332,Laurice Colgrave,2024-07-09 18:20:41.255,2024-07-11 18:20:41.255,Approved,Personal Loan,Low,Good,3,77844,0.07782446605901919,6058.16773589829,2120.3587075644014,False,,,,,,True
3,Tunde Balogun,333,Shane Smetoun,2024-06-21 18:20:41.255,2024-06-23 18:20:41.255,Approved,Auto Loan,Low,Fair,2,93650,0.09362649974856312,8768.121701452936,3068.842595508527,False,,,,,,True
17,Rasheed Lawal,334,Paddy Mumbray,2024-12-30 18:20:41.255,2025-01-01 18:20:41.255,Approved,Mortgage,Low,Good,3,70126,0.07010840279089949,4916.421854114617,1720.747648940116,True,2025-01-04 18:20:41.255,2025-02-03 18:20:41.255,2025-01-30 18:20:41.255,-4.0,Early,True
7,Segun Oladipo,335,Cris Chellam,2024-11-27 18:20:41.255,2024-11-29 18:20:41.255,Approved,Auto Loan,High,Fair,2,21926,0.02192049795501329,480.62883816162145,168.2200933565675,False,,,,,,True
4,Aisha Mohammed,336,Ruy Adanet,2024-07-12 18:20:41.255,2024-07-14 18:20:41.255,Approved,Personal Loan,High,Excellent,4,24194,0.024187928829863703,585.2027501097224,204.82096253840282,True,2024-07-17 18:20:41.255,2024-08-16 18:20:41.255,2024-08-12 18:20:41.255,-4.0,Early,True
13,Bola Akinwunmi,337,Ruben Handlin,2025-02-19 18:20:41.255,2025-02-21 18:20:41.255,Approved,Personal Loan,Medium,Fair,2,9479,0.009476621368036623,89.82889394761915,31.4401128816667,False,,,,,,True
7,Segun Oladipo,338,Iver Dobsons,2025-02-10 18:20:41.255,2025-02-12 18:20:41.255,Approved,Auto Loan,Low,Good,3,89263,0.08924060060924707,7965.883732183222,2788.0593062641274,True,2025-02-15 18:20:41.255,2025-03-17 18:20:41.255,2025-03-13 18:20:41.255,-4.0,Early,True
1,Emeka Okafor,339,Maurizia Ligerton,2024-09-02 18:20:41.255,2024-09-04 18:20:41.255,Approved,Auto Loan,Medium,Excellent,4,18645,0.01864032127935888,347.54879025364636,121.64207658877622,True,2024-09-07 18:20:41.255,2024-10-07 18:20:41.255,2024-10-03 18:20:41.255,-4.0,Early,True
9,Ibrahim Danjuma,340,Myranda Clowser,2024-10-05 18:20:41.255,2024-10-07 18:20:41.255,Approved,Mortgage,Medium,Fair,2,76743,0.07672374234067249,5888.010158450229,2060.80355545758,False,,,,,,True
15,Gbenga Adesina,341,Jaimie Halms,2025-01-19 18:20:41.255,2025-01-21 18:20:41.255,Approved,Mortgage,Low,Fair,2,78136,0.07811639278541087,6103.702466680864,2136.2958633383023,True,2025-01-24 18:20:41.255,2025-02-23 18:20:41.255,2025-02-19 18:20:41.255,-4.0,Early,True
2,Chioma Nwosu,342,Garek Prattin,2024-04-04 18:20:41.255,2024-04-06 18:20:41.255,Approved,Auto Loan,High,Good,3,84649,0.08462775843263341,7163.655123563985,2507.279293247395,True,2024-04-09 18:20:41.255,2024-05-09 18:20:41.255,2024-05-05 18:20:41.255,-4.0,Early,True
17,Rasheed Lawal,343,Theo McKune,2024-09-23 18:20:41.255,2024-09-25 18:20:41.255,Approved,Auto Loan,High,Good,3,43203,0.04319215876814919,1866.0308352603495,653.1107923411223,True,2024-09-28 18:20:41.255,2024-10-28 18:20:41.255,2024-10-24 18:20:41.255,-4.0,Early,True
1,Emeka Okafor,344,Catie Advani,2025-03-02 18:20:41.255,2025-03-04 18:20:41.255,Approved,Personal Loan,Low,Fair,2,29247,0.029239660845127875,855.1723607374549,299.3103262581092,True,2025-03-07 18:20:41.255,2025-04-06 18:20:41.255,2025-04-02 18:20:41.255,-4.0,Early,True
2,Chioma Nwosu,345,Lisa Odlin,2024-11-01 18:20:41.255,2024-11-03 18:20:41.255,Approved,Personal Loan,Medium,Good,3,9370,0.009367648720171238,87.7748685080045,30.721203977801572,False,,,,,,True
4,Aisha Mohammed,346,Genni Larway,2025-03-08 18:20:41.255,2025-03-10 18:20:41.255,Approved,Personal Loan,High,Fair,2,64124,0.06410790891486237,4110.8555512566345,1438.799442939822,True,2025-03-13 18:20:41.255,2025-04-12 18:20:41.255,2025-04-08 18:20:41.255,-4.0,Early,True
14,Zainab Suleiman,347,Elicia Dahler,2024-12-28 18:20:41.255,2024-12-30 18:20:41.255,Approved,Mortgage,Low,Good,3,39208,0.03919816126152336,1536.881506741808,537.9085273596328,True,2025-01-02 18:20:41.255,2025-02-01 18:20:41.255,2025-01-28 18:20:41.255,-4.0,Early,True
10,Chinedu Opara,348,Libbie Castelin,2024-12-28 18:20:41.255,2024-12-30 18:20:41.255,Approved,Mortgage,High,Fair,2,65073,0.06505667077563532,4233.432737382917,1481.701458084021,False,,,,,,True
2,Chioma Nwosu,349,Madelle Matteris,2024-11-27 18:20:41.255,2024-11-29 18:20:41.255,Approved,Auto Loan,Medium,Excellent,4,44382,0.044370862913408735,1969.2676378229064,689.2436732380172,False,,,,,,True
19,Felix Odion,350,Aldous Cubin,2024-09-20 18:20:41.255,2024-09-22 18:20:41.255,Approved,Mortgage,Medium,Fair,2,56084,0.056069926448461434,3144.625754935511,1100.6190142274288,False,,,,,,True
12,Yakubu Bello,351,Christean Finnes,2024-03-14 18:20:41.255,2024-03-16 18:20:41.255,Approved,Personal Loan,Medium,Good,3,8972,0.00896974859310313,80.47658437732129,28.16680453206245,True,2024-03-19 18:20:41.255,2024-04-18 18:20:41.255,2024-04-14 18:20:41.255,-4.0,Early,False
12,Yakubu Bello,352,De Denington,2024-04-16 18:20:41.255,2024-04-18 18:20:41.255,Approved,Personal Loan,High,Fair,2,59326,0.05931111291065942,3518.691084537781,1231.5418795882233,True,2024-04-21 18:20:41.255,2024-05-21 18:20:41.255,2024-05-17 18:20:41.255,-4.0,Early,True
18,Amaka Obi,353,Celka Goodrich,2024-08-21 18:20:41.255,2024-08-23 18:20:41.255,Approved,Personal Loan,Low,Fair,2,63204,0.063188139776916,3993.7431864601986,1397.8101152610693,False,,,,,,True
18,Amaka Obi,354,Franz Lyptrit,2024-09-19 18:20:41.255,2024-09-21 18:20:41.255,Approved,Auto Loan,Low,Excellent,4,91789,0.09176596674234767,8423.106321313351,2948.0872124596726,True,2024-09-24 18:20:41.255,2024-10-24 18:20:41.255,2024-10-20 18:20:41.255,-4.0,Early,True
16,Chika Umeh,355,Anthia Ghilardini,2024-03-27 18:20:41.255,2024-03-29 18:20:41.255,Approved,Auto Loan,Low,Fair,2,29221,0.029213667369490257,853.6525742038748,298.7784009713562,True,2024-04-01 18:20:41.255,2024-05-01 18:20:41.255,2024-04-27 18:20:41.255,-4.0,Early,False
7,Segun Oladipo,356,Guenna Spensly,2024-03-30 18:20:41.255,2024-04-01 18:20:41.255,Approved,Mortgage,High,Fair,2,19116,0.019111203088024907,365.32975823068415,127.86541538073945,False,,,,,,True
12,Yakubu Bello,357,Cris Richfield,2024-05-14 18:20:41.255,2024-05-16 18:20:41.255,Approved,Personal Loan,High,Excellent,4,21425,0.02141962367445771,458.9154372252564,160.62040302883975,True,2024-05-19 18:20:41.255,2024-06-18 18:20:41.255,2024-06-14 18:20:41.255,-4.0,Early,True
18,Amaka Obi,358,Bernice Kings,2024-05-11 18:20:41.255,2024-05-13 18:20:41.255,Approved,Mortgage,High,Excellent,4,65348,0.06533160176795624,4269.289512332404,1494.2513293163413,False,,,,,,True
18,Amaka Obi,359,Garvy Berthel,2024-04-13 18:20:41.255,2024-04-15 18:20:41.255,Approved,Auto Loan,High,Fair,2,18573,0.018568339346823948,344.8697666885612,120.70441834099641,True,2024-04-18 18:20:41.255,2024-05-18 18:20:41.255,2024-05-14 18:20:41.255,-4.0,Early,False
16,Chika Umeh,360,Port Pancost,2024-08-30 18:20:41.255,2024-09-01 18:20:41.255,Approved,Auto Loan,Medium,Good,3,51267,0.05125413521206177,2627.645749916771,919.6760124708698,True,2024-09-04 18:20:41.255,2024-10-04 18:20:41.255,2024-09-30 18:20:41.255,-4.0,Early,True
4,Aisha Mohammed,361,Ford Groucock,2024-03-20 18:20:41.255,2024-03-22 18:20:41.255,Approved,Mortgage,Medium,Fair,2,63143,0.06312715508407389,3986.0379534736776,1395.113283715787,True,2024-03-25 18:20:41.255,2024-04-24 18:20:41.255,2024-04-20 18:20:41.255,-4.0,Early,True
5,Obinna Eze,362,Liza Trouel,2025-03-04 18:20:41.255,2025-03-06 18:20:41.255,Approved,Personal Loan,Low,Good,3,72340,0.0723218472163487,5231.762427630665,1831.1168496707326,True,2025-03-09 18:20:41.255,2025-04-08 18:20:41.255,2025-04-04 18:20:41.255,-4.0,Early,True
16,Chika Umeh,363,Debbi Doohey,2024-12-25 18:20:41.255,2024-12-27 18:20:41.255,Approved,Auto Loan,High,Good,3,14452,0.014448373458261976,208.80789321880206,73.08276262658072,True,2024-12-30 18:20:41.255,2025-01-29 18:20:41.255,2025-01-25 18:20:41.255,-4.0,Early,True
4,Aisha Mohammed,364,Fredi Iannuzzelli,2025-01-27 18:20:41.255,2025-01-29 18:20:41.255,Approved,Personal Loan,High,Good,3,39537,0.03952707870324548,1562.7821106902168,546.9737387415759,False,,,,,,True
15,Gbenga Adesina,365,Debee Martynov,2024-11-03 18:20:41.255,2024-11-05 18:20:41.255,Approved,Mortgage,High,Good,3,46872,0.04686023808024186,2196.4330792970964,768.7515777539837,False,,,,,,True
9,Ibrahim Danjuma,366,Georgiana Wallington,2024-07-05 18:20:41.255,2024-07-07 18:20:41.255,Approved,Personal Loan,Low,Fair,2,21046,0.021040718779586323,442.8229674351737,154.98803860231078,True,2024-07-10 18:20:41.255,2024-08-09 18:20:41.255,2024-08-05 18:20:41.255,-4.0,Early,True
12,Yakubu Bello,367,Shaylah Urquhart,2024-12-29 18:20:41.255,2024-12-31 18:20:41.255,Approved,Auto Loan,Low,Fair,2,94350,0.09432632409265275,8899.688678141787,3114.891037349625,False,,,,,,True
5,Obinna Eze,368,Hilliary Littrell,2024-07-24 18:20:41.255,2024-07-26 18:20:41.255,Approved,Mortgage,High,Fair,2,97423,0.09739855296320624,9488.859225334441,3321.1007288670544,True,2024-07-29 18:20:41.255,2024-08-28 18:20:41.255,2024-08-24 18:20:41.255,-4.0,Early,True
6,Funke Adeyemi,369,Nanny Casero,2025-01-18 18:20:41.255,2025-01-20 18:20:41.255,Approved,Auto Loan,High,Fair,2,94775,0.09475121744442146,8980.046633295044,3143.016321653265,True,2025-01-23 18:20:41.255,2025-02-22 18:20:41.255,2025-02-18 18:20:41.255,-4.0,Early,True
11,Kemi Adebanjo,370,Joshuah Purvey,2024-09-22 18:20:41.255,2024-09-24 18:20:41.255,Approved,Auto Loan,Low,Excellent,4,21449,0.021443617651969355,459.9441550170907,160.98045425598173,True,2024-09-27 18:20:41.255,2024-10-27 18:20:41.255,2024-10-23 18:20:41.255,-4.0,Early,True
7,Segun Oladipo,371,Jeremiah Wasling,2024-11-02 18:20:41.255,2024-11-04 18:20:41.255,Approved,Auto Loan,High,Fair,2,50142,0.05012941751620343,2513.5892530974725,879.7562385841153,True,2024-11-07 18:20:41.255,2024-12-07 18:20:41.255,2024-12-03 18:20:41.255,-4.0,Early,True
13,Bola Akinwunmi,372,Winslow Hammant,2025-03-06 18:20:41.255,2025-03-08 18:20:41.255,Approved,Auto Loan,High,Good,3,91389,0.09136606711715359,8349.853507769549,2922.448727719342,False,,,,,,True
13,Bola Akinwunmi,373,Nicole Johananoff,2025-02-20 18:20:41.255,2025-02-22 18:20:41.255,Approved,Auto Loan,Low,Fair,2,40009,0.03999896026097449,1600.3184010813284,560.1114403784649,False,,,,,,True
20,Adewale Ogunleye,374,Carlene Eyckelbeck,2024-11-03 18:20:41.255,2024-11-05 18:20:41.255,Approved,Auto Loan,High,Fair,2,76280,0.07626085852451035,5817.17828824965,2036.0124008873775,True,2024-11-08 18:20:41.255,2024-12-08 18:20:41.255,2024-12-04 18:20:41.255,-4.0,Early,True
15,Gbenga Adesina,375,Tish Oleksiak,2024-10-17 18:20:41.255,2024-10-19 18:20:41.255,Approved,Personal Loan,Low,Fair,2,74639,0.07462027031215165,5569.5823558286875,1949.3538245400405,True,2024-10-22 18:20:41.255,2024-11-21 18:20:41.255,2024-11-17 18:20:41.255,-4.0,Early,True
16,Chika Umeh,376,Timmie Eisikowitz,2024-06-08 18:20:41.255,2024-06-10 18:20:41.255,Approved,Mortgage,Low,Fair,2,43924,0.04391297784256152,1928.8336387566721,675.0917735648352,False,,,,,,True
8,Ngozi Okonkwo,377,Berkly Grishinov,2025-02-23 18:20:41.255,2025-02-25 18:20:41.255,Approved,Auto Loan,Low,Good,3,27740,0.02773303900720919,769.3145020599829,269.260075720994,False,,,,,,True
4,Aisha Mohammed,378,Gan Devoy,2024-03-20 18:20:41.255,2024-03-22 18:20:41.255,Approved,Auto Loan,High,Excellent,4,65268,0.06525162184291743,4258.842854443535,1490.594999055237,True,2024-03-25 18:20:41.255,2024-04-24 18:20:41.255,2024-04-20 18:20:41.255,-4.0,Early,False
17,Rasheed Lawal,379,Vinnie Usherwood,2024-11-09 18:20:41.255,2024-11-11 18:20:41.255,Approved,Personal Loan,Medium,Excellent,4,31607,0.031599068633772924,998.7517623076608,349.56311680768124,True,2024-11-14 18:20:41.255,2024-12-14 18:20:41.255,2024-12-10 18:20:41.255,-4.0,Early,True
11,Kemi Adebanjo,380,Carmela Jesper,2025-02-12 18:20:41.255,2025-02-14 18:20:41.255,Approved,Personal Loan,Low,Good,3,88417,0.0883948129019616,7815.60417235274,2735.4614603234586,False,,,,,,True
10,Chinedu Opara,381,Dev Hafner,2024-07-28 18:20:41.255,2024-07-30 18:20:41.255,Approved,Personal Loan,Medium,Good,3,47600,0.047588055398095075,2265.1914369493256,792.8170029322639,True,2024-08-02 18:20:41.255,2024-09-01 18:20:41.255,2024-08-28 18:20:41.255,-4.0,Early,True
17,Rasheed Lawal,382,Orrin Finding,2024-07-23 18:20:41.255,2024-07-25 18:20:41.255,Approved,Auto Loan,Medium,Good,3,94248,0.09422434968822825,8880.456509416135,3108.1597782956474,True,2024-07-28 18:20:41.255,2024-08-27 18:20:41.255,2024-08-23 18:20:41.255,-4.0,Early,True
10,Chinedu Opara,383,Antonia Cardis,2024-10-21 18:20:41.255,2024-10-23 18:20:41.255,Approved,Mortgage,Low,Fair,2,56824,0.056809740755070476,3228.156708666125,1129.8548480331435,True,2024-10-26 18:20:41.255,2024-11-25 18:20:41.255,2024-11-21 18:20:41.255,-4.0,Early,True
2,Chioma Nwosu,384,Mavra Donavan,2024-07-22 18:20:41.255,2024-07-24 18:20:41.255,Approved,Auto Loan,Low,Fair,2,95886,0.095861938653398,9191.81784971972,3217.136247401902,False,,,,,,True
1,Emeka Okafor,385,Stacy Gullane,2024-11-15 18:20:41.255,2024-11-17 18:20:41.255,Approved,Mortgage,Medium,Excellent,4,33764,0.03375552736263198,1139.721625871906,398.90256905516713,True,2024-11-20 18:20:41.255,2024-12-20 18:20:41.255,2024-12-16 18:20:41.255,-4.0,Early,True
1,Emeka Okafor,386,Betta Shrimpton,2024-03-22 18:20:41.255,2024-03-24 18:20:41.255,Approved,Personal Loan,Low,Fair,2,19121,0.01911620183333983,365.5208952552909,127.93231333935181,True,2024-03-27 18:20:41.255,2024-04-26 18:20:41.255,2024-04-22 18:20:41.255,-4.0,Early,True
18,Amaka Obi,387,Kippie Crimpe,2024-09-26 18:20:41.255,2024-09-28 18:20:41.255,Approved,Personal Loan,High,Fair,2,8040,0.008037982466400933,64.6253790298635,22.618882660452222,True,2024-10-01 18:20:41.255,2024-10-31 18:20:41.255,2024-10-27 18:20:41.255,-4.0,Early,True
1,Emeka Okafor,388,Dulcine Gauson,2024-09-13 18:20:41.255,2024-09-15 18:20:41.255,Approved,Personal Loan,High,Good,3,46211,0.04619940394960865,2134.9206559153654,747.2222295703779,True,2024-09-18 18:20:41.255,2024-10-18 18:20:41.255,2024-10-14 18:20:41.255,-4.0,Early,True
18,Amaka Obi,389,Atalanta Starbucke,2024-10-06 18:20:41.255,2024-10-08 18:20:41.255,Approved,Personal Loan,Low,Excellent,4,60005,0.05998994252442637,3599.696501178204,1259.8937754123713,True,2024-10-11 18:20:41.255,2024-11-10 18:20:41.255,2024-11-06 18:20:41.255,-4.0,Early,True
12,Yakubu Bello,390,Stephana Minero,2024-10-11 18:20:41.255,2024-10-13 18:20:41.255,Approved,Mortgage,Medium,Excellent,4,86000,0.0859784194167264,7394.14406983847,2587.9504244434643,False,,,,,,True
6,Funke Adeyemi,391,Jamima Pirolini,2024-07-24 18:20:41.255,2024-07-26 18:20:41.255,Approved,Personal Loan,Medium,Fair,2,81517,0.0814965443673638,6643.353807194395,2325.173832518038,False,,,,,,True
16,Chika Umeh,392,Sabrina Caddy,2024-06-26 18:20:41.255,2024-06-28 18:20:41.255,Approved,Personal Loan,High,Excellent,4,95292,0.0952680877099848,9078.28661405987,3177.4003149209548,True,2024-07-01 18:20:41.255,2024-07-31 18:20:41.255,2024-07-27 18:20:41.255,-4.0,Early,True
13,Bola Akinwunmi,393,Leontyne Simpkiss,2024-08-16 18:20:41.255,2024-08-18 18:20:41.255,Approved,Personal Loan,Medium,Good,3,27427,0.027420117550494824,752.0515640574215,263.2180474200975,False,,,,,,True
3,Tunde Balogun,394,Romona Capitano,2024-12-03 18:20:41.255,2024-12-05 18:20:41.255,Approved,Mortgage,Medium,Fair,2,43564,0.04355306817988685,1897.3458621885907,664.0710517660067,True,2024-12-08 18:20:41.255,2025-01-07 18:20:41.255,2025-01-03 18:20:41.255,-4.0,Early,True
4,Aisha Mohammed,395,Constance Ucchino,2024-06-05 18:20:41.255,2024-06-07 18:20:41.255,Approved,Mortgage,High,Fair,2,13602,0.013598586754724563,184.96797703776352,64.73879196321722,True,2024-06-10 18:20:41.255,2024-07-10 18:20:41.255,2024-07-06 18:20:41.255,-4.0,Early,True
18,Amaka Obi,396,Katrinka Sturrock,2024-08-27 18:20:41.255,2024-08-29 18:20:41.255,Approved,Mortgage,High,Good,3,94922,0.09489818055668027,9007.925094801205,3152.7737831804216,True,2024-09-01 18:20:41.255,2024-10-01 18:20:41.255,2024-09-27 18:20:41.255,-4.0,Early,True
12,Yakubu Bello,397,Lacee Roan,2025-01-01 18:20:41.255,2025-01-03 18:20:41.255,Approved,Auto Loan,Medium,Good,3,50898,0.05088522780782024,2589.9563249624343,906.484713736852,False,,,,,,True
10,Chinedu Opara,398,Alic Trenear,2024-05-10 18:20:41.255,2024-05-12 18:20:41.255,Approved,Personal Loan,Low,Fair,2,53486,0.05347257838282591,2860.0343273838266,1001.0120145843392,True,2024-05-15 18:20:41.255,2024-06-14 18:20:41.255,2024-06-10 18:20:41.255,-4.0,Early,True
16,Chika Umeh,399,Trstram Bondesen,2024-06-16 18:20:41.255,2024-06-18 18:20:41.255,Approved,Auto Loan,High,Excellent,4,94725,0.09470122999127219,8970.574010923257,3139.70090382314,True,2024-06-21 18:20:41.255,2024-07-21 18:20:41.255,2024-07-17 18:20:41.255,-4.0,Early,False
10,Chinedu Opara,400,Pernell Favelle,2024-11-02 18:20:41.255,2024-11-04 18:20:41.255,Approved,Mortgage,High,Excellent,4,20139,0.020133946379458756,405.4775461359199,141.91714114757195,False,,,,,,True
9,Ibrahim Danjuma,401,Moina Thumim,2024-04-05 18:20:41.255,2024-04-07 18:20:41.255,Approved,Personal Loan,Medium,Good,3,7369,0.0073671508451378705,54.28853457782097,19.00098710223734,True,2024-04-10 18:20:41.255,2024-05-10 18:20:41.255,2024-05-06 18:20:41.255,-4.0,Early,False
6,Funke Adeyemi,402,Eva Colenutt,2024-11-08 18:20:41.255,2024-11-10 18:20:41.255,Approved,Auto Loan,High,Good,3,67769,0.06775199424944339,4591.48489829053,1607.0197144016852,False,,,,,,True
3,Tunde Balogun,403,Valdemar MacCoughen,2024-07-26 18:20:41.255,2024-07-28 18:20:41.255,Approved,Mortgage,High,Fair,2,25451,0.02544461340203609,647.5908556952205,226.65679949332716,True,2024-07-31 18:20:41.255,2024-08-30 18:20:41.255,2024-08-26 18:20:41.255,-4.0,Early,True
11,Kemi Adebanjo,404,Salvidor Renzo,2024-03-20 18:20:41.255,2024-03-22 18:20:41.255,Approved,Mortgage,Low,Good,3,90169,0.09014637326031166,8128.408330509043,2844.942915678165,False,,,,,,False
7,Segun Oladipo,405,Marena Brunotti,2024-12-17 18:20:41.255,2024-12-19 18:20:41.255,Approved,Mortgage,Low,Fair,2,83270,0.08324910447477683,6932.152929614667,2426.2535253651336,True,2024-12-22 18:20:41.255,2025-01-21 18:20:41.255,2025-01-17 18:20:41.255,-4.0,Early,True
16,Chika Umeh,406,Levy Bonavia,2024-09-20 18:20:41.255,2024-09-22 18:20:41.255,Approved,Mortgage,High,Excellent,4,60855,0.06083972922796378,3702.401722167736,1295.8406027587075,True,2024-09-25 18:20:41.255,2024-10-25 18:20:41.255,2024-10-21 18:20:41.255,-4.0,Early,True
10,Chinedu Opara,407,Raquela Yuille,2024-12-01 18:20:41.255,2024-12-03 18:20:41.255,Approved,Mortgage,Low,Fair,2,28029,0.02802196648641191,785.4276986476394,274.8996945266738,False,,,,,,True
18,Amaka Obi,408,Bert Ainslie,2024-06-13 18:20:41.255,2024-06-15 18:20:41.255,Approved,Personal Loan,Medium,Good,3,36640,0.03663080566777739,1342.1527196673637,469.75345188357727,False,,,,,,True
5,Obinna Eze,409,Teriann Birdsey,2024-08-02 18:20:41.255,2024-08-04 18:20:41.255,Approved,Mortgage,Medium,Good,3,40974,0.040963718106755205,1678.4473857061878,587.4565849971657,False,,,,,,True
1,Emeka Okafor,410,Leesa Castleman,2025-02-05 18:20:41.255,2025-02-07 18:20:41.255,Approved,Mortgage,Medium,Excellent,4,44591,0.04457981046757264,1987.8583285595314,695.750414995836,False,,,,,,True
2,Chioma Nwosu,411,Issiah Fardell,2024-06-29 18:20:41.255,2024-07-01 18:20:41.255,Approved,Auto Loan,High,Fair,2,71423,0.07140507732559127,5099.964837825705,1784.9876932389968,True,2024-07-04 18:20:41.255,2024-08-03 18:20:41.255,2024-07-30 18:20:41.255,-4.0,Early,False
17,Rasheed Lawal,412,Barclay Shalders,2024-08-18 18:20:41.255,2024-08-20 18:20:41.255,Approved,Personal Loan,High,Fair,2,87600,0.0875780179175027,7671.834369573237,2685.142029350633,False,,,,,,True
15,Gbenga Adesina,413,Friederike Bestar,2024-04-03 18:20:41.255,2024-04-05 18:20:41.255,Approved,Personal Loan,Medium,Fair,2,73028,0.0730096745716825,5331.75051462083,1866.1126801172902,True,2024-04-08 18:20:41.255,2024-05-08 18:20:41.255,2024-05-04 18:20:41.255,-4.0,Early,True
9,Ibrahim Danjuma,414,Kendall Humes,2024-07-23 18:20:41.255,2024-07-25 18:20:41.255,Approved,Personal Loan,Low,Good,3,58730,0.058715262469120254,3448.3473648114327,1206.9215776840015,True,2024-07-28 18:20:41.255,2024-08-27 18:20:41.255,2024-08-23 18:20:41.255,-4.0,Early,True
8,Ngozi Okonkwo,415,Ethelyn Pincott,2024-10-27 18:20:41.255,2024-10-29 18:20:41.255,Approved,Personal Loan,Medium,Excellent,4,43550,0.043539071693005055,1896.1265722303701,663.6443002806295,False,,,,,,True
18,Amaka Obi,416,Spike Thieme,2024-10-04 18:20:41.255,2024-10-06 18:20:41.255,Approved,Personal Loan,Medium,Good,3,26328,0.0263213933302741,692.9896435994566,242.5463752598098,True,2024-10-09 18:20:41.255,2024-11-08 18:20:41.255,2024-11-04 18:20:41.255,-4.0,Early,True
5,Obinna Eze,417,Carlye Bartle,2024-10-05 18:20:41.255,2024-10-07 18:20:41.255,Approved,Auto Loan,Medium,Excellent,4,18030,0.01802547560562299,324.9993251693825,113.74976380928386,True,2024-10-10 18:20:41.255,2024-11-09 18:20:41.255,2024-11-05 18:20:41.255,-4.0,Early,True
19,Felix Odion,418,Dorene Scrivner,2024-07-11 18:20:41.255,2024-07-13 18:20:41.255,Approved,Personal Loan,Medium,Fair,2,70886,0.07086821207876823,5023.564081415565,1758.2474284954476,False,,,,,,True
16,Chika Umeh,419,Royall Slimings,2024-09-07 18:20:41.255,2024-09-09 18:20:41.255,Approved,Personal Loan,Medium,Fair,2,41569,0.04155856879923139,1727.54814641525,604.6418512453374,False,,,,,,True
7,Segun Oladipo,420,Duffie Woodier,2024-04-28 18:20:41.255,2024-04-30 18:20:41.255,Approved,Mortgage,High,Fair,2,7586,0.007584096391805657,57.53295522823771,20.136534329883197,True,2024-05-03 18:20:41.255,2024-06-02 18:20:41.255,2024-05-29 18:20:41.255,-4.0,Early,True
3,Tunde Balogun,421,Brandyn Morrid,2025-01-01 18:20:41.255,2025-01-03 18:20:41.255,Approved,Mortgage,High,Good,3,87487,0.08746504627338537,7652.054503319666,2678.219076161883,False,,,,,,True
11,Kemi Adebanjo,422,Cesaro Isbell,2024-09-08 18:20:41.255,2024-09-10 18:20:41.255,Approved,Personal Loan,High,Fair,2,73473,0.07345456290471092,5396.927100297826,1888.9244851042388,False,,,,,,True
11,Kemi Adebanjo,423,Roanne Cowthard,2024-09-15 18:20:41.255,2024-09-17 18:20:41.255,Approved,Mortgage,Low,Fair,2,23221,0.023215172991579113,539.0795320374585,188.67783621311048,True,2024-09-20 18:20:41.255,2024-10-20 18:20:41.255,2024-10-16 18:20:41.255,-4.0,Early,True
16,Chika Umeh,424,Penn Burkinshaw,2024-07-13 18:20:41.255,2024-07-15 18:20:41.255,Approved,Auto Loan,Medium,Good,3,11281,0.011278169179535936,127.2290265143449,44.53015928002071,True,2024-07-18 18:20:41.255,2024-08-17 18:20:41.255,2024-08-13 18:20:41.255,-4.0,Early,True
6,Funke Adeyemi,425,Peria Iscowitz,2024-08-27 18:20:41.255,2024-08-29 18:20:41.255,Approved,Mortgage,Medium,Excellent,4,24409,0.02440287487840552,595.6497729070003,208.4774205174501,False,,,,,,True
16,Chika Umeh,426,Nerissa Foote,2024-08-16 18:20:41.255,2024-08-18 18:20:41.255,Approved,Auto Loan,Medium,Fair,2,64862,0.06484572372334545,4206.023332143633,1472.1081662502713,False,,,,,,True
6,Funke Adeyemi,427,Randee Douberday,2024-06-15 18:20:41.255,2024-06-17 18:20:41.255,Approved,Personal Loan,High,Excellent,4,50223,0.050210397190305234,2521.7167780887,882.6008723310449,True,2024-06-20 18:20:41.255,2024-07-20 18:20:41.255,2024-07-16 18:20:41.255,-4.0,Early,True
9,Ibrahim Danjuma,428,Nickie Neissen,2024-08-24 18:20:41.255,2024-08-26 18:20:41.255,Approved,Mortgage,Medium,Good,3,81489,0.08146855139360021,6638.790784513088,2323.5767745795806,True,2024-08-29 18:20:41.255,2024-09-28 18:20:41.255,2024-09-24 18:20:41.255,-4.0,Early,True
3,Tunde Balogun,429,Sibeal Fellow,2024-09-19 18:20:41.255,2024-09-21 18:20:41.255,Approved,Auto Loan,High,Fair,2,10030,0.010027483101741463,100.57565551046687,35.201479428663404,False,,,,,,True
20,Adewale Ogunleye,430,Halette Helling,2024-08-13 18:20:41.255,2024-08-15 18:20:41.255,Approved,Mortgage,Medium,Fair,2,24861,0.024854761454874825,617.914224529643,216.26997858537504,True,2024-08-18 18:20:41.255,2024-09-17 18:20:41.255,2024-09-13 18:20:41.255,-4.0,Early,True
16,Chika Umeh,431,Berne Donegan,2025-01-10 18:20:41.255,2025-01-12 18:20:41.255,Approved,Personal Loan,Low,Fair,2,89508,0.08948553912967845,8009.671636419259,2803.3850727467407,True,2025-01-15 18:20:41.255,2025-02-14 18:20:41.255,2025-02-10 18:20:41.255,-4.0,Early,True
5,Obinna Eze,432,Easter Laffoley-Lane,2024-10-08 18:20:41.255,2024-10-10 18:20:41.255,Approved,Mortgage,High,Fair,2,20502,0.02049685528932238,420.2265271416874,147.07928449959059,False,,,,,,True
9,Ibrahim Danjuma,433,Sinclair Sustins,2024-09-20 18:20:41.255,2024-09-22 18:20:41.255,Approved,Personal Loan,Medium,Fair,2,43938,0.04392697432944331,1930.06339808708,675.522189330478,False,,,,,,True
9,Ibrahim Danjuma,434,Vivien Urion,2025-01-18 18:20:41.255,2025-01-20 18:20:41.255,Approved,Personal Loan,High,Good,3,20747,0.02074179380975375,430.32999617096107,150.61549865983636,True,2025-01-23 18:20:41.255,2025-02-22 18:20:41.255,2025-02-18 18:20:41.255,-4.0,Early,True
12,Yakubu Bello,435,Rhona Spilsburie,2024-10-06 18:20:41.255,2024-10-08 18:20:41.255,Approved,Personal Loan,Medium,Fair,2,47317,0.04730512641327027,2238.3366664967093,783.4178332738483,False,,,,,,True
2,Chioma Nwosu,436,Chryste Acum,2024-08-30 18:20:41.255,2024-09-01 18:20:41.255,Approved,Personal Loan,Low,Excellent,4,52506,0.05249282430110042,2756.1882327535786,964.6658814637525,True,2024-09-04 18:20:41.255,2024-10-04 18:20:41.255,2024-09-30 18:20:41.255,-4.0,Early,True
1,Emeka Okafor,437,Kurtis Baistow,2024-04-21 18:20:41.255,2024-04-23 18:20:41.255,Approved,Mortgage,Medium,Fair,2,80834,0.0808137157573449,6532.495899529218,2286.3735648352263,True,2024-04-26 18:20:41.255,2024-05-26 18:20:41.255,2024-05-22 18:20:41.255,-4.0,Early,True
12,Yakubu Bello,438,Tatiania O'Kane,2024-12-05 18:20:41.255,2024-12-07 18:20:41.255,Approved,Personal Loan,Medium,Excellent,4,79802,0.07978197472434419,6366.761146952115,2228.3664014332403,False,,,,,,True
7,Segun Oladipo,439,Alicia Townend,2024-12-26 18:20:41.255,2024-12-28 18:20:41.255,Approved,Auto Loan,Medium,Fair,2,9355,0.009352652484226459,87.49406398993852,30.622922396478483,True,2024-12-31 18:20:41.255,2025-01-30 18:20:41.255,2025-01-26 18:20:41.255,-4.0,Early,True
18,Amaka Obi,440,Cathyleen Bern,2024-04-23 18:20:41.255,2024-04-25 18:20:41.255,Approved,Personal Loan,Medium,Excellent,4,75007,0.0749881779673302,5624.638264795537,1968.6233926784378,False,,,,,,True
7,Segun Oladipo,441,Evanne Feechum,2024-10-22 18:20:41.255,2024-10-24 18:20:41.255,Approved,Personal Loan,High,Fair,2,31925,0.03191698883580221,1018.9498685829857,356.632454004045,False,,,,,,True
4,Aisha Mohammed,442,Simone Denys,2025-01-28 18:20:41.255,2025-01-30 18:20:41.255,Approved,Auto Loan,Low,Fair,2,21647,0.021641567966440425,468.4750217695359,163.96625761933754,False,,,,,,True
13,Bola Akinwunmi,443,Thorin Grimoldby,2024-03-24 18:20:41.255,2024-03-26 18:20:41.255,Approved,Mortgage,High,Fair,2,66341,0.06632435258750054,4400.023875007373,1540.0083562525806,False,,,,,,False
13,Bola Akinwunmi,444,Conchita Jeans,2024-07-13 18:20:41.255,2024-07-15 18:20:41.255,Approved,Personal Loan,Low,Good,3,29953,0.02994548368359542,896.9570727747335,313.93497547115675,True,2024-07-18 18:20:41.255,2024-08-17 18:20:41.255,2024-08-13 18:20:41.255,-4.0,Early,True
15,Gbenga Adesina,445,Dory Barnsdall,2024-09-20 18:20:41.255,2024-09-22 18:20:41.255,Approved,Mortgage,Medium,Good,3,70009,0.06999143215053022,4900.03017342647,1715.0105606992645,True,2024-09-25 18:20:41.255,2024-10-25 18:20:41.255,2024-10-21 18:20:41.255,-4.0,Early,True
11,Kemi Adebanjo,446,Fernandina Brambley,2024-05-15 18:20:41.255,2024-05-17 18:20:41.255,Approved,Auto Loan,Medium,Fair,2,48463,0.048450838839451296,2348.073002676328,821.8255509367148,False,,,,,,True
17,Rasheed Lawal,447,Jere Ding,2024-03-25 18:20:41.255,2024-03-27 18:20:41.255,Approved,Personal Loan,High,Fair,2,39551,0.03954107519012728,1563.8890648447239,547.3611726956533,True,2024-03-30 18:20:41.255,2024-04-29 18:20:41.255,2024-04-25 18:20:41.255,-4.0,Early,False
11,Kemi Adebanjo,448,Chrissie Bernardini,2024-03-15 18:20:41.255,2024-03-17 18:20:41.255,Approved,Personal Loan,Medium,Fair,2,6370,0.0063684015312156644,40.56671775384378,14.198351213845323,True,2024-03-20 18:20:41.255,2024-04-19 18:20:41.255,2024-04-15 18:20:41.255,-4.0,Early,False
17,Rasheed Lawal,449,Clem Leek,2025-01-31 18:20:41.255,2025-02-02 18:20:41.255,Approved,Auto Loan,High,Excellent,4,36682,0.03667279512842277,1345.231470900804,470.8310148152814,True,2025-02-05 18:20:41.255,2025-03-07 18:20:41.255,2025-03-03 18:20:41.255,-4.0,Early,True
18,Amaka Obi,450,Tish Netti,2024-07-26 18:20:41.255,2024-07-28 18:20:41.255,Approved,Personal Loan,Medium,Fair,2,71769,0.07175099050138416,5149.496837293839,1802.3238930528437,False,,,,,,True
1,Emeka Okafor,451,Vito Norker,2024-05-10 18:20:41.255,2024-05-12 18:20:41.255,Approved,Mortgage,Low,Excellent,4,84859,0.0848377057358603,7199.24287103937,2519.735004863779,True,2024-05-15 18:20:41.255,2024-06-14 18:20:41.255,2024-06-10 18:20:41.255,-4.0,Early,True
8,Ngozi Okonkwo,452,Orville Akerman,2024-09-28 18:20:41.255,2024-09-30 18:20:41.255,Approved,Personal Loan,High,Fair,2,88504,0.08848179107044132,7830.992436898339,2740.8473529144185,False,,,,,,True
18,Amaka Obi,453,Dennie Eunson,2025-02-28 18:20:41.255,2025-03-02 18:20:41.255,Approved,Mortgage,High,Excellent,4,25676,0.025669556941207757,659.0915440224504,230.68204040785764,False,,,,,,True
16,Chika Umeh,454,Michaeline Bordman,2024-10-19 18:20:41.255,2024-10-21 18:20:41.255,Approved,Auto Loan,Low,Fair,2,46356,0.0463443675637415,2148.339502784801,751.9188259746803,False,,,,,,True
17,Rasheed Lawal,455,Emlyn Anstice,2024-09-17 18:20:41.255,2024-09-19 18:20:41.255,Approved,Personal Loan,Low,Fair,2,25545,0.025538589813956698,652.3832767975239,228.33414687913333,True,2024-09-22 18:20:41.255,2024-10-22 18:20:41.255,2024-10-18 18:20:41.255,-4.0,Early,True
19,Felix Odion,456,Giusto Torbett,2024-09-01 18:20:41.255,2024-09-03 18:20:41.255,Approved,Personal Loan,High,Fair,2,66239,0.06622237818307605,4386.504108468775,1535.276437964071,False,,,,,,True
15,Gbenga Adesina,457,Freida Everil,2024-11-03 18:20:41.255,2024-11-05 18:20:41.255,Approved,Mortgage,High,Good,3,9880,0.009877520742293684,97.58990493386159,34.156466726851555,False,,,,,,True
12,Yakubu Bello,458,Berny Bold,2025-02-02 18:20:41.255,2025-02-04 18:20:41.255,Approved,Auto Loan,High,Excellent,4,67339,0.06732210215235976,4533.4030368377535,1586.6910628932137,True,2025-02-07 18:20:41.255,2025-03-09 18:20:41.255,2025-03-05 18:20:41.255,-4.0,Early,True
7,Segun Oladipo,459,Janice Himsworth,2024-08-02 18:20:41.255,2024-08-04 18:20:41.255,Approved,Personal Loan,Medium,Fair,2,29394,0.029386623957386695,863.7904246034245,302.32664861119855,True,2024-08-07 18:20:41.255,2024-09-06 18:20:41.255,2024-09-02 18:20:41.255,-4.0,Early,True
7,Segun Oladipo,460,Gale Done,2024-04-30 18:20:41.255,2024-05-02 18:20:41.255,Approved,Mortgage,Low,Good,3,57611,0.05759654326763982,3318.1944541919975,1161.368058967199,False,,,,,,True
11,Kemi Adebanjo,461,Amby Pentin,2024-04-19 18:20:41.255,2024-04-21 18:20:41.255,Approved,Personal Loan,Medium,Fair,2,58128,0.058113413533203165,3378.0165018580337,1182.3057756503117,True,2024-04-24 18:20:41.255,2024-05-24 18:20:41.255,2024-05-20 18:20:41.255,-4.0,Early,True
12,Yakubu Bello,462,Reinhard Jubert,2024-12-24 18:20:41.255,2024-12-26 18:20:41.255,Approved,Mortgage,Low,Fair,2,79933,0.07991294185159525,6387.681181023563,2235.688413358247,True,2024-12-29 18:20:41.255,2025-01-28 18:20:41.255,2025-01-24 18:20:41.255,-4.0,Early,True
14,Zainab Suleiman,463,Raff Waadenburg,2024-10-06 18:20:41.255,2024-10-08 18:20:41.255,Approved,Personal Loan,Medium,Excellent,4,90154,0.09013137702436688,8125.704164254772,2843.99645748917,False,,,,,,True
6,Funke Adeyemi,464,Jerome Muggeridge,2024-05-04 18:20:41.255,2024-05-06 18:20:41.255,Approved,Personal Loan,Low,Fair,2,57034,0.057019688058297366,3252.060888716932,1138.221311050926,True,2024-05-09 18:20:41.255,2024-06-08 18:20:41.255,2024-06-04 18:20:41.255,-4.0,Early,True
8,Ngozi Okonkwo,465,Erwin Pendre,2024-10-18 18:20:41.255,2024-10-20 18:20:41.255,Approved,Personal Loan,Medium,Excellent,4,98839,0.09881419763639326,9766.696480183475,3418.343768064216,True,2024-10-23 18:20:41.255,2024-11-22 18:20:41.255,2024-11-18 18:20:41.255,-4.0,Early,True
5,Obinna Eze,466,Sayres Duthie,2024-05-17 18:20:41.255,2024-05-19 18:20:41.255,Approved,Personal Loan,High,Fair,2,39734,0.039724029268653566,1578.3945789606807,552.4381026362382,True,2024-05-22 18:20:41.255,2024-06-21 18:20:41.255,2024-06-17 18:20:41.255,-4.0,Early,True
11,Kemi Adebanjo,467,Ebenezer Bottelstone,2024-06-08 18:20:41.255,2024-06-10 18:20:41.255,Approved,Mortgage,Low,Excellent,4,50775,0.05076225867307306,2577.453684125285,902.1087894438496,False,,,,,,True
4,Aisha Mohammed,468,Lida Wych,2024-09-01 18:20:41.255,2024-09-03 18:20:41.255,Approved,Auto Loan,High,Excellent,4,93721,0.09369748193203506,8781.421704152257,3073.4975964532896,True,2024-09-06 18:20:41.255,2024-10-06 18:20:41.255,2024-10-02 18:20:41.255,-4.0,Early,True
20,Adewale Ogunleye,469,Sheena O'Duggan,2024-06-22 18:20:41.255,2024-06-24 18:20:41.255,Approved,Personal Loan,High,Good,3,40985,0.04097471534644804,1679.3487084741728,587.7720479659604,True,2024-06-27 18:20:41.255,2024-07-27 18:20:41.255,2024-07-23 18:20:41.255,-4.0,Early,True
9,Ibrahim Danjuma,470,Felicle Beneze,2024-05-28 18:20:41.255,2024-05-30 18:20:41.255,Approved,Personal Loan,High,Good,3,85803,0.08578146885131832,7360.307371849666,2576.107580147383,False,,,,,,True
14,Zainab Suleiman,471,Linc Vedyasov,2024-11-04 18:20:41.255,2024-11-06 18:20:41.255,Approved,Auto Loan,Low,Fair,2,92330,0.09230683098542265,8522.689704884073,2982.941396709425,True,2024-11-09 18:20:41.255,2024-12-09 18:20:41.255,2024-12-05 18:20:41.255,-4.0,Early,True
7,Segun Oladipo,472,Lauree Leason,2024-07-03 18:20:41.255,2024-07-05 18:20:41.255,Approved,Auto Loan,Low,Fair,2,16673,0.016668816127152083,277.9191712880067,97.27170995080233,True,2024-07-08 18:20:41.255,2024-08-07 18:20:41.255,2024-08-03 18:20:41.255,-4.0,Early,True
1,Emeka Okafor,473,Britteny Falconer-Taylor,2024-03-08 18:20:41.255,2024-03-10 18:20:41.255,Approved,Personal Loan,Medium,Good,3,60487,0.06047182157278523,3657.7590714730604,1280.2156750155712,False,,,,,,False
13,Bola Akinwunmi,474,Timothy Wenham,2024-12-09 18:20:41.255,2024-12-11 18:20:41.255,Approved,Mortgage,Medium,Fair,2,35581,0.035572071410076074,1265.689872841917,442.9914554946709,True,2024-12-14 18:20:41.255,2025-01-13 18:20:41.255,2025-01-09 18:20:41.255,-4.0,Early,True
10,Chinedu Opara,475,Marilee Oosthout de Vree,2024-09-20 18:20:41.255,2024-09-22 18:20:41.255,Approved,Auto Loan,Medium,Excellent,4,19293,0.019288158672173285,372.1264452622392,130.2442558417837,True,2024-09-25 18:20:41.255,2024-10-25 18:20:41.255,2024-10-21 18:20:41.255,-4.0,Early,True
17,Rasheed Lawal,476,Brittany Peasey,2024-07-07 18:20:41.255,2024-07-09 18:20:41.255,Approved,Personal Loan,High,Fair,2,66472,0.0664553197147516,4417.418012078969,1546.096304227639,True,2024-07-12 18:20:41.255,2024-08-11 18:20:41.255,2024-08-07 18:20:41.255,-4.0,Early,True
10,Chinedu Opara,477,Robin Crack,2024-09-20 18:20:41.255,2024-09-22 18:20:41.255,Approved,Auto Loan,Low,Good,3,27636,0.02762906510465873,763.5568432323487,267.24489513132204,True,2024-09-25 18:20:41.255,2024-10-25 18:20:41.255,2024-10-21 18:20:41.255,-4.0,Early,True
16,Chika Umeh,478,Shana Fortesquieu,2025-01-23 18:20:41.255,2025-01-25 18:20:41.255,Approved,Mortgage,High,Good,3,77352,0.07733258952003047,5981.830464553397,2093.640662593689,True,2025-01-28 18:20:41.255,2025-02-27 18:20:41.255,2025-02-23 18:20:41.255,-4.0,Early,True
9,Ibrahim Danjuma,479,Myrlene Rothwell,2024-04-13 18:20:41.255,2024-04-15 18:20:41.255,Approved,Mortgage,Medium,Fair,2,70058,0.0700404198546165,4906.891734174723,1717.4121069611529,False,,,,,,True
5,Obinna Eze,480,Marlow Flowerdew,2024-06-25 18:20:41.255,2024-06-27 18:20:41.255,Approved,Mortgage,High,Good,3,99684,0.09965898559461575,9934.406320013677,3477.042212004787,False,,,,,,False
3,Tunde Balogun,481,Natalee Bamford,2024-09-16 18:20:41.255,2024-09-18 18:20:41.255,Approved,Mortgage,Low,Fair,2,38529,0.038519331647756415,1484.111329056407,519.4389651697423,False,,,,,,True
8,Ngozi Okonkwo,482,Cornelius Yarmouth,2024-10-22 18:20:41.255,2024-10-24 18:20:41.255,Approved,Auto Loan,Low,Excellent,4,78632,0.07861226832065152,6181.4398825894705,2163.5039589063144,True,2024-10-27 18:20:41.255,2024-11-26 18:20:41.255,2024-11-22 18:20:41.255,-4.0,Early,True
7,Segun Oladipo,483,Eugenie Domenc,2025-02-01 18:20:41.255,2025-02-03 18:20:41.255,Approved,Auto Loan,Medium,Fair,2,76638,0.07661876868905905,5871.909194792108,2055.1682181772376,True,2025-02-06 18:20:41.255,2025-03-08 18:20:41.255,2025-03-04 18:20:41.255,-4.0,Early,True
19,Felix Odion,484,Mile Dionisii,2024-09-11 18:20:41.255,2024-09-13 18:20:41.255,Approved,Auto Loan,Low,Fair,2,91303,0.09128008869773686,8334.14593836947,2916.951078429314,False,,,,,,True
13,Bola Akinwunmi,485,Randolph Redihalgh,2024-12-15 18:20:41.255,2024-12-17 18:20:41.255,Approved,Auto Loan,Low,Fair,2,94212,0.09418835872196078,8873.67365191337,3105.7857781696794,True,2024-12-20 18:20:41.255,2025-01-19 18:20:41.255,2025-01-15 18:20:41.255,-4.0,Early,True
5,Obinna Eze,486,Querida Danilchev,2024-09-19 18:20:41.255,2024-09-21 18:20:41.255,Approved,Mortgage,High,Fair,2,62389,0.06237334429058306,3891.4105769451867,1361.9937019308152,True,2024-09-24 18:20:41.255,2024-10-24 18:20:41.255,2024-10-20 18:20:41.255,-4.0,Early,True
6,Funke Adeyemi,487,Osborn Pentony,2024-10-13 18:20:41.255,2024-10-15 18:20:41.255,Approved,Mortgage,Low,Good,3,81463,0.0814425579179626,6634.555095670987,2322.094283484845,True,2024-10-18 18:20:41.255,2024-11-17 18:20:41.255,2024-11-13 18:20:41.255,-4.0,Early,True
19,Felix Odion,488,Bel Cheeke,2025-02-02 18:20:41.255,2025-02-04 18:20:41.255,Approved,Auto Loan,High,Fair,2,69149,0.06913164795636295,4780.3843245345415,1673.1345135870895,False,,,,,,True
12,Yakubu Bello,489,Jsandye Melendez,2025-01-17 18:20:41.255,2025-01-19 18:20:41.255,Approved,Personal Loan,Low,Fair,2,50676,0.05066328351583752,2567.412555448582,898.5943944070037,False,,,,,,True
10,Chinedu Opara,490,Melany Thorrington,2025-01-07 18:20:41.255,2025-01-09 18:20:41.255,Approved,Mortgage,High,Excellent,4,85567,0.08554552807245382,7319.874200575656,2561.9559702014794,True,2025-01-12 18:20:41.255,2025-02-11 18:20:41.255,2025-02-07 18:20:41.255,-4.0,Early,True
11,Kemi Adebanjo,491,Allis Blanche,2024-06-24 18:20:41.255,2024-06-26 18:20:41.255,Approved,Auto Loan,Low,Fair,2,31832,0.03182401217294459,1013.0219554891721,354.55768442121024,True,2024-06-29 18:20:41.255,2024-07-29 18:20:41.255,2024-07-25 18:20:41.255,-4.0,Early,True
18,Amaka Obi,492,Karel Dimelow,2024-04-30 18:20:41.255,2024-05-02 18:20:41.255,Approved,Personal Loan,Medium,Fair,2,91020,0.09099715971291206,8282.561477069255,2898.896516974239,True,2024-05-05 18:20:41.255,2024-06-04 18:20:41.255,2024-05-31 18:20:41.255,-4.0,Early,False
17,Rasheed Lawal,493,Alina Wilsey,2025-01-27 18:20:41.255,2025-01-29 18:20:41.255,Approved,Personal Loan,Medium,Fair,2,48945,0.04893271788781016,2395.0118770188683,838.2541569566039,True,2025-02-01 18:20:41.255,2025-03-03 18:20:41.255,2025-02-27 18:20:41.255,-4.0,Early,True
8,Ngozi Okonkwo,494,Jarad Bauser,2024-10-07 18:20:41.255,2024-10-09 18:20:41.255,Approved,Personal Loan,Medium,Excellent,4,23540,0.02353409294267139,553.9925478704845,193.89739175466957,True,2024-10-12 18:20:41.255,2024-11-11 18:20:41.255,2024-11-07 18:20:41.255,-4.0,Early,True
11,Kemi Adebanjo,495,Welbie Rockliffe,2024-11-30 18:20:41.255,2024-12-02 18:20:41.255,Approved,Personal Loan,Low,Good,3,19081,0.019076211870820425,363.9931987071245,127.39761954749358,True,2024-12-05 18:20:41.255,2025-01-04 18:20:41.255,2024-12-31 18:20:41.255,-4.0,Early,True
7,Segun Oladipo,496,Valeria Ladyman,2024-06-19 18:20:41.255,2024-06-21 18:20:41.255,Approved,Mortgage,Medium,Fair,2,56778,0.05676375229817316,3222.932327985676,1128.0263147949865,False,,,,,,True
9,Ibrahim Danjuma,497,Levi Cartmell,2025-02-13 18:20:41.255,2025-02-15 18:20:41.255,Approved,Personal Loan,Low,Fair,2,11590,0.01158709163999836,134.294392107581,47.003037237653345,True,2025-02-18 18:20:41.255,2025-03-20 18:20:41.255,2025-03-16 18:20:41.255,-4.0,Early,True
8,Ngozi Okonkwo,498,Darbee Klimowicz,2025-01-17 18:20:41.255,2025-01-19 18:20:41.255,Approved,Mortgage,Medium,Fair,2,31430,0.03142211304962454,987.5970131496994,345.6589546023948,False,,,,,,True
5,Obinna Eze,499,Libby Wardesworth,2025-02-16 18:20:41.255,2025-02-18 18:20:41.255,Approved,Mortgage,High,Fair,2,11660,0.011657074074407324,135.9214837075894,47.572519297656285,True,2025-02-23 18:20:41.255,2025-03-25 18:20:41.255,2025-03-21 18:20:41.255,-4.0,Early,True
6,Funke Adeyemi,500,Kippy Jessel,2025-02-12 18:20:41.255,2025-02-14 18:20:41.255,Approved,Personal Loan,High,Fair,2,93935,0.0939114282315139,8821.570010927258,3087.5495038245404,True,2025-02-19 18:20:41.255,2025-03-21 18:20:41.255,2025-03-17 18:20:41.255,-4.0,Early,True
10,Chinedu Opara,501,Benji O'Shirine,2024-07-22 18:20:41.255,2024-07-24 18:20:41.255,Approved,Personal Loan,Low,Excellent,4,62794,0.06277824266109207,3942.0969696606153,1379.7339393812154,False,,,,,,True
5,Obinna Eze,502,Consolata Clacson,2024-11-24 18:20:41.255,2024-11-26 18:20:41.255,Approved,Auto Loan,Medium,Good,3,25204,0.025197675383478748,635.0822103651984,222.27877362781945,True,2024-12-01 18:20:41.255,2024-12-31 18:20:41.255,2024-12-27 18:20:41.255,-4.0,Early,True
5,Obinna Eze,503,Kane Jahnel,2024-03-14 18:20:41.255,2024-03-16 18:20:41.255,Approved,Personal Loan,Low,Fair,2,34208,0.0341994159465974,1169.8936207012039,409.46276724542133,False,,,,,,False
13,Bola Akinwunmi,504,Cheri Hazeman,2024-08-05 18:20:41.255,2024-08-07 18:20:41.255,Approved,Mortgage,Low,Good,3,61042,0.06102668230274201,3725.1907411239777,1303.8167593933922,False,,,,,,True
13,Bola Akinwunmi,505,Darcey Harberer,2024-11-05 18:20:41.255,2024-11-07 18:20:41.255,Approved,Personal Loan,Low,Fair,2,84884,0.08486269946243492,7203.485381169326,2521.2198834092637,False,,,,,,True
12,Yakubu Bello,506,Blythe Keighley,2024-09-16 18:20:41.255,2024-09-18 18:20:41.255,Approved,Personal Loan,Low,Fair,2,75689,0.0756700068282861,5727.387146826147,2004.5855013891512,True,2024-09-23 18:20:41.255,2024-10-23 18:20:41.255,2024-10-19 18:20:41.255,-4.0,Early,True
19,Felix Odion,507,Darelle Ive,2024-05-30 18:20:41.255,2024-06-01 18:20:41.255,Approved,Mortgage,High,Fair,2,81678,0.08165750396650441,6669.621608976147,2334.3675631416513,True,2024-06-06 18:20:41.255,2024-07-06 18:20:41.255,2024-07-02 18:20:41.255,-4.0,Early,False
5,Obinna Eze,508,Marcella Manzell,2024-06-10 18:20:41.255,2024-06-12 18:20:41.255,Approved,Personal Loan,Low,Fair,2,65447,0.06543057692519177,4282.234968023026,1498.7822388080592,True,2024-06-17 18:20:41.255,2024-07-17 18:20:41.255,2024-07-13 18:20:41.255,-4.0,Early,True
17,Rasheed Lawal,509,Gar Wallis,2024-05-30 18:20:41.255,2024-06-01 18:20:41.255,Approved,Mortgage,High,Excellent,4,96129,0.0961048776757034,9238.465786087692,3233.463025130692,True,2024-06-06 18:20:41.255,2024-07-06 18:20:41.255,2024-07-02 18:20:41.255,-4.0,Early,True
11,Kemi Adebanjo,510,Bertrand Penkethman,2024-08-07 18:20:41.255,2024-08-09 18:20:41.255,Approved,Personal Loan,High,Fair,2,45628,0.04561655024588828,2081.3919546193906,728.4871841167867,False,,,,,,True
17,Rasheed Lawal,511,Mason Kohrsen,2024-10-15 18:20:41.255,2024-10-17 18:20:41.255,Approved,Mortgage,Low,Fair,2,27670,0.027663056572800226,765.4367753693823,267.9028713792838,True,2024-10-22 18:20:41.255,2024-11-21 18:20:41.255,2024-11-17 18:20:41.255,-4.0,Early,True
10,Chinedu Opara,512,Ulrika Steagall,2025-01-29 18:20:41.255,2025-01-31 18:20:41.255,Approved,Auto Loan,Low,Good,3,27824,0.027817017928499947,773.9807068425825,270.8932473949039,True,2025-02-05 18:20:41.255,2025-03-07 18:20:41.255,2025-03-03 18:20:41.255,-4.0,Early,True
11,Kemi Adebanjo,513,Prudi Edon,2024-03-29 18:20:41.255,2024-03-31 18:20:41.255,Approved,Auto Loan,Medium,Excellent,4,23796,0.023790028702795597,566.1075230117241,198.13763305410342,True,2024-04-05 18:20:41.255,2024-05-05 18:20:41.255,2024-05-01 18:20:41.255,-4.0,Early,True
3,Tunde Balogun,514,Elayne Braiden,2024-06-06 18:20:41.255,2024-06-08 18:20:41.255,Approved,Auto Loan,Medium,Fair,2,93825,0.09380145583458552,8800.921593679986,3080.3225577879953,True,2024-06-13 18:20:41.255,2024-07-13 18:20:41.255,2024-07-09 18:20:41.255,-4.0,Early,True
17,Rasheed Lawal,515,Domini Ghelerdini,2024-08-07 18:20:41.255,2024-08-09 18:20:41.255,Approved,Auto Loan,High,Fair,2,28115,0.028107944905828637,790.2548710273721,276.5892048595802,True,2024-08-14 18:20:41.255,2024-09-13 18:20:41.255,2024-09-09 18:20:41.255,-4.0,Early,True
19,Felix Odion,516,Tresa Reeks,2025-02-28 18:20:41.255,2025-03-02 18:20:41.255,Approved,Auto Loan,Low,Fair,2,51095,0.05108217837322832,2610.0439039801013,913.5153663930354,False,,,,,,True
20,Adewale Ogunleye,517,Lida Boynton,2024-10-16 18:20:41.255,2024-10-18 18:20:41.255,Approved,Mortgage,Medium,Fair,2,70575,0.07055729012017983,4979.580750231692,1742.8532625810922,False,,,,,,True
18,Amaka Obi,518,Andrea Funcheon,2024-09-11 18:20:41.255,2024-09-13 18:20:41.255,Approved,Auto Loan,High,Good,3,64100,0.06408391493735073,4107.778947484182,1437.7226316194635,False,,,,,,True
12,Yakubu Bello,519,Pail Ashplant,2025-02-09 18:20:41.255,2025-02-11 18:20:41.255,Approved,Mortgage,High,Excellent,4,10258,0.010255425888102087,105.20015876015121,36.82005556605292,False,,,,,,True
3,Tunde Balogun,520,Tommie Banbridge,2024-10-23 18:20:41.255,2024-10-25 18:20:41.255,Approved,Personal Loan,Medium,Good,3,93836,0.09381245307427835,8802.985346677984,3081.0448713372944,True,2024-10-30 18:20:41.255,2024-11-29 18:20:41.255,2024-11-25 18:20:41.255,-4.0,Early,True
15,Gbenga Adesina,521,Lucius Prescott,2024-04-06 18:20:41.255,2024-04-08 18:20:41.255,Approved,Auto Loan,Low,Fair,2,13256,0.013252673578931689,175.67744096231846,61.487104336811456,True,2024-04-13 18:20:41.255,2024-05-13 18:20:41.255,2024-05-09 18:20:41.255,-4.0,Early,True
9,Ibrahim Danjuma,522,Korry Cosgrove,2024-09-13 18:20:41.255,2024-09-15 18:20:41.255,Approved,Auto Loan,Low,Good,3,33828,0.03381951130266303,1144.046428346485,400.41624992126975,False,,,,,,True
8,Ngozi Okonkwo,523,Allissa Brinklow,2024-11-27 18:20:41.255,2024-11-29 18:20:41.255,Approved,Mortgage,Low,Good,3,67293,0.06727611369546244,4527.2115189087535,1584.5240316180636,True,2024-12-04 18:20:41.255,2025-01-03 18:20:41.255,2024-12-30 18:20:41.255,-4.0,Early,True
8,Ngozi Okonkwo,524,Emmalee Sketcher,2024-07-06 18:20:41.255,2024-07-08 18:20:41.255,Approved,Auto Loan,High,Fair,2,42368,0.04235736830055656,1794.5969801579802,628.108943055293,False,,,,,,True
5,Obinna Eze,525,Dalli Baggally,2024-11-11 18:20:41.255,2024-11-13 18:20:41.255,Approved,Mortgage,High,Fair,2,41762,0.041751520368387536,1743.6269936246003,610.2694477686101,True,2024-11-18 18:20:41.255,2024-12-18 18:20:41.255,2024-12-14 18:20:41.255,-4.0,Early,True
18,Amaka Obi,526,Lazar Crathern,2024-10-28 18:20:41.255,2024-10-30 18:20:41.255,Approved,Personal Loan,Medium,Fair,2,29372,0.02936462947800102,862.497897027846,301.8742639597461,False,,,,,,True
11,Kemi Adebanjo,527,Henrieta MacClancey,2024-11-06 18:20:41.255,2024-11-08 18:20:41.255,Approved,Mortgage,Medium,Excellent,4,25949,0.025942488435402714,673.181632410265,235.61357134359275,True,2024-11-13 18:20:41.255,2024-12-13 18:20:41.255,2024-12-09 18:20:41.255,-4.0,Early,True
15,Gbenga Adesina,528,Rica Raveau,2025-02-22 18:20:41.255,2025-02-24 18:20:41.255,Approved,Personal Loan,Medium,Fair,2,68030,0.06801292875488252,4626.919543194657,1619.42184011813,True,2025-03-01 18:20:41.255,2025-03-31 18:20:41.255,2025-03-27 18:20:41.255,-4.0,Early,True
10,Chinedu Opara,529,Burr Gerb,2024-12-01 18:20:41.255,2024-12-03 18:20:41.255,Approved,Auto Loan,Medium,Fair,2,74132,0.07411339753721816,5494.174386229056,1922.9610351801693,False,,,,,,True
16,Chika Umeh,530,Vinny Hegley,2024-05-15 18:20:41.255,2024-05-17 18:20:41.255,Approved,Mortgage,Medium,Good,3,71488,0.07147006101468531,5109.251721817824,1788.2381026362382,True,2024-05-22 18:20:41.255,2024-06-21 18:20:41.255,2024-06-17 18:20:41.255,-4.0,Early,True
15,Gbenga Adesina,531,Wylma Elsy,2024-12-18 18:20:41.255,2024-12-20 18:20:41.255,Approved,Personal Loan,High,Fair,2,94386,0.0943623150589202,8906.481469151242,3117.2685142029345,True,2024-12-25 18:20:41.255,2025-01-24 18:20:41.255,2025-01-20 18:20:41.255,-4.0,Early,True
4,Aisha Mohammed,532,Brett Scrancher,2024-11-13 18:20:41.255,2024-11-15 18:20:41.255,Approved,Personal Loan,Medium,Good,3,77626,0.07760652076328842,6024.283780771027,2108.4993232698594,True,2024-11-20 18:20:41.255,2024-12-20 18:20:41.255,2024-12-16 18:20:41.255,-4.0,Early,True
1,Emeka Okafor,533,Gwen Jakubczyk,2024-08-20 18:20:41.255,2024-08-22 18:20:41.255,Approved,Auto Loan,Low,Fair,2,19505,0.019500105473526146,380.3495572611275,133.1223450413946,False,,,,,,True
19,Felix Odion,534,Abagail Tordiffe,2024-04-01 18:20:41.255,2024-04-03 18:20:41.255,Approved,Personal Loan,High,Good,3,16949,0.016944746868535997,287.1965146748166,100.51878013618581,True,2024-04-08 18:20:41.255,2024-05-08 18:20:41.255,2024-05-04 18:20:41.255,-4.0,Early,False
17,Rasheed Lawal,535,Tobe Vamplew,2024-05-30 18:20:41.255,2024-06-01 18:20:41.255,Approved,Mortgage,Low,Good,3,23550,0.023544090433301242,554.4633297042443,194.06216539648548,True,2024-06-06 18:20:41.255,2024-07-06 18:20:41.255,2024-07-02 18:20:41.255,-4.0,Early,True
10,Chinedu Opara,536,Sheilah Blackmore,2025-01-07 18:20:41.255,2025-01-09 18:20:41.255,Approved,Auto Loan,Low,Good,3,73403,0.07338458047030195,5386.648360261574,1885.3269260915508,False,,,,,,True
10,Chinedu Opara,537,Theo Tolmie,2024-10-09 18:20:41.255,2024-10-11 18:20:41.255,Approved,Auto Loan,High,Fair,2,33605,0.03359656726161733,1129.0126428266506,395.15442498932765,True,2024-10-16 18:20:41.255,2024-11-15 18:20:41.255,2024-11-11 18:20:41.255,-4.0,Early,True
7,Segun Oladipo,538,Sigfried Semken,2025-01-20 18:20:41.255,2025-01-22 18:20:41.255,Approved,Mortgage,High,Fair,2,27825,0.027818017677562933,774.0363418781886,270.912719657366,True,2025-01-27 18:20:41.255,2025-02-26 18:20:41.255,2025-02-22 18:20:41.255,-4.0,Early,True
4,Aisha Mohammed,539,Kienan Soar,2024-11-07 18:20:41.255,2024-11-09 18:20:41.255,Approved,Mortgage,Medium,Fair,2,30841,0.030833260851526267,950.9285979219217,332.82500927267256,False,,,,,,True
18,Amaka Obi,540,Winna Verny,2024-08-13 18:20:41.255,2024-08-15 18:20:41.255,Approved,Mortgage,Low,Fair,2,85842,0.08582045906477474,7366.999847038393,2578.4499464634378,False,,,,,,True
13,Bola Akinwunmi,541,Craggy Loadsman,2024-10-20 18:20:41.255,2024-10-22 18:20:41.255,Approved,Auto Loan,Low,Fair,2,99821,0.09979595121624472,9961.731646356764,3486.606076224867,True,2024-10-27 18:20:41.255,2024-11-26 18:20:41.255,2024-11-22 18:20:41.255,-4.0,Early,True
8,Ngozi Okonkwo,542,Iona Fidgeon,2024-05-06 18:20:41.255,2024-05-08 18:20:41.255,Approved,Mortgage,Low,Fair,2,61768,0.06175250012246926,3814.328427564681,1335.0149496476383,True,2024-05-13 18:20:41.255,2024-06-12 18:20:41.255,2024-06-08 18:20:41.255,-4.0,Early,False
10,Chinedu Opara,543,Bernhard Senett,2024-05-31 18:20:41.255,2024-06-02 18:20:41.255,Approved,Personal Loan,Low,Fair,2,36127,0.03611793439846599,1304.8326160133806,456.6914156046832,True,2024-06-07 18:20:41.255,2024-07-07 18:20:41.255,2024-07-03 18:20:41.255,-4.0,Early,True
19,Felix Odion,544,Rabi Nissle,2025-02-18 18:20:41.255,2025-02-20 18:20:41.255,Approved,Personal Loan,High,Good,3,33315,0.033306640033351625,1109.6107127111095,388.3637494488883,True,2025-02-25 18:20:41.255,2025-03-27 18:20:41.255,2025-03-23 18:20:41.255,-4.0,Early,True
3,Tunde Balogun,545,Jazmin Neumann,2024-07-12 18:20:41.255,2024-07-14 18:20:41.255,Approved,Auto Loan,Low,Fair,2,51772,0.051759008488869294,2679.667387485741,937.8835856200093,True,2024-07-19 18:20:41.255,2024-08-18 18:20:41.255,2024-08-14 18:20:41.255,-4.0,Early,True
12,Yakubu Bello,546,Peri Hovie,2024-06-14 18:20:41.255,2024-06-16 18:20:41.255,Approved,Mortgage,Medium,Good,3,55699,0.055685023059212135,3101.6000993750567,1085.5600347812697,True,2024-06-21 18:20:41.255,2024-07-21 18:20:41.255,2024-07-17 18:20:41.255,-4.0,Early,True
13,Bola Akinwunmi,547,Lynnelle Comettoi,2024-03-10 18:20:41.255,2024-03-12 18:20:41.255,Approved,Personal Loan,High,Good,3,16433,0.01642887635203564,269.97572509300164,94.49150378255057,False,,,,,,False
7,Segun Oladipo,548,Elberta Tixall,2025-02-28 18:20:41.255,2025-03-02 18:20:41.255,Approved,Mortgage,Medium,Good,3,74798,0.0747792304131663,5593.336876444013,1957.6679067554044,True,2025-03-07 18:20:41.255,2025-04-06 18:20:41.255,2025-04-02 18:20:41.255,-4.0,Early,True
19,Felix Odion,549,Florence Held,2024-10-24 18:20:41.255,2024-10-26 18:20:41.255,Approved,Mortgage,Low,Fair,2,25124,0.02511769545843993,631.0569806978448,220.86994324424566,False,,,,,,True
1,Emeka Okafor,550,Lennard Donizeau,2024-12-14 18:20:41.255,2024-12-16 18:20:41.255,Approved,Mortgage,High,Fair,2,95526,0.09550202899072333,9122.926821367837,3193.024387478743,True,2024-12-21 18:20:41.255,2025-01-20 18:20:41.255,2025-01-16 18:20:41.255,-4.0,Early,True
5,Obinna Eze,551,Lorilyn Topaz,2024-05-18 18:20:41.255,2024-05-20 18:20:41.255,Approved,Personal Loan,Low,Fair,2,85821,0.08579946433445206,7363.39582864701,2577.188540026453,True,2024-05-25 18:20:41.255,2024-06-24 18:20:41.255,2024-06-20 18:20:41.255,-4.0,Early,True
7,Segun Oladipo,552,Gayel Downs,2024-04-16 18:20:41.255,2024-04-18 18:20:41.255,Approved,Personal Loan,Medium,Good,3,31064,0.031056204892571965,964.7299487828556,337.65548207399945,True,2024-04-23 18:20:41.255,2024-05-23 18:20:41.255,2024-05-19 18:20:41.255,-4.0,Early,False
9,Ibrahim Danjuma,553,Sandor Tumber,2024-06-15 18:20:41.255,2024-06-17 18:20:41.255,Approved,Mortgage,High,Fair,2,90196,0.09017336648501226,8133.276963482165,2846.6469372187576,True,2024-06-22 18:20:41.255,2024-07-22 18:20:41.255,2024-07-18 18:20:41.255,-4.0,Early,True
13,Bola Akinwunmi,554,Townie Perez,2024-11-24 18:20:41.255,2024-11-26 18:20:41.255,Approved,Auto Loan,Medium,Fair,2,82579,0.08255827787225406,6817.580028412868,2386.1530099445035,True,2024-12-01 18:20:41.255,2024-12-31 18:20:41.255,2024-12-27 18:20:41.255,-4.0,Early,True
15,Gbenga Adesina,555,Modesty Fletcher,2024-07-04 18:20:41.255,2024-07-06 18:20:41.255,Approved,Auto Loan,Low,Good,3,91742,0.09171897853638737,8414.48252888525,2945.068885109837,True,2024-07-11 18:20:41.255,2024-08-10 18:20:41.255,2024-08-06 18:20:41.255,-4.0,Early,True
11,Kemi Adebanjo,556,Row Mawditt,2024-07-18 18:20:41.255,2024-07-20 18:20:41.255,Approved,Auto Loan,Medium,Good,3,61279,0.0612636228306695,3754.1735434405964,1313.9607402042086,True,2024-07-25 18:20:41.255,2024-08-24 18:20:41.255,2024-08-20 18:20:41.255,-4.0,Early,True
17,Rasheed Lawal,557,Conny Shearmer,2024-10-22 18:20:41.255,2024-10-24 18:20:41.255,Approved,Mortgage,High,Fair,2,46283,0.04627138588214358,2141.5785527832513,749.5524934741379,True,2024-10-29 18:20:41.255,2024-11-28 18:20:41.255,2024-11-24 18:20:41.255,-4.0,Early,True
13,Bola Akinwunmi,558,Madel Palffrey,2024-07-28 18:20:41.255,2024-07-30 18:20:41.255,Approved,Auto Loan,Medium,Excellent,4,32179,0.03217092509780045,1035.2281987221206,362.3298695527422,True,2024-08-04 18:20:41.255,2024-09-03 18:20:41.255,2024-08-30 18:20:41.255,-4.0,Early,True
18,Amaka Obi,559,Gracie Merrifield,2025-03-05 18:20:41.255,2025-03-07 18:20:41.255,Approved,Personal Loan,High,Fair,2,58706,0.058691268491608606,3445.5296080683747,1205.935362823931,False,,,,,,True
8,Ngozi Okonkwo,560,Jannelle Leist,2024-04-13 18:20:41.255,2024-04-15 18:20:41.255,Approved,Auto Loan,Medium,Good,3,97699,0.09767448370459014,9542.699383454752,3339.944784209163,False,,,,,,True
12,Yakubu Bello,561,Raine Sneezum,2024-08-15 18:20:41.255,2024-08-17 18:20:41.255,Approved,Auto Loan,Low,Fair,2,12676,0.012672819122400278,160.64065519554592,56.22422931844107,True,2024-08-22 18:20:41.255,2024-09-21 18:20:41.255,2024-09-17 18:20:41.255,-4.0,Early,False
3,Tunde Balogun,562,Millicent Wiffler,2024-12-13 18:20:41.255,2024-12-15 18:20:41.255,Approved,Auto Loan,Low,Good,3,48063,0.048050939214257224,2309.472291454845,808.3153020091958,True,2024-12-20 18:20:41.255,2025-01-19 18:20:41.255,2025-01-15 18:20:41.255,-4.0,Early,True
5,Obinna Eze,563,Hobie Knappett,2024-05-19 18:20:41.255,2024-05-21 18:20:41.255,Approved,Personal Loan,High,Fair,2,96453,0.0964287963721106,9300.846696479184,3255.2963437677145,True,2024-05-26 18:20:41.255,2024-06-25 18:20:41.255,2024-06-21 18:20:41.255,-4.0,Early,False
5,Obinna Eze,564,Tresa Dy,2024-05-11 18:20:41.255,2024-05-13 18:20:41.255,Approved,Auto Loan,Low,Good,3,76474,0.07645480984272947,5846.805127912893,2046.3817947695125,True,2024-05-18 18:20:41.255,2024-06-17 18:20:41.255,2024-06-13 18:20:41.255,-4.0,Early,True
17,Rasheed Lawal,565,Annissa Balmforth,2024-06-24 18:20:41.255,2024-06-26 18:20:41.255,Approved,Auto Loan,Medium,Fair,2,52943,0.05292971464162495,2802.2578822715495,980.7902587950423,False,,,,,,True
13,Bola Akinwunmi,566,Berri McManamen,2025-02-10 18:20:41.255,2025-02-12 18:20:41.255,Approved,Auto Loan,Medium,Excellent,4,20569,0.020563838476542386,422.97759362400035,148.0421577684001,True,2025-02-17 18:20:41.255,2025-03-19 18:20:41.255,2025-03-15 18:20:41.255,-4.0,Early,True
13,Bola Akinwunmi,567,Mikey Rizzetti,2024-04-21 18:20:41.255,2024-04-23 18:20:41.255,Approved,Personal Loan,Medium,Fair,2,20890,0.020884757925760635,436.2825930691397,152.69890757419887,False,,,,,,True
20,Adewale Ogunleye,568,Giacomo Johanning,2024-07-31 18:20:41.255,2024-08-02 18:20:41.255,Approved,Personal Loan,Low,Good,3,83640,0.08361901162808136,6993.894132572725,2447.8629464004534,False,,,,,,True
5,Obinna Eze,569,Alecia Crosse,2025-01-05 18:20:41.255,2025-01-07 18:20:41.255,Approved,Mortgage,Medium,Excellent,4,88472,0.08844979910042579,7825.33062601287,2738.8657191045045,False,,,,,,True
11,Kemi Adebanjo,570,Jorie Pigott,2024-11-18 18:20:41.255,2024-11-20 18:20:41.255,Approved,Personal Loan,Medium,Fair,2,82121,0.08210039280140685,6742.166357244332,2359.7582250355163,False,,,,,,True
19,Felix Odion,571,Andee Robjant,2024-08-03 18:20:41.255,2024-08-05 18:20:41.255,Approved,Personal Loan,High,Fair,2,61581,0.06156554704769103,3791.2679527438613,1326.9437834603514,False,,,,,,True
5,Obinna Eze,572,Georgie Cudbertson,2024-10-31 18:20:41.255,2024-11-02 18:20:41.255,Approved,Auto Loan,High,Good,3,87834,0.08781195919824124,7712.875624218321,2699.506468476412,True,2024-11-07 18:20:41.255,2024-12-07 18:20:41.255,2024-12-03 18:20:41.255,-4.0,Early,True
1,Emeka Okafor,573,Abrahan Luckman,2024-06-06 18:20:41.255,2024-06-08 18:20:41.255,Approved,Auto Loan,Low,Fair,2,45688,0.04567653518966739,2086.8695397455235,730.4043389109332,False,,,,,,True
13,Bola Akinwunmi,574,Emeline Jorioz,2024-12-06 18:20:41.255,2024-12-08 18:20:41.255,Approved,Personal Loan,Medium,Fair,2,14223,0.014219430922838368,202.2429660155301,70.78503810543553,True,2024-12-13 18:20:41.255,2025-01-12 18:20:41.255,2025-01-08 18:20:41.255,-4.0,Early,True
14,Zainab Suleiman,575,Florence Muldoon,2025-01-09 18:20:41.255,2025-01-11 18:20:41.255,Approved,Mortgage,Low,Good,3,88648,0.08862575493551118,7856.495923523195,2749.7735732331184,True,2025-01-16 18:20:41.255,2025-02-15 18:20:41.255,2025-02-11 18:20:41.255,-4.0,Early,True
17,Rasheed Lawal,576,Hilly Kleinmann,2025-03-05 18:20:41.255,2025-03-07 18:20:41.255,Approved,Personal Loan,Medium,Good,3,19944,0.019938995312176643,397.663322506051,139.18216287711783,True,2025-03-12 18:20:41.255,2025-04-11 18:20:41.255,2025-04-07 18:20:41.255,-4.0,Early,True
15,Gbenga Adesina,577,Charlean Fantone,2024-11-13 18:20:41.255,2024-11-15 18:20:41.255,Approved,Personal Loan,Low,Excellent,4,85676,0.0856545007203192,7338.535003714068,2568.4872512999236,False,,,,,,True
5,Obinna Eze,578,Esmaria Dobbison,2024-07-23 18:20:41.255,2024-07-25 18:20:41.255,Approved,Auto Loan,Medium,Excellent,4,64923,0.06490670841618754,4213.938230504144,1474.8783806764502,True,2024-07-30 18:20:41.255,2024-08-29 18:20:41.255,2024-08-25 18:20:41.255,-4.0,Early,True
20,Adewale Ogunleye,579,Jarib Senior,2024-12-19 18:20:41.255,2024-12-21 18:20:41.255,Approved,Personal Loan,Medium,Fair,2,56504,0.056489821054915214,3191.9008488869295,1117.1652971104252,True,2024-12-26 18:20:41.255,2025-01-25 18:20:41.255,2025-01-21 18:20:41.255,-4.0,Early,True
7,Segun Oladipo,580,Oralia Gifford,2025-01-04 18:20:41.255,2025-01-06 18:20:41.255,Approved,Mortgage,Low,Excellent,4,66742,0.0667252519617576,4453.376766431626,1558.6818682510689,False,,,,,,True
19,Felix Odion,581,Cassie Morley,2024-06-08 18:20:41.255,2024-06-10 18:20:41.255,Approved,Mortgage,Low,Good,3,63145,0.06312915458219986,3986.2904660930103,1395.2016631325534,True,2024-06-15 18:20:41.255,2024-07-15 18:20:41.255,2024-07-11 18:20:41.255,-4.0,Early,True
10,Chinedu Opara,582,Allene Claypole,2024-09-23 18:20:41.255,2024-09-25 18:20:41.255,Approved,Auto Loan,Low,Fair,2,6018,0.006016489861044878,36.20723598376807,12.672532594318824,False,,,,,,True
16,Chika Umeh,583,Erma Vyel,2024-08-01 18:20:41.255,2024-08-03 18:20:41.255,Approved,Personal Loan,High,Excellent,4,23985,0.0239789812756998,575.1358658976596,201.29755306418087,True,2024-08-08 18:20:41.255,2024-09-07 18:20:41.255,2024-09-03 18:20:41.255,-4.0,Early,True
10,Chinedu Opara,584,Dorree Sanja,2024-10-07 18:20:41.255,2024-10-09 18:20:41.255,Approved,Personal Loan,High,Excellent,4,85536,0.08551453585150127,7314.5713385940135,2560.0999685079046,True,2024-10-14 18:20:41.255,2024-11-13 18:20:41.255,2024-11-09 18:20:41.255,-4.0,Early,True
13,Bola Akinwunmi,585,Karin Burkill,2025-02-24 18:20:41.255,2025-02-26 18:20:41.255,Approved,Personal Loan,High,Good,3,14532,0.014528353383300791,211.1260313661271,73.89411097814448,True,2025-03-03 18:20:41.255,2025-04-02 18:20:41.255,2025-03-29 18:20:41.255,-4.0,Early,True
9,Ibrahim Danjuma,586,Lindy Fitzpayn,2024-08-12 18:20:41.255,2024-08-14 18:20:41.255,Approved,Auto Loan,Low,Good,3,31358,0.03135013111708961,983.0774115696961,344.0770940493936,True,2024-08-19 18:20:41.255,2024-09-18 18:20:41.255,2024-09-14 18:20:41.255,-4.0,Early,True
11,Kemi Adebanjo,587,Rube Itzhayek,2024-06-17 18:20:41.255,2024-06-19 18:20:41.255,Approved,Personal Loan,High,Good,3,41430,0.041419603679476454,1716.0141804407094,600.6049631542483,False,,,,,,False
19,Felix Odion,588,Nettie Iddy,2024-09-22 18:20:41.255,2024-09-24 18:20:41.255,Approved,Mortgage,Low,Fair,2,55754,0.055740009257676325,3107.7284761524857,1087.7049666533699,True,2024-09-29 18:20:41.255,2024-10-29 18:20:41.255,2024-10-25 18:20:41.255,-4.0,Early,True
8,Ngozi Okonkwo,589,Saleem Meller,2024-11-15 18:20:41.255,2024-11-17 18:20:41.255,Approved,Mortgage,Low,Fair,2,64203,0.0641868890908382,4120.990840299085,1442.3467941046797,True,2024-11-22 18:20:41.255,2024-12-22 18:20:41.255,2024-12-18 18:20:41.255,-4.0,Early,True
19,Felix Odion,590,Datha McPheat,2024-09-19 18:20:41.255,2024-09-21 18:20:41.255,Approved,Mortgage,Low,Fair,2,83621,0.08360001639588463,6990.716971040269,2446.7509398640937,True,2024-09-26 18:20:41.255,2024-10-26 18:20:41.255,2024-10-22 18:20:41.255,-4.0,Early,True
19,Felix Odion,591,Hashim O'Leahy,2025-01-02 18:20:41.255,2025-01-04 18:20:41.255,Approved,Mortgage,Medium,Fair,2,41918,0.04190748122221322,1756.677797872734,614.8372292554568,False,,,,,,True
16,Chika Umeh,592,Quinn Fulks,2025-02-20 18:20:41.255,2025-02-22 18:20:41.255,Approved,Mortgage,High,Fair,2,86584,0.08656227286950975,7494.907834133633,2623.217741946771,True,2025-02-27 18:20:41.255,2025-03-29 18:20:41.255,2025-03-25 18:20:41.255,-4.0,Early,True
12,Yakubu Bello,593,Jaime Warkup,2024-05-15 18:20:41.255,2024-05-17 18:20:41.255,Approved,Auto Loan,Low,Excellent,4,18331,0.01832640007358153,335.941239748823,117.57943391208805,True,2024-05-22 18:20:41.255,2024-06-21 18:20:41.255,2024-06-17 18:20:41.255,-4.0,Early,True
16,Chika Umeh,594,Xever Baldetti,2024-12-27 18:20:41.255,2024-12-29 18:20:41.255,Approved,Auto Loan,High,Good,3,58420,0.05840534025959484,3412.0399779655304,1194.2139922879355,True,2025-01-03 18:20:41.255,2025-02-02 18:20:41.255,2025-01-29 18:20:41.255,-4.0,Early,True
1,Emeka Okafor,595,Ramonda McKellar,2025-03-04 18:20:41.255,2025-03-06 18:20:41.255,Approved,Auto Loan,Low,Fair,2,90526,0.09050328367579738,8192.900258035233,2867.5150903123317,True,2025-03-11 18:20:41.255,2025-04-10 18:20:41.255,2025-04-06 18:20:41.255,-4.0,Early,True
9,Ibrahim Danjuma,596,Clementius Everington,2024-09-19 18:20:41.255,2024-09-21 18:20:41.255,Approved,Auto Loan,Medium,Good,3,31272,0.03126415269767288,977.6925831616263,342.1924041065692,True,2024-09-26 18:20:41.255,2024-10-26 18:20:41.255,2024-10-22 18:20:41.255,-4.0,Early,True
2,Chioma Nwosu,597,Maurits Kix,2024-04-21 18:20:41.255,2024-04-23 18:20:41.255,Approved,Personal Loan,High,Good,3,14973,0.01496924272007726,224.13447124771682,78.44706493670088,False,,,,,,True
9,Ibrahim Danjuma,598,Gerard Steketee,2024-10-13 18:20:41.255,2024-10-15 18:20:41.255,Approved,Personal Loan,High,Fair,2,76494,0.07647480482398918,5849.863720206228,2047.4523020721797,False,,,,,,True
19,Felix Odion,599,Etan Poyle,2024-08-22 18:20:41.255,2024-08-24 18:20:41.255,Approved,Mortgage,High,Fair,2,36123,0.03611393540221405,1304.543688534178,456.59029098696226,False,,,,,,True
11,Kemi Adebanjo,600,Bart Eakle,2025-01-16 18:20:41.255,2025-01-18 18:20:41.255,Approved,Personal Loan,Medium,Fair,2,99854,0.09982894293532324,9968.319267863766,3488.9117437523178,True,2025-01-23 18:20:41.255,2025-02-22 18:20:41.255,2025-02-18 18:20:41.255,-4.0,Early,True
17,Rasheed Lawal,601,Nadean Fielding,2024-12-04 18:20:41.255,2024-12-06 18:20:41.255,Approved,Mortgage,Medium,Fair,2,29639,0.029631562477818067,878.2498802800496,307.38745809801736,True,2024-12-11 18:20:41.255,2025-01-10 18:20:41.255,2025-01-06 18:20:41.255,-4.0,Early,True
20,Adewale Ogunleye,602,Charyl Haimes,2024-03-13 18:20:41.255,2024-03-15 18:20:41.255,Approved,Auto Loan,Low,Fair,2,19953,0.01994799305374351,398.0223054013443,139.3078068904705,False,,,,,,False
14,Zainab Suleiman,603,Cathlene Bellas,2025-02-13 18:20:41.255,2025-02-15 18:20:41.255,Approved,Mortgage,High,Fair,2,68169,0.06815189387463746,4645.846453540162,1626.0462587390566,True,2025-02-20 18:20:41.255,2025-03-22 18:20:41.255,2025-03-18 18:20:41.255,-4.0,Early,True
13,Bola Akinwunmi,604,Johnathan Audiss,2024-10-09 18:20:41.255,2024-10-11 18:20:41.255,Approved,Mortgage,Medium,Fair,2,94643,0.09461925056810741,8955.049731517389,3134.267406031086,True,2024-10-16 18:20:41.255,2024-11-15 18:20:41.255,2024-11-11 18:20:41.255,-4.0,Early,True
10,Chinedu Opara,605,Brenna Dacks,2024-03-14 18:20:41.255,2024-03-16 18:20:41.255,Approved,Personal Loan,Low,Fair,2,40063,0.040052946710375695,1604.6412040577814,561.6244214202235,True,2024-03-21 18:20:41.255,2024-04-20 18:20:41.255,2024-04-16 18:20:41.255,-4.0,Early,False
15,Gbenga Adesina,606,Rhoda McKeown,2025-01-27 18:20:41.255,2025-01-29 18:20:41.255,Approved,Personal Loan,Low,Fair,2,84961,0.08493968014028479,7216.560164398736,2525.7960575395573,True,2025-02-03 18:20:41.255,2025-03-05 18:20:41.255,2025-03-01 18:20:41.255,-4.0,Early,True
5,Obinna Eze,607,Tirrell Haysham,2024-03-13 18:20:41.255,2024-03-15 18:20:41.255,Approved,Mortgage,High,Fair,2,32659,0.03265080464803334,1066.342629000121,373.2199201500423,False,,,,,,False
14,Zainab Suleiman,608,Fiona Clines,2024-10-29 18:20:41.255,2024-10-31 18:20:41.255,Approved,Mortgage,High,Fair,2,27100,0.02709319960689867,734.2257093469539,256.97899827143385,True,2024-11-05 18:20:41.255,2024-12-05 18:20:41.255,2024-12-01 18:20:41.255,-4.0,Early,True
2,Chioma Nwosu,609,Tiphany Bonnier,2024-11-08 18:20:41.255,2024-11-10 18:20:41.255,Approved,Auto Loan,Medium,Good,3,76633,0.07661376994374412,5871.143032098943,2054.90006123463,True,2024-11-15 18:20:41.255,2024-12-15 18:20:41.255,2024-12-11 18:20:41.255,-4.0,Early,True
3,Tunde Balogun,610,Jayme Baunton,2025-03-06 18:20:41.255,2025-03-08 18:20:41.255,Approved,Mortgage,Medium,Fair,2,20327,0.02032189920329997,413.0832451054785,144.57913578691748,True,2025-03-13 18:20:41.255,2025-04-12 18:20:41.255,2025-04-08 18:20:41.255,-4.0,Early,True
1,Emeka Okafor,611,Adolphus Seers,2024-03-31 18:20:41.255,2024-04-02 18:20:41.255,Approved,Personal Loan,High,Good,3,45554,0.04554256881522738,2074.646179808868,726.1261629331037,False,,,,,,True
17,Rasheed Lawal,612,Gunther Jackman,2024-05-22 18:20:41.255,2024-05-24 18:20:41.255,Approved,Auto Loan,Medium,Fair,2,73798,0.0737794813501811,5444.778164680665,1905.6723576382326,False,,,,,,True
9,Ibrahim Danjuma,613,Duff Anan,2024-07-15 18:20:41.255,2024-07-17 18:20:41.255,Approved,Personal Loan,High,Excellent,4,53029,0.05301569306104168,2811.3691873339794,983.9792155668928,False,,,,,,True
11,Kemi Adebanjo,614,Ddene Burleton,2025-02-26 18:20:41.255,2025-02-28 18:20:41.255,Approved,Mortgage,Low,Good,3,44800,0.04478875802173654,2006.536359373797,702.287725780829,True,2025-03-05 18:20:41.255,2025-04-04 18:20:41.255,2025-03-31 18:20:41.255,-4.0,Early,True
16,Chika Umeh,615,Sydney Endacott,2024-12-02 18:20:41.255,2024-12-04 18:20:41.255,Approved,Mortgage,Medium,Fair,2,42802,0.04279125939389213,1831.551484577371,641.0430196020798,True,2024-12-09 18:20:41.255,2025-01-08 18:20:41.255,2025-01-04 18:20:41.255,-4.0,Early,True
5,Obinna Eze,616,Edik Connichie,2025-01-30 18:20:41.255,2025-02-01 18:20:41.255,Approved,Auto Loan,Medium,Good,3,27490,0.027483101741462894,755.510466872815,264.4286634054852,False,,,,,,True
11,Kemi Adebanjo,617,Eugenius Packe,2024-10-09 18:20:41.255,2024-10-11 18:20:41.255,Approved,Personal Loan,Low,Fair,2,82637,0.08261626331790721,6827.160151801898,2389.506053130664,True,2024-10-16 18:20:41.255,2024-11-15 18:20:41.255,2024-11-11 18:20:41.255,-4.0,Early,True
1,Emeka Okafor,618,Humfrey Frankland,2024-04-01 18:20:41.255,2024-04-03 18:20:41.255,Approved,Personal Loan,Medium,Good,3,75629,0.075610021884507,5718.310345103379,2001.4086207861826,True,2024-04-08 18:20:41.255,2024-05-08 18:20:41.255,2024-05-04 18:20:41.255,-4.0,Early,False
13,Bola Akinwunmi,619,Nikola Jeanon,2024-03-25 18:20:41.255,2024-03-27 18:20:41.255,Approved,Mortgage,High,Excellent,4,60304,0.06028886749425894,3635.659865373791,1272.4809528808269,True,2024-04-01 18:20:41.255,2024-05-01 18:20:41.255,2024-04-27 18:20:41.255,-4.0,Early,False
18,Amaka Obi,620,Sue Chapelhow,2025-03-01 18:20:41.255,2025-03-03 18:20:41.255,Approved,Mortgage,Low,Excellent,4,40549,0.0405388247549865,1643.8088049899475,575.3330817464815,True,2025-03-08 18:20:41.255,2025-04-07 18:20:41.255,2025-04-03 18:20:41.255,-4.0,Early,True
16,Chika Umeh,621,Cassandra Aucoate,2024-10-24 18:20:41.255,2024-10-26 18:20:41.255,Approved,Mortgage,Medium,Excellent,4,19043,0.019038221406426987,362.5448502425891,126.89069758490618,True,2024-10-31 18:20:41.255,2024-11-30 18:20:41.255,2024-11-26 18:20:41.255,-4.0,Early,True
15,Gbenga Adesina,622,Zebulen Swadon,2024-12-21 18:20:41.255,2024-12-23 18:20:41.255,Approved,Auto Loan,Medium,Fair,2,63902,0.06388596462287965,4082.440911331256,1428.8543189659395,True,2024-12-28 18:20:41.255,2025-01-27 18:20:41.255,2025-01-23 18:20:41.255,-4.0,Early,True
20,Adewale Ogunleye,623,Ernestus Cruden,2024-10-07 18:20:41.255,2024-10-09 18:20:41.255,Approved,Auto Loan,Low,Fair,2,36596,0.03658681670900604,1338.9311442827852,468.6259004989748,False,,,,,,True
5,Obinna Eze,624,Duke Allnatt,2025-03-08 18:20:41.255,2025-03-10 18:20:41.255,Approved,Auto Loan,High,Fair,2,49761,0.04974851312320608,2475.5357615238577,866.4375165333502,False,,,,,,True
11,Kemi Adebanjo,625,Ken Renfree,2024-05-22 18:20:41.255,2024-05-24 18:20:41.255,Approved,Personal Loan,Medium,Fair,2,23279,0.023273158437232256,541.7758552603296,189.62154934111535,True,2024-05-29 18:20:41.255,2024-06-28 18:20:41.255,2024-06-24 18:20:41.255,-4.0,Early,True
7,Segun Oladipo,626,Lebbie Bruck,2024-06-26 18:20:41.255,2024-06-28 18:20:41.255,Approved,Personal Loan,Low,Fair,2,19249,0.019244169713401937,370.4310228132739,129.65085798464585,True,2024-07-03 18:20:41.255,2024-08-02 18:20:41.255,2024-07-29 18:20:41.255,-4.0,Early,True
1,Emeka Okafor,627,Alidia Durrett,2025-02-19 18:20:41.255,2025-02-21 18:20:41.255,Approved,Auto Loan,High,Excellent,4,24493,0.024486853799696277,599.756510115961,209.91477854058633,True,2025-02-26 18:20:41.255,2025-03-28 18:20:41.255,2025-03-24 18:20:41.255,-4.0,Early,True
6,Funke Adeyemi,628,Mella Petrovsky,2024-04-27 18:20:41.255,2024-04-29 18:20:41.255,Approved,Personal Loan,Low,Excellent,4,69628,0.06961052775753286,4846.841826701498,1696.3946393455242,False,,,,,,False
2,Chioma Nwosu,629,Bart Creenan,2024-03-29 18:20:41.255,2024-03-31 18:20:41.255,Approved,Personal Loan,Low,Fair,2,47895,0.04788298137167571,2293.355392796408,802.6743874787428,False,,,,,,True
13,Bola Akinwunmi,630,Filia Rosson,2024-11-29 18:20:41.255,2024-12-01 18:20:41.255,Approved,Auto Loan,Medium,Excellent,4,36049,0.03603995397155314,1299.2043007205193,454.7215052521817,True,2024-12-06 18:20:41.255,2025-01-05 18:20:41.255,2025-01-01 18:20:41.255,-4.0,Early,True
15,Gbenga Adesina,631,Adelaida Redmond,2024-07-09 18:20:41.255,2024-07-11 18:20:41.255,Approved,Personal Loan,Low,Good,3,94762,0.09473822070660265,8977.58327059908,3142.154144709678,False,,,,,,True
8,Ngozi Okonkwo,632,Alisun Heinecke,2024-03-23 18:20:41.255,2024-03-25 18:20:41.255,Approved,Auto Loan,High,Excellent,4,5450,0.00544863239326929,29.695046543317627,10.393266290161169,True,2024-03-30 18:20:41.255,2024-04-29 18:20:41.255,2024-04-25 18:20:41.255,-4.0,Early,False
14,Zainab Suleiman,633,Margalit Dorwood,2025-02-09 18:20:41.255,2025-02-11 18:20:41.255,Approved,Personal Loan,High,Excellent,4,36368,0.03635887392264542,1322.2995268187685,462.8048343865689,False,,,,,,True
18,Amaka Obi,634,Hyatt Craine,2024-08-17 18:20:41.255,2024-08-19 18:20:41.255,Approved,Mortgage,High,Good,3,78517,0.07849729717840823,6163.3722825570785,2157.180298894977,True,2024-08-24 18:20:41.255,2024-09-23 18:20:41.255,2024-09-19 18:20:41.255,-4.0,Early,True
16,Chika Umeh,635,Otto Huriche,2024-11-01 18:20:41.255,2024-11-03 18:20:41.255,Approved,Personal Loan,Medium,Excellent,4,81898,0.08187744876036115,6705.599298576058,2346.95975450162,True,2024-11-08 18:20:41.255,2024-12-08 18:20:41.255,2024-12-04 18:20:41.255,-4.0,Early,True
19,Felix Odion,636,Grange Skillington,2024-04-17 18:20:41.255,2024-04-19 18:20:41.255,Approved,Mortgage,High,Excellent,4,49059,0.04904668928099047,2406.1815294361118,842.163535302639,True,2024-04-24 18:20:41.255,2024-05-24 18:20:41.255,2024-05-20 18:20:41.255,-4.0,Early,True
3,Tunde Balogun,637,Carolann O'Hallagan,2025-02-25 18:20:41.255,2025-02-27 18:20:41.255,Approved,Personal Loan,Medium,Fair,2,71812,0.07179397971109251,5155.6692710129755,1804.4842448545412,False,,,,,,True
11,Kemi Adebanjo,638,Nonnah Johns,2024-10-04 18:20:41.255,2024-10-06 18:20:41.255,Approved,Auto Loan,High,Good,3,33111,0.03310269122450265,1096.0632091345071,383.6221231970775,False,,,,,,True
14,Zainab Suleiman,639,Rebeca Martonfi,2024-05-31 18:20:41.255,2024-06-02 18:20:41.255,Approved,Auto Loan,Medium,Fair,2,56089,0.05607492519377636,3145.1864791937223,1100.8152677178027,False,,,,,,False
1,Emeka Okafor,640,Perl Bysaker,2024-06-21 18:20:41.255,2024-06-23 18:20:41.255,Approved,Mortgage,Medium,Fair,2,45976,0.04596446291980713,2113.262147201053,739.6417515203684,True,2024-06-28 18:20:41.255,2024-07-28 18:20:41.255,2024-07-24 18:20:41.255,-4.0,Early,True
8,Ngozi Okonkwo,641,Idell Cole,2024-04-09 18:20:41.255,2024-04-11 18:20:41.255,Approved,Mortgage,High,Fair,2,12780,0.012776793024950737,163.28741485887042,57.15059520060464,True,2024-04-16 18:20:41.255,2024-05-16 18:20:41.255,2024-05-12 18:20:41.255,-4.0,Early,True
13,Bola Akinwunmi,642,Lucho Mitie,2024-08-05 18:20:41.255,2024-08-07 18:20:41.255,Approved,Auto Loan,Low,Fair,2,42483,0.04247233944279986,1804.3523965484662,631.5233387919632,True,2024-08-12 18:20:41.255,2024-09-11 18:20:41.255,2024-09-07 18:20:41.255,-4.0,Early,True
4,Aisha Mohammed,643,Finn Dahlman,2024-11-22 18:20:41.255,2024-11-24 18:20:41.255,Approved,Mortgage,Medium,Excellent,4,27300,0.027293149419495708,745.1029791522328,260.78604270328145,True,2024-11-29 18:20:41.255,2024-12-29 18:20:41.255,2024-12-25 18:20:41.255,-4.0,Early,True
6,Funke Adeyemi,644,Willy Langley,2024-08-18 18:20:41.255,2024-08-20 18:20:41.255,Approved,Personal Loan,High,Excellent,4,5951,0.00594950667382487,35.4055142159318,12.39192997557613,True,2024-08-25 18:20:41.255,2024-09-24 18:20:41.255,2024-09-20 18:20:41.255,-4.0,Early,True
13,Bola Akinwunmi,645,Constantin Giacobbo,2024-09-10 18:20:41.255,2024-09-12 18:20:41.255,Approved,Mortgage,Low,Fair,2,31939,0.031930985322684007,1019.8437402212045,356.94530907742154,False,,,,,,True
3,Tunde Balogun,646,Arri Lamden,2024-03-13 18:20:41.255,2024-03-15 18:20:41.255,Approved,Auto Loan,High,Good,3,72899,0.07288070694255742,5312.930655405494,1859.5257293919226,False,,,,,,False
13,Bola Akinwunmi,647,Hazel Brokenshire,2024-11-03 18:20:41.255,2024-11-05 18:20:41.255,Approved,Mortgage,Medium,Excellent,4,40262,0.04025189677390975,1620.6218679111544,567.217653768904,False,,,,,,True
14,Zainab Suleiman,648,Winny Girtin,2024-03-09 18:20:41.255,2024-03-11 18:20:41.255,Approved,Auto Loan,Medium,Excellent,4,64900,0.06488371418773888,4210.953050784253,1473.8335677744883,True,2024-03-16 18:20:41.255,2024-04-15 18:20:41.255,2024-04-11 18:20:41.255,-4.0,Early,False
11,Kemi Adebanjo,649,Abra Probets,2024-12-09 18:20:41.255,2024-12-11 18:20:41.255,Approved,Auto Loan,Medium,Excellent,4,21728,0.021722547640542225,471.9875151337015,165.1956302967955,True,2024-12-16 18:20:41.255,2025-01-15 18:20:41.255,2025-01-11 18:20:41.255,-4.0,Early,True
14,Zainab Suleiman,650,Albrecht Forty,2024-05-04 18:20:41.255,2024-05-06 18:20:41.255,Approved,Personal Loan,Medium,Fair,2,5662,0.00566057919462215,32.050199399950614,11.217569789982715,False,,,,,,False
17,Rasheed Lawal,651,Shanta Knill,2025-02-23 18:20:41.255,2025-02-25 18:20:41.255,Approved,Auto Loan,High,Fair,2,86571,0.08654927613169094,7492.657383996617,2622.430084398816,True,2025-03-02 18:20:41.255,2025-04-01 18:20:41.255,2025-03-28 18:20:41.255,-4.0,Early,True
2,Chioma Nwosu,652,Mallissa Gillespie,2024-12-18 18:20:41.255,2024-12-20 18:20:41.255,Approved,Mortgage,High,Fair,2,5320,0.005318665015081214,28.29529788023206,9.90335425808122,True,2024-12-25 18:20:41.255,2025-01-24 18:20:41.255,2025-01-20 18:20:41.255,-4.0,Early,True
6,Funke Adeyemi,653,Basil Brellin,2025-01-12 18:20:41.255,2025-01-14 18:20:41.255,Approved,Mortgage,Low,Excellent,4,87704,0.08768199182005317,7690.061410585943,2691.52149370508,True,2025-01-19 18:20:41.255,2025-02-18 18:20:41.255,2025-02-14 18:20:41.255,-4.0,Early,True
6,Funke Adeyemi,654,D'arcy Rowden,2024-10-29 18:20:41.255,2024-10-31 18:20:41.255,Approved,Personal Loan,High,Fair,2,88967,0.08894467488660346,7913.1408906364495,2769.599311722757,False,,,,,,True
5,Obinna Eze,655,Ortensia Dronsfield,2024-12-06 18:20:41.255,2024-12-08 18:20:41.255,Approved,Personal Loan,Low,Fair,2,9584,0.009581595019650068,91.83000666832625,32.140502333914185,True,2024-12-13 18:20:41.255,2025-01-12 18:20:41.255,2025-01-08 18:20:41.255,-4.0,Early,True
10,Chinedu Opara,656,Angeli O'Hegertie,2024-07-21 18:20:41.255,2024-07-23 18:20:41.255,Approved,Auto Loan,Low,Fair,2,34017,0.03400846387556723,1156.8659156551705,404.90307047930963,True,2024-07-28 18:20:41.255,2024-08-27 18:20:41.255,2024-08-23 18:20:41.255,-4.0,Early,True
1,Emeka Okafor,657,Alair Hopkins,2024-08-11 18:20:41.255,2024-08-13 18:20:41.255,Approved,Auto Loan,Low,Fair,2,10232,0.01022943241246447,104.66755244433647,36.63364335551776,False,,,,,,True
6,Funke Adeyemi,658,Melonie Zisneros,2024-08-28 18:20:41.255,2024-08-30 18:20:41.255,Approved,Auto Loan,Low,Good,3,7541,0.007539107683971323,56.85241104482775,19.89834386568971,True,2024-09-04 18:20:41.255,2024-10-04 18:20:41.255,2024-09-30 18:20:41.255,-4.0,Early,True
3,Tunde Balogun,659,Joelle Prior,2024-05-16 18:20:41.255,2024-05-18 18:20:41.255,Approved,Mortgage,High,Fair,2,24445,0.02443886584467299,597.4080755730312,209.0928264505609,True,2024-05-23 18:20:41.255,2024-06-22 18:20:41.255,2024-06-18 18:20:41.255,-4.0,Early,True
20,Adewale Ogunleye,660,Alejandrina Canavan,2025-01-22 18:20:41.255,2025-01-24 18:20:41.255,Approved,Auto Loan,Medium,Good,3,25013,0.025006723312448575,625.4931702142762,218.92260957499667,False,,,,,,True
16,Chika Umeh,661,Mercy Wilsone,2024-07-29 18:20:41.255,2024-07-31 18:20:41.255,Approved,Personal Loan,Medium,Fair,2,91863,0.09183994817300857,8436.693159017086,2952.84260565598,True,2024-08-05 18:20:41.255,2024-09-04 18:20:41.255,2024-08-31 18:20:41.255,-4.0,Early,True
11,Kemi Adebanjo,662,Joey Ledram,2024-07-05 18:20:41.255,2024-07-07 18:20:41.255,Approved,Personal Loan,High,Fair,2,19053,0.019048218897056837,362.92571464562394,127.02400012596837,True,2024-07-12 18:20:41.255,2024-08-11 18:20:41.255,2024-08-07 18:20:41.255,-4.0,Early,True
12,Yakubu Bello,663,Mayor Ismay,2025-03-06 18:20:41.255,2025-03-08 18:20:41.255,Approved,Auto Loan,High,Fair,2,9752,0.00974955286223158,95.07763951248236,33.27717382936883,True,2025-03-13 18:20:41.255,2025-04-12 18:20:41.255,2025-04-08 18:20:41.255,-4.0,Early,True
10,Chinedu Opara,664,Galvin O'Keenan,2024-04-15 18:20:41.255,2024-04-17 18:20:41.255,Approved,Personal Loan,High,Fair,2,61278,0.061262623081606515,3754.051017194684,1313.9178560181392,False,,,,,,False
15,Gbenga Adesina,665,Foster Haysar,2024-06-11 18:20:41.255,2024-06-13 18:20:41.255,Approved,Auto Loan,Low,Excellent,4,74398,0.07437933078797222,5533.673451963557,1936.785708187245,True,2024-06-18 18:20:41.255,2024-07-18 18:20:41.255,2024-07-14 18:20:41.255,-4.0,Early,True
3,Tunde Balogun,666,Les Mines,2025-02-03 18:20:41.255,2025-02-05 18:20:41.255,Approved,Mortgage,Low,Excellent,4,43729,0.0437180267752794,1911.745592856193,669.1109574996675,True,2025-02-10 18:20:41.255,2025-03-12 18:20:41.255,2025-03-08 18:20:41.255,-4.0,Early,True
1,Emeka Okafor,667,Carolee Butters,2024-07-03 18:20:41.255,2024-07-05 18:20:41.255,Approved,Auto Loan,High,Good,3,57009,0.05699469433172274,3249.2105291571816,1137.2236852050135,False,,,,,,True
9,Ibrahim Danjuma,668,Tomlin Hastwall,2024-04-10 18:20:41.255,2024-04-12 18:20:41.255,Approved,Mortgage,High,Fair,2,77919,0.07789944723874308,6069.847029395622,2124.4464602884673,True,2024-04-17 18:20:41.255,2024-05-17 18:20:41.255,2024-05-13 18:20:41.255,-4.0,Early,True
8,Ngozi Okonkwo,669,Randolf Durant,2025-01-05 18:20:41.255,2025-01-07 18:20:41.255,Approved,Auto Loan,High,Excellent,4,65238,0.06522162937102788,4254.928656907116,1489.2250299174907,False,,,,,,True
14,Zainab Suleiman,670,Rowena Parchment,2024-07-27 18:20:41.255,2024-07-29 18:20:41.255,Approved,Auto Loan,Low,Excellent,4,29391,0.02938362471019774,863.6141138574218,302.2649398500976,True,2024-08-03 18:20:41.255,2024-09-02 18:20:41.255,2024-08-29 18:20:41.255,-4.0,Early,True
19,Felix Odion,671,Stanislas Baildon,2024-04-03 18:20:41.255,2024-04-05 18:20:41.255,Approved,Auto Loan,Medium,Fair,2,40756,0.040745772811024435,1660.634716686112,581.2221508401391,False,,,,,,True
15,Gbenga Adesina,672,Gardiner Nutley,2024-12-20 18:20:41.255,2024-12-22 18:20:41.255,Approved,Personal Loan,Low,Fair,2,36429,0.036419858615487515,1326.7390295035946,464.3586603262581,True,2024-12-27 18:20:41.255,2025-01-26 18:20:41.255,2025-01-22 18:20:41.255,-4.0,Early,True
20,Adewale Ogunleye,673,Krissie Dinan,2024-05-10 18:20:41.255,2024-05-12 18:20:41.255,Approved,Personal Loan,Low,Fair,2,62633,0.06261728306195145,3921.908290019205,1372.6679015067218,False,,,,,,False
9,Ibrahim Danjuma,674,Matthew Petschelt,2024-06-08 18:20:41.255,2024-06-10 18:20:41.255,Approved,Personal Loan,Low,Fair,2,17353,0.017348645489982016,301.0510451876579,105.36786581568026,False,,,,,,True
20,Adewale Ogunleye,675,Minni Deegin,2024-10-26 18:20:41.255,2024-10-28 18:20:41.255,Approved,Auto Loan,High,Fair,2,98656,0.09863124355786698,9730.563964444926,3405.6973875557237,False,,,,,,True
11,Kemi Adebanjo,676,Edee Stoker,2024-07-17 18:20:41.255,2024-07-19 18:20:41.255,Approved,Personal Loan,Low,Fair,2,96548,0.09652377253309419,9319.177190525177,3261.7120166838117,False,,,,,,True
4,Aisha Mohammed,677,Maxy Hurles,2024-09-12 18:20:41.255,2024-09-14 18:20:41.255,Approved,Auto Loan,High,Fair,2,31820,0.03181201518418877,1012.2583231608866,354.29041310631027,False,,,,,,False
9,Ibrahim Danjuma,678,Noelani Andreuzzi,2024-08-18 18:20:41.255,2024-08-20 18:20:41.255,Approved,Mortgage,Medium,Fair,2,61194,0.06117864416031576,3743.7659507463627,1310.3180827612268,False,,,,,,True
20,Adewale Ogunleye,679,Stuart Gebhardt,2025-02-21 18:20:41.255,2025-02-23 18:20:41.255,Approved,Personal Loan,High,Good,3,90332,0.09030933235757825,8157.822610524759,2855.2379136836653,False,,,,,,True
2,Chioma Nwosu,680,Marty Lebreton,2024-04-03 18:20:41.255,2024-04-05 18:20:41.255,Approved,Auto Loan,Low,Good,3,7726,0.007724061260623583,59.676097299577805,20.88663405485223,True,2024-04-10 18:20:41.255,2024-05-10 18:20:41.255,2024-05-06 18:20:41.255,-4.0,Early,True
17,Rasheed Lawal,681,Donn Bonnell,2025-02-24 18:20:41.255,2025-02-26 18:20:41.255,Approved,Personal Loan,Medium,Fair,2,37348,0.037338628004370905,1394.5230787072446,488.0830775475356,False,,,,,,True
4,Aisha Mohammed,682,Natalee Stringman,2024-08-25 18:20:41.255,2024-08-27 18:20:41.255,Approved,Personal Loan,Low,Fair,2,7926,0.007924011073220622,62.805711766346654,21.981999118221328,True,2024-09-01 18:20:41.255,2024-10-01 18:20:41.255,2024-09-27 18:20:41.255,-4.0,Early,True
6,Funke Adeyemi,683,Cinderella Haslen,2024-03-17 18:20:41.255,2024-03-19 18:20:41.255,Approved,Personal Loan,High,Good,3,28901,0.028893747669334998,835.0582013914508,292.27037048700777,False,,,,,,False
18,Amaka Obi,684,Bonnibelle Imos,2024-10-24 18:20:41.255,2024-10-26 18:20:41.255,Approved,Personal Loan,High,Good,3,23440,0.02343411803637287,549.2957267725801,192.25350437040302,True,2024-10-31 18:20:41.255,2024-11-30 18:20:41.255,2024-11-26 18:20:41.255,-4.0,Early,True
18,Amaka Obi,685,Massimo Seymour,2024-08-24 18:20:41.255,2024-08-26 18:20:41.255,Approved,Auto Loan,High,Excellent,4,23215,0.023209174497201203,538.8009859525259,188.58034508338406,True,2024-08-31 18:20:41.255,2024-09-30 18:20:41.255,2024-09-26 18:20:41.255,-4.0,Early,True
19,Felix Odion,686,Mathe Scatcher,2024-12-09 18:20:41.255,2024-12-11 18:20:41.255,Approved,Auto Loan,Low,Fair,2,96796,0.09677171030071452,9367.114470267963,3278.490064593787,True,2024-12-16 18:20:41.255,2025-01-15 18:20:41.255,2025-01-11 18:20:41.255,-4.0,Early,True
6,Funke Adeyemi,687,Chan Kirckman,2024-10-11 18:20:41.255,2024-10-13 18:20:41.255,Approved,Auto Loan,Low,Excellent,4,77877,0.0778574577780977,6063.305239384915,2122.15683378472,False,,,,,,True
15,Gbenga Adesina,688,Anselma Ricardon,2024-10-09 18:20:41.255,2024-10-11 18:20:41.255,Approved,Mortgage,High,Good,3,38667,0.03865729701844837,1494.761703812343,523.16659633432,True,2024-10-16 18:20:41.255,2024-11-15 18:20:41.255,2024-11-11 18:20:41.255,-4.0,Early,True
2,Chioma Nwosu,689,Nicoline Samwayes,2024-12-12 18:20:41.255,2024-12-14 18:20:41.255,Approved,Mortgage,Low,Fair,2,49821,0.04980849806698519,2481.509182195269,868.5282137683441,True,2024-12-19 18:20:41.255,2025-01-18 18:20:41.255,2025-01-14 18:20:41.255,-4.0,Early,True
3,Tunde Balogun,690,Ebony Threadgall,2024-09-17 18:20:41.255,2024-09-19 18:20:41.255,Approved,Mortgage,High,Fair,2,58533,0.05851831190371217,3425.2523506599846,1198.8383227309946,True,2024-09-24 18:20:41.255,2024-10-24 18:20:41.255,2024-10-20 18:20:41.255,-4.0,Early,True
14,Zainab Suleiman,691,Fleur Whittlesea,2024-06-09 18:20:41.255,2024-06-11 18:20:41.255,Approved,Mortgage,High,Excellent,4,90981,0.09095816949945564,8275.465219229973,2896.4128267304905,True,2024-06-16 18:20:41.255,2024-07-16 18:20:41.255,2024-07-12 18:20:41.255,-4.0,Early,True
1,Emeka Okafor,692,Janifer Pountain,2025-02-28 18:20:41.255,2025-03-02 18:20:41.255,Approved,Mortgage,High,Fair,2,77380,0.07736058249379406,5986.161873369784,2095.156655679424,True,2025-03-07 18:20:41.255,2025-04-06 18:20:41.255,2025-04-02 18:20:41.255,-4.0,Early,True
13,Bola Akinwunmi,693,Aristotle Vanni,2024-08-30 18:20:41.255,2024-09-01 18:20:41.255,Approved,Mortgage,Low,Fair,2,98995,0.09897015849021895,9797.550839739226,3429.142793908729,True,2024-09-06 18:20:41.255,2024-10-06 18:20:41.255,2024-10-02 18:20:41.255,-4.0,Early,True
20,Adewale Ogunleye,694,Kleon Pallatina,2024-12-26 18:20:41.255,2024-12-28 18:20:41.255,Approved,Auto Loan,High,Fair,2,40378,0.04036786766521603,1629.9737605860928,570.4908162051324,True,2025-01-02 18:20:41.255,2025-02-01 18:20:41.255,2025-01-28 18:20:41.255,-4.0,Early,True
12,Yakubu Bello,695,Artie Ommanney,2024-10-12 18:20:41.255,2024-10-14 18:20:41.255,Approved,Auto Loan,High,Good,3,49146,0.04913366744947018,2414.7232204716615,845.1531271650815,False,,,,,,True
2,Chioma Nwosu,696,Dalila Rosel,2024-04-10 18:20:41.255,2024-04-12 18:20:41.255,Approved,Mortgage,Low,Good,3,73364,0.07334559025684553,5380.925883603216,1883.3240592611255,True,2024-04-17 18:20:41.255,2024-05-17 18:20:41.255,2024-05-13 18:20:41.255,-4.0,Early,True
20,Adewale Ogunleye,697,Sharl Wiggin,2024-12-25 18:20:41.255,2024-12-27 18:20:41.255,Approved,Personal Loan,Low,Fair,2,62890,0.06287421857113865,3954.1596059389094,1383.955862078618,True,2025-01-01 18:20:41.255,2025-01-31 18:20:41.255,2025-01-27 18:20:41.255,-4.0,Early,True
12,Yakubu Bello,698,El Toupe,2024-12-06 18:20:41.255,2024-12-08 18:20:41.255,Approved,Auto Loan,High,Fair,2,82830,0.08280921488706335,6859.087269095457,2400.6805441834094,True,2024-12-13 18:20:41.255,2025-01-12 18:20:41.255,2025-01-08 18:20:41.255,-4.0,Early,True
3,Tunde Balogun,699,Ambur Symcoxe,2024-11-03 18:20:41.255,2024-11-05 18:20:41.255,Approved,Auto Loan,Low,Fair,2,53605,0.05359154852132115,2872.77495848542,1005.4712354698969,True,2024-11-10 18:20:41.255,2024-12-10 18:20:41.255,2024-12-06 18:20:41.255,-4.0,Early,True
5,Obinna Eze,700,Yolande Whild,2024-07-21 18:20:41.255,2024-07-23 18:20:41.255,Approved,Mortgage,Medium,Fair,2,47910,0.04789797760762049,2294.792107181098,803.1772375133842,True,2024-07-28 18:20:41.255,2024-08-27 18:20:41.255,2024-08-23 18:20:41.255,-4.0,Early,False
11,Kemi Adebanjo,701,Gay Pickersgill,2024-12-01 18:20:41.255,2024-12-03 18:20:41.255,Approved,Auto Loan,Low,Excellent,4,25622,0.025615570491806558,656.3221471410676,229.71275149937364,False,,,,,,True
9,Ibrahim Danjuma,702,Jobyna Elgey,2024-08-17 18:20:41.255,2024-08-19 18:20:41.255,Approved,Auto Loan,Medium,Excellent,4,64990,0.06497369160340755,4222.640217305457,1477.9240760569098,True,2024-08-24 18:20:41.255,2024-09-23 18:20:41.255,2024-09-19 18:20:41.255,-4.0,Early,True
11,Kemi Adebanjo,703,Ole Euplate,2024-09-28 18:20:41.255,2024-09-30 18:20:41.255,Approved,Personal Loan,Medium,Good,3,76837,0.0768177187525931,5902.443055792996,2065.8550695275485,True,2024-10-05 18:20:41.255,2024-11-04 18:20:41.255,2024-10-31 18:20:41.255,-4.0,Early,True
16,Chika Umeh,704,Brennan Gagen,2024-10-22 18:20:41.255,2024-10-24 18:20:41.255,Approved,Personal Loan,Low,Fair,2,62847,0.06283122936143028,3948.7542716778084,1382.0639950872328,True,2024-10-29 18:20:41.255,2024-11-28 18:20:41.255,2024-11-24 18:20:41.255,-4.0,Early,True
9,Ibrahim Danjuma,705,Booth Birkin,2024-11-11 18:20:41.255,2024-11-13 18:20:41.255,Approved,Mortgage,Medium,Good,3,94653,0.09462924805873725,8956.942216503658,3134.92977577628,True,2024-11-18 18:20:41.255,2024-12-18 18:20:41.255,2024-12-14 18:20:41.255,-4.0,Early,True
6,Funke Adeyemi,706,Hallie Le feaver,2024-09-27 18:20:41.255,2024-09-29 18:20:41.255,Approved,Mortgage,Low,Good,3,87529,0.08750703573403076,7659.403330763978,2680.791165767392,True,2024-10-04 18:20:41.255,2024-11-03 18:20:41.255,2024-10-30 18:20:41.255,-4.0,Early,True
16,Chika Umeh,707,Welby Ninnotti,2024-08-04 18:20:41.255,2024-08-06 18:20:41.255,Approved,Auto Loan,High,Fair,2,75098,0.07507915513206186,5638.294392107581,1973.4030372376533,True,2024-08-11 18:20:41.255,2024-09-10 18:20:41.255,2024-09-06 18:20:41.255,-4.0,Early,True
19,Felix Odion,708,Baron Bullus,2024-05-07 18:20:41.255,2024-05-09 18:20:41.255,Approved,Auto Loan,High,Excellent,4,29594,0.029586573769983734,875.5850641488986,306.45477245211447,True,2024-05-14 18:20:41.255,2024-06-13 18:20:41.255,2024-06-09 18:20:41.255,-4.0,Early,True
4,Aisha Mohammed,709,Hamnet Berford,2024-03-29 18:20:41.255,2024-03-31 18:20:41.255,Approved,Mortgage,High,Excellent,4,58128,0.058113413533203165,3378.0165018580337,1182.3057756503117,True,2024-04-05 18:20:41.255,2024-05-05 18:20:41.255,2024-05-01 18:20:41.255,-4.0,Early,True
18,Amaka Obi,710,Carver Carwardine,2024-04-26 18:20:41.255,2024-04-28 18:20:41.255,Approved,Auto Loan,Low,Fair,2,75205,0.07518612828180127,5654.3727774328645,1979.0304721015025,False,,,,,,False
4,Aisha Mohammed,711,Goraud Ayling,2024-07-04 18:20:41.255,2024-07-06 18:20:41.255,Approved,Auto Loan,Medium,Fair,2,42288,0.04227738837551775,1787.8261996238946,625.7391698683631,True,2024-07-11 18:20:41.255,2024-08-10 18:20:41.255,2024-08-06 18:20:41.255,-4.0,Early,True
17,Rasheed Lawal,712,Bambi Hebblethwaite,2025-02-20 18:20:41.255,2025-02-22 18:20:41.255,Approved,Auto Loan,Low,Good,3,67542,0.06752505121214575,4560.777008970748,1596.2719531397618,False,,,,,,True
5,Obinna Eze,713,Lilith Lanning,2025-01-09 18:20:41.255,2025-01-11 18:20:41.255,Approved,Personal Loan,Medium,Fair,2,89852,0.08982945280734536,8071.355993645596,2824.9745977759585,False,,,,,,True
12,Yakubu Bello,714,Kevan Kubal,2024-12-24 18:20:41.255,2024-12-26 18:20:41.255,Approved,Mortgage,Medium,Good,3,78467,0.07844730972525896,6155.525052211895,2154.433768274163,True,2024-12-31 18:20:41.255,2025-01-30 18:20:41.255,2025-01-26 18:20:41.255,-4.0,Early,True
8,Ngozi Okonkwo,715,Arch Gaitskill,2024-04-25 18:20:41.255,2024-04-27 18:20:41.255,Approved,Mortgage,High,Fair,2,60721,0.06070576285352377,3686.1146262288166,1290.1401191800858,True,2024-05-02 18:20:41.255,2024-06-01 18:20:41.255,2024-05-28 18:20:41.255,-4.0,Early,True
2,Chioma Nwosu,716,Weston Brokenshaw,2025-01-10 18:20:41.255,2025-01-12 18:20:41.255,Approved,Auto Loan,Medium,Fair,2,26075,0.02606845681733885,679.7350115121105,237.90725402923866,False,,,,,,True
16,Chika Umeh,717,Ellette Fahy,2024-03-17 18:20:41.255,2024-03-19 18:20:41.255,Approved,Mortgage,Low,Fair,2,18908,0.018903255282923987,357.42275088952675,125.09796281133436,False,,,,,,False
2,Chioma Nwosu,718,Mirabella Richter,2024-10-27 18:20:41.255,2024-10-29 18:20:41.255,Approved,Auto Loan,High,Fair,2,56930,0.05691571415574691,3240.2116068866712,1134.0740624103348,False,,,,,,True
6,Funke Adeyemi,719,Josias Mulliner,2024-10-05 18:20:41.255,2024-10-07 18:20:41.255,Approved,Personal Loan,High,Fair,2,45741,0.045729521890005606,2091.7140607707465,732.0999212697612,True,2024-10-12 18:20:41.255,2024-11-11 18:20:41.255,2024-11-07 18:20:41.255,-4.0,Early,True
16,Chika Umeh,720,Ransell Ruler,2024-09-21 18:20:41.255,2024-09-23 18:20:41.255,Approved,Mortgage,Medium,Fair,2,67486,0.06746906526461859,4553.21733844805,1593.6260684568174,True,2024-09-28 18:20:41.255,2024-10-28 18:20:41.255,2024-10-24 18:20:41.255,-4.0,Early,True
19,Felix Odion,721,Zorina Bosomworth,2024-08-20 18:20:41.255,2024-08-22 18:20:41.255,Approved,Auto Loan,Low,Good,3,62004,0.06198844090133376,3843.531289646299,1345.2359513762044,False,,,,,,True
4,Aisha Mohammed,722,Lindsay Acaster,2024-04-20 18:20:41.255,2024-04-22 18:20:41.255,Approved,Mortgage,Low,Fair,2,9335,0.009332657502966756,87.12035779019467,30.492125226568135,False,,,,,,False
6,Funke Adeyemi,723,Eddie Yekel,2024-09-10 18:20:41.255,2024-09-12 18:20:41.255,Approved,Mortgage,Medium,Fair,2,73989,0.07397043342121128,5472.998398402001,1915.5494394407,True,2024-09-17 18:20:41.255,2024-10-17 18:20:41.255,2024-10-13 18:20:41.255,-4.0,Early,True
4,Aisha Mohammed,724,Kane Gaffer,2024-03-26 18:20:41.255,2024-03-28 18:20:41.255,Approved,Auto Loan,Medium,Fair,2,40528,0.04051783002466381,1642.106615239575,574.7373153338511,False,,,,,,False
9,Ibrahim Danjuma,725,Homere Rounds,2024-03-18 18:20:41.255,2024-03-20 18:20:41.255,Approved,Mortgage,Low,Fair,2,47035,0.04702319717750845,2211.73607924411,774.1076277354384,False,,,,,,False
3,Tunde Balogun,726,Idalina Wilcot,2024-10-31 18:20:41.255,2024-11-02 18:20:41.255,Approved,Mortgage,Low,Excellent,4,82783,0.08276222668110304,6851.305411341753,2397.9568939696132,True,2024-11-07 18:20:41.255,2024-12-07 18:20:41.255,2024-12-03 18:20:41.255,-4.0,Early,True
20,Adewale Ogunleye,727,Holly Cavil,2024-10-28 18:20:41.255,2024-10-30 18:20:41.255,Approved,Mortgage,Medium,Fair,2,80467,0.08044680785122935,6473.313287364872,2265.659650577705,True,2024-11-04 18:20:41.255,2024-12-04 18:20:41.255,2024-11-30 18:20:41.255,-4.0,Early,True
19,Felix Odion,728,Benton Oakly,2024-12-24 18:20:41.255,2024-12-26 18:20:41.255,Approved,Auto Loan,Low,Fair,2,46517,0.04650532716288212,2163.2883036357875,757.1509062725256,True,2024-12-31 18:20:41.255,2025-01-30 18:20:41.255,2025-01-26 18:20:41.255,-4.0,Early,True
5,Obinna Eze,729,Audrey Vickerman,2024-08-05 18:20:41.255,2024-08-07 18:20:41.255,Approved,Mortgage,High,Fair,2,42899,0.0428882350530017,1839.8623955387197,643.9518384385518,True,2024-08-12 18:20:41.255,2024-09-11 18:20:41.255,2024-09-07 18:20:41.255,-4.0,Early,True
12,Yakubu Bello,730,Norine Antonik,2024-11-16 18:20:41.255,2024-11-18 18:20:41.255,Approved,Mortgage,Medium,Good,3,58905,0.05889021855514266,3468.9283239906786,1214.1249133967374,False,,,,,,True
11,Kemi Adebanjo,731,Adena Northedge,2024-12-26 18:20:41.255,2024-12-28 18:20:41.255,Approved,Auto Loan,Medium,Fair,2,89000,0.08897766660568197,7919.012327905696,2771.6543147669936,True,2025-01-02 18:20:41.255,2025-02-01 18:20:41.255,2025-01-28 18:20:41.255,-4.0,Early,True
19,Felix Odion,732,Burtie Scintsbury,2024-05-17 18:20:41.255,2024-05-19 18:20:41.255,Approved,Mortgage,High,Fair,2,25095,0.02508870273561336,629.6009951502173,220.36034830257603,False,,,,,,True
10,Chinedu Opara,733,Royal Shinn,2024-12-17 18:20:41.255,2024-12-19 18:20:41.255,Approved,Personal Loan,Low,Fair,2,31868,0.031860003139212056,1015.3145800404099,355.3601030141434,True,2024-12-24 18:20:41.255,2025-01-23 18:20:41.255,2025-01-19 18:20:41.255,-4.0,Early,True
9,Ibrahim Danjuma,734,Trescha Preshous,2025-03-05 18:20:41.255,2025-03-07 18:20:41.255,Approved,Mortgage,High,Fair,2,76344,0.0763248424645414,5826.943773112948,2039.4303205895317,False,,,,,,True
3,Tunde Balogun,735,Basilius Spieck,2024-07-08 18:20:41.255,2024-07-10 18:20:41.255,Approved,Personal Loan,High,Good,3,47603,0.047591054645284035,2265.476974279456,792.9169409978095,False,,,,,,True
7,Segun Oladipo,736,Cathe Lorriman,2024-07-02 18:20:41.255,2024-07-04 18:20:41.255,Approved,Auto Loan,Low,Excellent,4,38455,0.03844535021709551,1478.4159425984078,517.4455799094427,False,,,,,,False
7,Segun Oladipo,737,Pattin Weathey,2024-09-01 18:20:41.255,2024-09-03 18:20:41.255,Approved,Auto Loan,Medium,Excellent,4,85344,0.08532258403140812,7281.770611576495,2548.619714051773,True,2024-09-08 18:20:41.255,2024-10-08 18:20:41.255,2024-10-04 18:20:41.255,-4.0,Early,True
4,Aisha Mohammed,738,Darrel Canet,2025-01-14 18:20:41.255,2025-01-16 18:20:41.255,Approved,Personal Loan,Medium,Fair,2,30680,0.03067230125238565,941.0262024231918,329.3591708481171,False,,,,,,True
15,Gbenga Adesina,739,Harmonia Cornock,2024-12-27 18:20:41.255,2024-12-29 18:20:41.255,Approved,Personal Loan,Medium,Fair,2,57276,0.057261627331539784,3279.7169670412727,1147.9009384644453,False,,,,,,True
1,Emeka Okafor,740,Stewart Brosoli,2024-12-08 18:20:41.255,2024-12-10 18:20:41.255,Approved,Mortgage,Medium,Fair,2,20520,0.020514850772456114,420.96473785079945,147.33765824777979,True,2024-12-15 18:20:41.255,2025-01-14 18:20:41.255,2025-01-10 18:20:41.255,-4.0,Early,True
4,Aisha Mohammed,741,Madelina Marte,2024-09-13 18:20:41.255,2024-09-15 18:20:41.255,Approved,Personal Loan,High,Fair,2,6570,0.006568351343812703,43.15406832884946,15.10392391509731,True,2024-09-20 18:20:41.255,2024-10-20 18:20:41.255,2024-10-16 18:20:41.255,-4.0,Early,True
16,Chika Umeh,742,Heinrik Norcock,2024-06-17 18:20:41.255,2024-06-19 18:20:41.255,Approved,Mortgage,Medium,Fair,2,65799,0.06578248859536256,4328.421967086261,1514.9476884801913,False,,,,,,True
6,Funke Adeyemi,743,Gage Crossan,2024-09-16 18:20:41.255,2024-09-18 18:20:41.255,Approved,Mortgage,Low,Good,3,50901,0.05088822705500919,2590.261645327023,906.5915758644579,True,2024-09-23 18:20:41.255,2024-10-23 18:20:41.255,2024-10-19 18:20:41.255,-4.0,Early,True
2,Chioma Nwosu,744,Norma Blackbourn,2024-06-09 18:20:41.255,2024-06-11 18:20:41.255,Approved,Auto Loan,Low,Good,3,77171,0.07715163493963015,5953.868819926198,2083.854086974169,True,2024-06-16 18:20:41.255,2024-07-16 18:20:41.255,2024-07-12 18:20:41.255,-4.0,Early,True
12,Yakubu Bello,745,Lenci Duerden,2024-11-22 18:20:41.255,2024-11-24 18:20:41.255,Approved,Auto Loan,Medium,Fair,2,52006,0.051992949769607825,2703.9453457182244,946.3808710013785,False,,,,,,True
13,Bola Akinwunmi,746,Winthrop Corser,2024-06-28 18:20:41.255,2024-06-30 18:20:41.255,Approved,Personal Loan,Medium,Good,3,16482,0.016477864056121914,271.58815537300137,95.05585438055047,False,,,,,,True
18,Amaka Obi,747,Ammamaria Standbridge,2024-09-17 18:20:41.255,2024-09-19 18:20:41.255,Approved,Auto Loan,Medium,Fair,2,58282,0.058267374888902886,3395.939143275038,1188.5787001462631,False,,,,,,True
6,Funke Adeyemi,748,Robb Poll,2024-05-23 18:20:41.255,2024-05-25 18:20:41.255,Approved,Mortgage,Low,Good,3,75354,0.07533509089218605,5676.800439089788,1986.8801536814256,True,2024-05-30 18:20:41.255,2024-06-29 18:20:41.255,2024-06-25 18:20:41.255,-4.0,Early,True
14,Zainab Suleiman,749,Lorenza Cawthorne,2024-05-25 18:20:41.255,2024-05-27 18:20:41.255,Approved,Mortgage,High,Fair,2,44617,0.04460580394321025,1990.177154534212,696.5620040869742,False,,,,,,True
10,Chinedu Opara,750,Bonita Gethins,2024-06-28 18:20:41.255,2024-06-30 18:20:41.255,Approved,Personal Loan,High,Fair,2,51985,0.05197195503928514,2701.7620827172377,945.6167289510331,True,2024-07-05 18:20:41.255,2024-08-04 18:20:41.255,2024-07-31 18:20:41.255,-4.0,Early,True
8,Ngozi Okonkwo,751,Ham Mayoh,2024-07-03 18:20:41.255,2024-07-05 18:20:41.255,Approved,Personal Loan,High,Excellent,4,84697,0.0846757463876567,7171.781691795359,2510.1235921283755,True,2024-07-10 18:20:41.255,2024-08-09 18:20:41.255,2024-08-05 18:20:41.255,-4.0,Early,True
3,Tunde Balogun,752,Leicester Fynes,2024-07-28 18:20:41.255,2024-07-30 18:20:41.255,Approved,Mortgage,High,Fair,2,69461,0.06944356966401433,4823.6197924320995,1688.2669273512347,True,2024-08-04 18:20:41.255,2024-09-03 18:20:41.255,2024-08-30 18:20:41.255,-4.0,Early,True
6,Funke Adeyemi,753,Khalil Pennings,2024-11-21 18:20:41.255,2024-11-23 18:20:41.255,Approved,Personal Loan,Medium,Fair,2,19885,0.019880010117460517,395.3140011857024,138.35990041499582,True,2024-11-28 18:20:41.255,2024-12-28 18:20:41.255,2024-12-24 18:20:41.255,-4.0,Early,True
12,Yakubu Bello,754,Sansone Eastcourt,2024-09-24 18:20:41.255,2024-09-26 18:20:41.255,Approved,Personal Loan,High,Excellent,4,15729,0.015725053011694065,247.33935882093596,86.56877558732758,True,2024-10-01 18:20:41.255,2024-10-31 18:20:41.255,2024-10-27 18:20:41.255,-4.0,Early,True
12,Yakubu Bello,755,Sisely Oppy,2024-09-24 18:20:41.255,2024-09-26 18:20:41.255,Approved,Auto Loan,Low,Fair,2,13296,0.013292663541451095,176.73925444713376,61.85873905649681,False,,,,,,True
10,Chinedu Opara,756,Bunnie Whines,2024-04-26 18:20:41.255,2024-04-28 18:20:41.255,Approved,Auto Loan,Medium,Good,3,32704,0.032695793355867676,1069.2832259102966,374.2491290686038,False,,,,,,False
11,Kemi Adebanjo,757,Arnie Zorn,2024-06-28 18:20:41.255,2024-06-30 18:20:41.255,Approved,Personal Loan,High,Good,3,71299,0.07128110844178111,5082.271750790551,1778.7951127766928,True,2024-07-05 18:20:41.255,2024-08-04 18:20:41.255,2024-07-31 18:20:41.255,-4.0,Early,True
18,Amaka Obi,758,Farr Butterick,2024-11-18 18:20:41.255,2024-11-20 18:20:41.255,Approved,Mortgage,Medium,Fair,2,36428,0.03641885886642453,1326.6661907861128,464.33316677513943,False,,,,,,True
12,Yakubu Bello,759,Cristionna Mapes,2024-05-12 18:20:41.255,2024-05-14 18:20:41.255,Approved,Auto Loan,High,Good,3,23647,0.023641066092410803,559.0402898872383,195.66410146053337,True,2024-05-19 18:20:41.255,2024-06-18 18:20:41.255,2024-06-14 18:20:41.255,-4.0,Early,True
18,Amaka Obi,760,Dexter Robelin,2024-12-15 18:20:41.255,2024-12-17 18:20:41.255,Approved,Auto Loan,Low,Fair,2,78026,0.07800642038848249,6086.528957231735,2130.285135031107,True,2024-12-22 18:20:41.255,2025-01-21 18:20:41.255,2025-01-17 18:20:41.255,-4.0,Early,True
7,Segun Oladipo,761,Pattin Morican,2024-11-20 18:20:41.255,2024-11-22 18:20:41.255,Approved,Auto Loan,Medium,Excellent,4,97002,0.09697765860768948,9407.026840263095,3292.459394092083,False,,,,,,True
11,Kemi Adebanjo,762,Dotty Maylott,2024-09-04 18:20:41.255,2024-09-06 18:20:41.255,Approved,Auto Loan,Low,Excellent,4,89687,0.0896644942119528,8041.739492387411,2814.6088223355937,True,2024-09-11 18:20:41.255,2024-10-11 18:20:41.255,2024-10-07 18:20:41.255,-4.0,Early,True
6,Funke Adeyemi,763,Aldo Waistall,2024-09-27 18:20:41.255,2024-09-29 18:20:41.255,Approved,Auto Loan,High,Good,3,54446,0.054432337483291696,2963.6230466152997,1037.2680663153549,False,,,,,,True
11,Kemi Adebanjo,764,Eula Bruni,2024-11-07 18:20:41.255,2024-11-09 18:20:41.255,Approved,Auto Loan,Medium,Good,3,64716,0.0646997603601496,4187.109691467442,1465.4883920136044,True,2024-11-14 18:20:41.255,2024-12-14 18:20:41.255,2024-12-10 18:20:41.255,-4.0,Early,True
10,Chinedu Opara,765,Linet Postill,2024-04-04 18:20:41.255,2024-04-06 18:20:41.255,Approved,Auto Loan,Medium,Fair,2,55614,0.0556000443888584,3092.140868641971,1082.2493040246898,False,,,,,,True
13,Bola Akinwunmi,766,Andreas Cosin,2024-09-28 18:20:41.255,2024-09-30 18:20:41.255,Approved,Auto Loan,High,Fair,2,5472,0.005470626872654963,29.93527024716796,10.477344586508785,True,2024-10-05 18:20:41.255,2024-11-04 18:20:41.255,2024-10-31 18:20:41.255,-4.0,Early,True
15,Gbenga Adesina,767,Izaak Gisborne,2024-11-21 18:20:41.255,2024-11-23 18:20:41.255,Approved,Mortgage,Medium,Fair,2,19518,0.019513102211344953,380.8567289610308,133.29985513636078,True,2024-11-28 18:20:41.255,2024-12-28 18:20:41.255,2024-12-24 18:20:41.255,-4.0,Early,True
6,Funke Adeyemi,768,Amie Dufty,2024-08-08 18:20:41.255,2024-08-10 18:20:41.255,Approved,Auto Loan,Low,Excellent,4,57932,0.05791746271685807,3355.2744501130214,1174.3460575395575,False,,,,,,True
5,Obinna Eze,769,Kalil Palombi,2025-02-24 18:20:41.255,2025-02-26 18:20:41.255,Approved,Personal Loan,Low,Good,3,34759,0.03475027768030224,1207.8849018896256,422.75971566136894,True,2025-03-03 18:20:41.255,2025-04-02 18:20:41.255,2025-03-29 18:20:41.255,-4.0,Early,True
6,Funke Adeyemi,770,Josy St. Quentin,2024-11-23 18:20:41.255,2024-11-25 18:20:41.255,Approved,Personal Loan,Low,Excellent,4,90435,0.09041230651106573,8176.4369393282295,2861.7529287648804,True,2024-11-30 18:20:41.255,2024-12-30 18:20:41.255,2024-12-26 18:20:41.255,-4.0,Early,True
19,Felix Odion,771,Patsy Beefon,2024-08-16 18:20:41.255,2024-08-18 18:20:41.255,Approved,Auto Loan,Low,Good,3,77526,0.07750654585698989,6008.772474108999,2103.0703659381493,True,2024-08-23 18:20:41.255,2024-09-22 18:20:41.255,2024-09-18 18:20:41.255,-4.0,Early,True
1,Emeka Okafor,772,Baily Imison,2024-05-05 18:20:41.255,2024-05-07 18:20:41.255,Approved,Mortgage,Medium,Good,3,5629,0.005627587475543638,31.67768989983514,11.087191464942299,False,,,,,,False
13,Bola Akinwunmi,773,Carin Lauthian,2024-06-01 18:20:41.255,2024-06-03 18:20:41.255,Approved,Auto Loan,High,Fair,2,6569,0.006567351594749718,43.1409326259109,15.099326419068813,False,,,,,,True
6,Funke Adeyemi,774,Kinsley Klimus,2024-08-02 18:20:41.255,2024-08-04 18:20:41.255,Approved,Auto Loan,Medium,Fair,2,14296,0.014292412604436287,204.32433059302116,71.5135157075574,False,,,,,,True
14,Zainab Suleiman,775,Teena Birrel,2024-06-28 18:20:41.255,2024-06-30 18:20:41.255,Approved,Personal Loan,Medium,Good,3,81562,0.08154153307519812,6650.69052067931,2327.741682237758,False,,,,,,True
1,Emeka Okafor,776,Mitchel Schimek,2024-10-29 18:20:41.255,2024-10-31 18:20:41.255,Approved,Auto Loan,Medium,Excellent,4,46618,0.04660630181824362,2172.692578162881,760.4424023570083,True,2024-11-05 18:20:41.255,2024-12-05 18:20:41.255,2024-12-01 18:20:41.255,-4.0,Early,True
3,Tunde Balogun,777,Shamus Fyndon,2024-06-07 18:20:41.255,2024-06-09 18:20:41.255,Approved,Auto Loan,High,Fair,2,20042,0.02003697072034919,401.5809671772385,140.55333851203346,False,,,,,,True
2,Chioma Nwosu,778,Vaughan McCromley,2024-09-26 18:20:41.255,2024-09-28 18:20:41.255,Approved,Auto Loan,High,Excellent,4,95961,0.09593691983312189,9206.202764106209,3222.1709674371727,True,2024-10-03 18:20:41.255,2024-11-02 18:20:41.255,2024-10-29 18:20:41.255,-4.0,Early,True
16,Chika Umeh,779,Kerwin Jossel,2024-12-03 18:20:41.255,2024-12-05 18:20:41.255,Approved,Mortgage,Low,Fair,2,56526,0.05651181553430089,3194.386884891892,1118.0354097121622,False,,,,,,True
9,Ibrahim Danjuma,780,Benita Cuffley,2024-09-09 18:20:41.255,2024-09-11 18:20:41.255,Approved,Personal Loan,High,Excellent,4,94037,0.09401340263593838,8840.738343675737,3094.2584202865078,True,2024-09-16 18:20:41.255,2024-10-16 18:20:41.255,2024-10-12 18:20:41.255,-4.0,Early,True
4,Aisha Mohammed,781,Samuel Stiff,2024-09-21 18:20:41.255,2024-09-23 18:20:41.255,Approved,Personal Loan,High,Excellent,4,74037,0.07401842137623456,5480.101863432278,1918.0356522012971,False,,,,,,True
12,Yakubu Bello,782,Valeria Chazette,2024-11-28 18:20:41.255,2024-11-30 18:20:41.255,Approved,Mortgage,High,Excellent,4,71210,0.07119213077517543,5069.591632500243,1774.3570713750848,True,2024-12-05 18:20:41.255,2025-01-04 18:20:41.255,2024-12-31 18:20:41.255,-4.0,Early,True
9,Ibrahim Danjuma,783,Nonna Hun,2024-07-08 18:20:41.255,2024-07-10 18:20:41.255,Approved,Personal Loan,Medium,Fair,2,91872,0.09184894591457544,8438.346359063875,2953.421225672356,True,2024-07-15 18:20:41.255,2024-08-14 18:20:41.255,2024-08-10 18:20:41.255,-4.0,Early,True
18,Amaka Obi,784,Gustav Kos,2024-09-02 18:20:41.255,2024-09-04 18:20:41.255,Approved,Personal Loan,Low,Fair,2,52741,0.05272776533090194,2780.9150713170993,973.3202749609846,False,,,,,,True
7,Segun Oladipo,785,Alexia Wolford,2024-10-07 18:20:41.255,2024-10-09 18:20:41.255,Approved,Auto Loan,High,Fair,2,69622,0.06960452926315495,4846.006536359374,1696.1022877257808,True,2024-10-14 18:20:41.255,2024-11-13 18:20:41.255,2024-11-09 18:20:41.255,-4.0,Early,True
2,Chioma Nwosu,786,Cameron Letherbury,2024-07-22 18:20:41.255,2024-07-24 18:20:41.255,Approved,Auto Loan,High,Excellent,4,32291,0.0322828969928548,1042.4470267962743,364.85645937869594,False,,,,,,True
12,Yakubu Bello,787,Zara Maccaddie,2025-02-13 18:20:41.255,2025-02-15 18:20:41.255,Approved,Mortgage,High,Fair,2,51787,0.05177400472481407,2681.2203826839464,938.4271339393812,True,2025-02-20 18:20:41.255,2025-03-22 18:20:41.255,2025-03-18 18:20:41.255,-4.0,Early,True
8,Ngozi Okonkwo,788,Lammond MacGeffen,2024-06-28 18:20:41.255,2024-06-30 18:20:41.255,Approved,Mortgage,Low,Excellent,4,7551,0.007549105174601175,57.003293173413475,19.951152610694717,False,,,,,,True
5,Obinna Eze,789,Lorianna Vidyapin,2024-04-26 18:20:41.255,2024-04-28 18:20:41.255,Approved,Personal Loan,High,Excellent,4,71290,0.07127211070021425,5080.988771818274,1778.3460701363956,True,2024-05-03 18:20:41.255,2024-06-02 18:20:41.255,2024-05-29 18:20:41.255,-4.0,Early,True
12,Yakubu Bello,790,Robbie Handaside,2024-07-14 18:20:41.255,2024-07-16 18:20:41.255,Approved,Personal Loan,Low,Fair,2,37783,0.03777351884676946,1427.1968625874904,499.5189019056216,False,,,,,,True
19,Felix Odion,791,Phelia Perotti,2024-10-06 18:20:41.255,2024-10-08 18:20:41.255,Approved,Auto Loan,Low,Good,3,85033,0.08501166207281972,7228.79666103808,2530.078831363328,True,2024-10-13 18:20:41.255,2024-11-12 18:20:41.255,2024-11-08 18:20:41.255,-4.0,Early,True
20,Adewale Ogunleye,792,Nikita Kilby,2024-05-15 18:20:41.255,2024-05-17 18:20:41.255,Approved,Mortgage,Medium,Fair,2,8389,0.008386894889382764,70.35766122703201,24.625181429461204,False,,,,,,True
2,Chioma Nwosu,793,Stanley Seven,2024-10-11 18:20:41.255,2024-10-13 18:20:41.255,Approved,Auto Loan,High,Good,3,15823,0.015819029423614673,250.30450256985498,87.60657589944924,True,2024-10-18 18:20:41.255,2024-11-17 18:20:41.255,2024-11-13 18:20:41.255,-4.0,Early,True
10,Chinedu Opara,794,Wolfgang Tarrier,2024-11-01 18:20:41.255,2024-11-03 18:20:41.255,Approved,Personal Loan,High,Fair,2,66197,0.06618038872243066,4380.943192258743,1533.3301172905599,False,,,,,,True
2,Chioma Nwosu,795,Stacy Pozzi,2024-04-17 18:20:41.255,2024-04-19 18:20:41.255,Approved,Mortgage,Medium,Good,3,50793,0.050780254156206794,2579.281449356212,902.7485072746741,True,2024-04-24 18:20:41.255,2024-05-24 18:20:41.255,2024-05-20 18:20:41.255,-4.0,Early,False
7,Segun Oladipo,796,Maddy Larrat,2024-12-12 18:20:41.255,2024-12-14 18:20:41.255,Approved,Auto Loan,High,Fair,2,35882,0.035872995878034615,1287.194838095638,450.5181933334733,False,,,,,,True
11,Kemi Adebanjo,797,Elvis O'Leagham,2025-01-26 18:20:41.255,2025-01-28 18:20:41.255,Approved,Personal Loan,High,Excellent,4,5195,0.005193696382208066,26.981252705570903,9.443438446949814,True,2025-02-02 18:20:41.255,2025-03-04 18:20:41.255,2025-02-28 18:20:41.255,-4.0,Early,True
17,Rasheed Lawal,798,Bevvy Siegertsz,2024-12-12 18:20:41.255,2024-12-14 18:20:41.255,Approved,Mortgage,Low,Good,3,15840,0.01583602515768542,250.84263849773706,87.79492347420796,True,2024-12-19 18:20:41.255,2025-01-18 18:20:41.255,2025-01-14 18:20:41.255,-4.0,Early,True
2,Chioma Nwosu,799,Rudd Strangeways,2025-02-11 18:20:41.255,2025-02-13 18:20:41.255,Approved,Mortgage,Low,Fair,2,50405,0.050392351519768536,2540.026478353933,889.0092674238764,False,,,,,,True
6,Funke Adeyemi,800,Frederik Duckett,2024-10-29 18:20:41.255,2024-10-31 18:20:41.255,Approved,Mortgage,Medium,Fair,2,17287,0.017282662051824993,298.76537888989867,104.56788261146453,True,2024-11-05 18:20:41.255,2024-12-05 18:20:41.255,2024-12-01 18:20:41.255,-4.0,Early,True
9,Ibrahim Danjuma,801,Anthea Guesford,2024-12-22 18:20:41.255,2024-12-24 18:20:41.255,Approved,Mortgage,Medium,Good,3,56749,0.056734759575346586,3219.6408711413433,1126.87430489947,True,2024-12-29 18:20:41.255,2025-01-28 18:20:41.255,2025-01-24 18:20:41.255,-4.0,Early,True
19,Felix Odion,802,Francklin Ubanks,2024-04-06 18:20:41.255,2024-04-08 18:20:41.255,Approved,Mortgage,Medium,Fair,2,51683,0.05167003082226361,2670.46220298705,934.6617710454675,True,2024-04-13 18:20:41.255,2024-05-13 18:20:41.255,2024-05-09 18:20:41.255,-4.0,Early,True
14,Zainab Suleiman,803,Norma Batrim,2024-03-15 18:20:41.255,2024-03-17 18:20:41.255,Approved,Auto Loan,High,Fair,2,53563,0.053549559060675773,2868.2750319669763,1003.8962611884416,True,2024-03-22 18:20:41.255,2024-04-21 18:20:41.255,2024-04-17 18:20:41.255,-4.0,Early,False
4,Aisha Mohammed,804,Gregg Townsend,2024-09-15 18:20:41.255,2024-09-17 18:20:41.255,Approved,Personal Loan,High,Fair,2,5245,0.005243683835357326,27.503121716449172,9.62609260075721,True,2024-09-22 18:20:41.255,2024-10-22 18:20:41.255,2024-10-18 18:20:41.255,-4.0,Early,True
3,Tunde Balogun,805,Gabrielle Giraudot,2024-11-02 18:20:41.255,2024-11-04 18:20:41.255,Approved,Personal Loan,Medium,Good,3,45609,0.04559755501369157,2079.658886619459,727.8806103168106,True,2024-11-09 18:20:41.255,2024-12-09 18:20:41.255,2024-12-05 18:20:41.255,-4.0,Early,True
17,Rasheed Lawal,806,Tootsie Hurt,2024-10-24 18:20:41.255,2024-10-26 18:20:41.255,Approved,Auto Loan,High,Excellent,4,46378,0.04636636204312718,2150.3791388361524,752.6326985926532,True,2024-10-31 18:20:41.255,2024-11-30 18:20:41.255,2024-11-26 18:20:41.255,-4.0,Early,True
18,Amaka Obi,807,Mitch Rains,2025-02-24 18:20:41.255,2025-02-26 18:20:41.255,Approved,Auto Loan,Medium,Good,3,96100,0.09607588495287683,9232.892543971464,3231.512390390012,False,,,,,,True
13,Bola Akinwunmi,808,Kissie Delong,2024-09-14 18:20:41.255,2024-09-16 18:20:41.255,Approved,Mortgage,Medium,Excellent,4,57978,0.057963451173755384,3360.60497215199,1176.2117402531965,False,,,,,,True
1,Emeka Okafor,809,Scott Ommundsen,2024-12-11 18:20:41.255,2024-12-13 18:20:41.255,Approved,Mortgage,High,Fair,2,80908,0.08088769718800581,6544.461804087175,2290.561631430511,False,,,,,,True
19,Felix Odion,810,Cassy Awdry,2024-11-06 18:20:41.255,2024-11-08 18:20:41.255,Approved,Auto Loan,High,Excellent,4,55424,0.05541009206689121,3071.0489427153784,1074.8671299503824,True,2024-11-13 18:20:41.255,2024-12-13 18:20:41.255,2024-12-09 18:20:41.255,-4.0,Early,True
11,Kemi Adebanjo,811,Ira Lamlin,2024-09-24 18:20:41.255,2024-09-26 18:20:41.255,Approved,Auto Loan,Medium,Fair,2,51644,0.05163104060880719,2666.4334612012385,933.2517114204334,True,2024-10-01 18:20:41.255,2024-10-31 18:20:41.255,2024-10-27 18:20:41.255,-4.0,Early,True
12,Yakubu Bello,812,Meridel Rawet,2024-10-26 18:20:41.255,2024-10-28 18:20:41.255,Approved,Personal Loan,Medium,Excellent,4,56408,0.056393845144868636,3181.06401693175,1113.3724059261124,True,2024-11-02 18:20:41.255,2024-12-02 18:20:41.255,2024-11-28 18:20:41.255,-4.0,Early,True
15,Gbenga Adesina,813,Dorita Blackburne,2024-09-01 18:20:41.255,2024-09-03 18:20:41.255,Approved,Personal Loan,High,Fair,2,39148,0.039138176317744244,1532.1813264870516,536.263464270468,False,,,,,,True
5,Obinna Eze,814,Harland Spilisy,2025-02-01 18:20:41.255,2025-02-03 18:20:41.255,Approved,Auto Loan,Medium,Fair,2,30402,0.03039437101287577,924.0496675334491,323.41738363670714,True,2025-02-08 18:20:41.255,2025-03-10 18:20:41.255,2025-03-06 18:20:41.255,-4.0,Early,True
16,Chika Umeh,815,Quint Popov,2024-08-16 18:20:41.255,2024-08-18 18:20:41.255,Approved,Mortgage,Medium,Fair,2,32491,0.03248284680545183,1055.4001755559354,369.3900614445774,True,2024-08-23 18:20:41.255,2024-09-22 18:20:41.255,2024-09-18 18:20:41.255,-4.0,Early,True
11,Kemi Adebanjo,816,Bertram Linn,2025-01-21 18:20:41.255,2025-01-23 18:20:41.255,Approved,Mortgage,Low,Good,3,16281,0.01627691449446189,265.0044448843341,92.75155570951692,True,2025-01-28 18:20:41.255,2025-02-27 18:20:41.255,2025-02-23 18:20:41.255,-4.0,Early,True
9,Ibrahim Danjuma,817,Ailyn Carberry,2024-04-09 18:20:41.255,2024-04-11 18:20:41.255,Approved,Mortgage,Low,Fair,2,12978,0.012974743339421805,168.38621905901618,58.93517667065566,False,,,,,,True
6,Funke Adeyemi,818,Nina Murcutt,2024-07-10 18:20:41.255,2024-07-12 18:20:41.255,Approved,Auto Loan,Medium,Good,3,27875,0.027868005130712192,776.8206430186024,271.88722505651083,True,2024-07-17 18:20:41.255,2024-08-16 18:20:41.255,2024-08-12 18:20:41.255,-4.0,Early,True
7,Segun Oladipo,819,Henrietta Seater,2024-08-02 18:20:41.255,2024-08-04 18:20:41.255,Approved,Auto Loan,Low,Fair,2,33566,0.03355757704816091,1126.3936311985692,394.2377709194992,True,2024-08-09 18:20:41.255,2024-09-08 18:20:41.255,2024-09-04 18:20:41.255,-4.0,Early,True
11,Kemi Adebanjo,820,Jorrie Hanhardt,2024-10-09 18:20:41.255,2024-10-11 18:20:41.255,Approved,Mortgage,Medium,Fair,2,11456,0.011453125265558344,131.20700304223638,45.92245106478273,True,2024-10-16 18:20:41.255,2024-11-15 18:20:41.255,2024-11-11 18:20:41.255,-4.0,Early,True
2,Chioma Nwosu,821,Carter Kaesmakers,2024-11-22 18:20:41.255,2024-11-24 18:20:41.255,Approved,Auto Loan,Low,Fair,2,62799,0.062783241406407,3942.7247770809527,1379.9536719783334,True,2024-11-29 18:20:41.255,2024-12-29 18:20:41.255,2024-12-25 18:20:41.255,-4.0,Early,True
14,Zainab Suleiman,822,Lorne Quested,2024-08-06 18:20:41.255,2024-08-08 18:20:41.255,Approved,Mortgage,Low,Excellent,4,11366,0.011363147849889678,129.1535384618461,45.20373846164613,True,2024-08-13 18:20:41.255,2024-09-12 18:20:41.255,2024-09-08 18:20:41.255,-4.0,Early,True
15,Gbenga Adesina,823,Nigel Phippard,2024-03-22 18:20:41.255,2024-03-24 18:20:41.255,Approved,Personal Loan,High,Fair,2,98286,0.09826133640456246,9657.713709858826,3380.1997984505892,True,2024-03-29 18:20:41.255,2024-04-28 18:20:41.255,2024-04-24 18:20:41.255,-4.0,Early,True
12,Yakubu Bello,824,Nevsa Washtell,2024-04-30 18:20:41.255,2024-05-02 18:20:41.255,Approved,Auto Loan,High,Good,3,84097,0.08407589694986559,7070.530705792846,2474.685747027496,False,,,,,,True
3,Tunde Balogun,825,Fawnia Bartrum,2024-08-16 18:20:41.255,2024-08-18 18:20:41.255,Approved,Auto Loan,Low,Good,3,83559,0.08353803195397955,6980.354412042577,2443.124044214902,True,2024-08-23 18:20:41.255,2024-09-22 18:20:41.255,2024-09-18 18:20:41.255,-4.0,Early,True
15,Gbenga Adesina,826,Ive Chapelhow,2024-09-17 18:20:41.255,2024-09-19 18:20:41.255,Approved,Personal Loan,Medium,Fair,2,16590,0.016585836954924313,275.15903508219435,96.30566227876801,False,,,,,,True
10,Chinedu Opara,827,Coral Dunkirk,2024-12-08 18:20:41.255,2024-12-10 18:20:41.255,Approved,Auto Loan,High,Fair,2,49006,0.048993702580652256,2400.9853886674446,840.3448860336056,True,2024-12-15 18:20:41.255,2025-01-14 18:20:41.255,2025-01-10 18:20:41.255,-4.0,Early,True
6,Funke Adeyemi,828,Lisette Nesbit,2024-05-04 18:20:41.255,2024-05-06 18:20:41.255,Approved,Auto Loan,High,Fair,2,30849,0.030841258844030148,951.421994079486,332.99769792782007,False,,,,,,True
13,Bola Akinwunmi,829,Raffarty Giacomoni,2025-02-12 18:20:41.255,2025-02-14 18:20:41.255,Approved,Auto Loan,Low,Excellent,4,36726,0.036716784087194115,1348.4606123862911,471.9612143352019,True,2025-02-19 18:20:41.255,2025-03-21 18:20:41.255,2025-03-17 18:20:41.255,-4.0,Early,True
6,Funke Adeyemi,830,Caryn Sampey,2024-11-25 18:20:41.255,2024-11-27 18:20:41.255,Approved,Personal Loan,High,Good,3,58190,0.05817539797510825,3385.226408171549,1184.829242860042,True,2024-12-02 18:20:41.255,2025-01-01 18:20:41.255,2024-12-28 18:20:41.255,-4.0,Early,True
16,Chika Umeh,831,Donni Boor,2024-05-23 18:20:41.255,2024-05-25 18:20:41.255,Approved,Mortgage,Low,Fair,2,54079,0.05406542957717613,2923.804366104108,1023.3315281364377,True,2024-05-30 18:20:41.255,2024-06-29 18:20:41.255,2024-06-25 18:20:41.255,-4.0,Early,True
14,Zainab Suleiman,832,Niel Abilowitz,2024-07-14 18:20:41.255,2024-07-16 18:20:41.255,Approved,Personal Loan,Low,Good,3,61735,0.06171950840339075,3810.253851283328,1333.5888479491648,True,2024-07-21 18:20:41.255,2024-08-20 18:20:41.255,2024-08-16 18:20:41.255,-4.0,Early,True
18,Amaka Obi,833,Beverie Bosanko,2024-10-27 18:20:41.255,2024-10-29 18:20:41.255,Approved,Personal Loan,High,Good,3,31179,0.03117117603481526,971.886097589505,340.1601341563267,False,,,,,,True
4,Aisha Mohammed,834,Temp Thebeau,2024-09-16 18:20:41.255,2024-09-18 18:20:41.255,Approved,Auto Loan,Low,Fair,2,8868,0.00886577469055267,78.62168995582108,27.517591484537377,False,,,,,,True
9,Ibrahim Danjuma,835,Cecilia Chipchase,2024-12-23 18:20:41.255,2024-12-25 18:20:41.255,Approved,Personal Loan,Low,Excellent,4,64892,0.064875716195235,4209.914975341189,1473.4702413694163,False,,,,,,True
20,Adewale Ogunleye,836,Gregoor Aronovitz,2024-11-17 18:20:41.255,2024-11-19 18:20:41.255,Approved,Personal Loan,High,Good,3,64703,0.06468676362233079,4185.427666655669,1464.899683329484,False,,,,,,True
19,Felix Odion,837,Ardis Tomlett,2024-10-04 18:20:41.255,2024-10-06 18:20:41.255,Approved,Personal Loan,Medium,Good,3,55304,0.05529012217933299,3057.7649170058316,1070.217720952041,True,2024-10-11 18:20:41.255,2024-11-10 18:20:41.255,2024-11-06 18:20:41.255,-4.0,Early,True
11,Kemi Adebanjo,838,Stesha Morecombe,2024-03-23 18:20:41.255,2024-03-25 18:20:41.255,Approved,Mortgage,High,Fair,2,15844,0.01584002415393736,250.96934269498354,87.83926994324423,True,2024-03-30 18:20:41.255,2024-04-29 18:20:41.255,2024-04-25 18:20:41.255,-4.0,Early,True
5,Obinna Eze,839,Fleurette Whardley,2024-04-04 18:20:41.255,2024-04-06 18:20:41.255,Approved,Auto Loan,High,Fair,2,55138,0.05512416383487745,3039.436145527473,1063.8026509346155,True,2024-04-11 18:20:41.255,2024-05-11 18:20:41.255,2024-05-07 18:20:41.255,-4.0,Early,False
11,Kemi Adebanjo,840,Willis Whyler,2025-02-27 18:20:41.255,2025-03-01 18:20:41.255,Approved,Mortgage,Low,Excellent,4,63076,0.0630601718968539,3977.5834025659565,1392.1541908980846,False,,,,,,True
14,Zainab Suleiman,841,Marc Waddilove,2024-10-07 18:20:41.255,2024-10-09 18:20:41.255,Approved,Auto Loan,High,Fair,2,70530,0.0705123014123455,4973.232618612728,1740.631416514455,False,,,,,,True
15,Gbenga Adesina,842,Phillis Rudwell,2024-11-04 18:20:41.255,2024-11-06 18:20:41.255,Approved,Auto Loan,Medium,Excellent,4,74396,0.07437733128984625,5533.375938639401,1936.6815785237902,False,,,,,,True
17,Rasheed Lawal,843,Darda Kernocke,2024-03-20 18:20:41.255,2024-03-22 18:20:41.255,Approved,Auto Loan,Medium,Good,3,81411,0.08139057096668736,6626.087772968985,2319.1307205391445,False,,,,,,False
9,Ibrahim Danjuma,844,Byran Goodfield,2024-09-28 18:20:41.255,2024-09-30 18:20:41.255,Approved,Personal Loan,Medium,Fair,2,20996,0.020990731326437063,440.7213949298726,154.2524882254554,True,2024-10-05 18:20:41.255,2024-11-04 18:20:41.255,2024-10-31 18:20:41.255,-4.0,Early,True
15,Gbenga Adesina,845,Jayson Chilcott,2024-05-21 18:20:41.255,2024-05-23 18:20:41.255,Approved,Mortgage,Medium,Fair,2,71825,0.07180697644891132,5157.536083443056,1805.1376292050693,True,2024-05-28 18:20:41.255,2024-06-27 18:20:41.255,2024-06-23 18:20:41.255,-4.0,Early,True
13,Bola Akinwunmi,846,Teddy Keijser,2024-04-05 18:20:41.255,2024-04-07 18:20:41.255,Approved,Auto Loan,Medium,Fair,2,63356,0.06334010163448975,4012.9754791547325,1404.5414177041564,True,2024-04-12 18:20:41.255,2024-05-12 18:20:41.255,2024-05-08 18:20:41.255,-4.0,Early,True
8,Ngozi Okonkwo,847,Shaun Murphey,2025-03-08 18:20:41.255,2025-03-10 18:20:41.255,Approved,Auto Loan,Low,Excellent,4,21017,0.021011726056759755,441.6034465349198,154.56120628722192,True,2025-03-15 18:20:41.255,2025-04-14 18:20:41.255,2025-04-10 18:20:41.255,-4.0,Early,True
12,Yakubu Bello,848,Wadsworth Hubane,2025-01-23 18:20:41.255,2025-01-25 18:20:41.255,Approved,Personal Loan,Medium,Good,3,42994,0.04298321121398529,1848.0201829340836,646.8070640269292,False,,,,,,True
7,Segun Oladipo,849,Rudolf Brandes,2024-11-05 18:20:41.255,2024-11-07 18:20:41.255,Approved,Personal Loan,High,Good,3,41280,0.04126964132002867,1703.6107936907836,596.2637777917743,True,,,,,,True
9,Ibrahim Danjuma,850,Zachary Matyukon,2025-02-09 18:20:41.255,2025-02-11 18:20:41.255,Approved,Mortgage,Medium,Fair,2,17456,0.017451619643469488,304.6354724964034,106.62241537374118,False,,,,,,True
19,Felix Odion,851,Clemence Vautre,2024-09-14 18:20:41.255,2024-09-16 18:20:41.255,Approved,Auto Loan,High,Good,3,22036,0.022030470351941663,485.4634446753865,169.91220563638527,True,2024-09-21 18:20:41.255,2024-10-21 18:20:41.255,2024-10-17 18:20:41.255,-4.0,Early,True
15,Gbenga Adesina,852,Derick Fasler,2024-04-10 18:20:41.255,2024-04-12 18:20:41.255,Approved,Personal Loan,Medium,Excellent,4,97259,0.09723459411687667,9456.939389213308,3309.928786224658,False,,,,,,True
4,Aisha Mohammed,853,Hayden Heersema,2024-06-20 18:20:41.255,2024-06-22 18:20:41.255,Approved,Auto Loan,Low,Fair,2,89672,0.08964949797600802,8039.049782504591,2813.667423876607,True,2024-06-27 18:20:41.255,2024-07-27 18:20:41.255,2024-07-23 18:20:41.255,-4.0,Early,True
7,Segun Oladipo,854,Charis Greaves,2024-03-10 18:20:41.255,2024-03-12 18:20:41.255,Approved,Mortgage,Low,Good,3,95349,0.09532507340657495,9089.150424243515,3181.20264848523,True,2024-03-17 18:20:41.255,2024-04-16 18:20:41.255,2024-04-12 18:20:41.255,-4.0,Early,False
12,Yakubu Bello,855,Chas Carabet,2024-10-03 18:20:41.255,2024-10-05 18:20:41.255,Approved,Mortgage,Medium,Excellent,4,69324,0.06930660404238537,4804.611018634323,1681.613856522013,False,,,,,,True
8,Ngozi Okonkwo,856,Hanan McGreay,2024-08-25 18:20:41.255,2024-08-27 18:20:41.255,Approved,Personal Loan,Medium,Excellent,4,30579,0.030571326597024148,934.8405960104014,327.1942086036405,True,2024-09-01 18:20:41.255,2024-10-01 18:20:41.255,2024-09-27 18:20:41.255,-4.0,Early,True
16,Chika Umeh,857,Mahmud Dobbson,2024-08-19 18:20:41.255,2024-08-21 18:20:41.255,Approved,Personal Loan,Medium,Fair,2,22758,0.02275228917541697,517.7965970541394,181.22880896894878,True,2024-08-26 18:20:41.255,2024-09-25 18:20:41.255,2024-09-21 18:20:41.255,-4.0,Early,True
12,Yakubu Bello,858,Salomone Sleford,2024-07-15 18:20:41.255,2024-07-17 18:20:41.255,Approved,Mortgage,Medium,Fair,2,30365,0.030357380297545315,921.8018527349635,322.6306484572372,True,2024-07-22 18:20:41.255,2024-08-21 18:20:41.255,2024-08-17 18:20:41.255,-4.0,Early,True
3,Tunde Balogun,859,Tome Tyt,2024-06-09 18:20:41.255,2024-06-11 18:20:41.255,Approved,Mortgage,Low,Good,3,98960,0.09893516727301448,9790.624153337512,3426.7184536681293,False,,,,,,True
13,Bola Akinwunmi,860,Koressa Maris,2025-02-09 18:20:41.255,2025-02-11 18:20:41.255,Approved,Personal Loan,Medium,Excellent,4,15431,0.015427127790924478,238.0560089417556,83.31960312961446,True,2025-02-16 18:20:41.255,2025-03-18 18:20:41.255,2025-03-14 18:20:41.255,-4.0,Early,True
14,Zainab Suleiman,861,Alvan Rebichon,2025-01-27 18:20:41.255,2025-01-29 18:20:41.255,Approved,Auto Loan,Medium,Fair,2,27390,0.027383126835164372,750.0238440151521,262.5083454053032,False,,,,,,True
1,Emeka Okafor,862,Kelci Morrison,2024-12-11 18:20:41.255,2024-12-13 18:20:41.255,Approved,Mortgage,Medium,Good,3,44000,0.04398895877134839,1935.514185939329,677.4299650787651,False,,,,,,True
15,Gbenga Adesina,863,Lannie Chat,2024-03-14 18:20:41.255,2024-03-16 18:20:41.255,Approved,Mortgage,Medium,Fair,2,26352,0.026345387307785746,694.25364633477,242.9887762171695,True,2024-03-21 18:20:41.255,2024-04-20 18:20:41.255,2024-04-16 18:20:41.255,-4.0,Early,False
16,Chika Umeh,864,Sylvan Capper,2024-03-22 18:20:41.255,2024-03-24 18:20:41.255,Approved,Personal Loan,High,Fair,2,77458,0.0774385629207069,5998.236206712115,2099.3826723492402,True,2024-03-29 18:20:41.255,2024-04-28 18:20:41.255,2024-04-24 18:20:41.255,-4.0,Early,True
7,Segun Oladipo,865,Nevin Hanfrey,2024-04-06 18:20:41.255,2024-04-08 18:20:41.255,Approved,Mortgage,Low,Fair,2,71215,0.07119712952049036,5070.3035788017205,1774.6062525806021,False,,,,,,True
8,Ngozi Okonkwo,866,Cammi Tesmond,2024-04-06 18:20:41.255,2024-04-08 18:20:41.255,Approved,Personal Loan,Medium,Excellent,4,50991,0.05097820447067786,2599.4296241643347,909.800368457517,False,,,,,,True
3,Tunde Balogun,867,Andie Bonney,2024-05-30 18:20:41.255,2024-06-01 18:20:41.255,Approved,Mortgage,Low,Fair,2,52196,0.052182902091575015,2723.7387575718494,953.3085651501473,True,2024-06-06 18:20:41.255,2024-07-06 18:20:41.255,2024-07-02 18:20:41.255,-4.0,Early,False
16,Chika Umeh,868,Nolana Rotter,2024-04-11 18:20:41.255,2024-04-13 18:20:41.255,Approved,Auto Loan,High,Fair,2,73093,0.07307465826077654,5341.245996254939,1869.4360986892286,False,,,,,,True
8,Ngozi Okonkwo,869,Charisse Thoresby,2024-06-13 18:20:41.255,2024-06-15 18:20:41.255,Approved,Mortgage,Medium,Fair,2,22674,0.022668310254126214,513.9812667020577,179.8934433457202,False,,,,,,True
11,Kemi Adebanjo,870,Bennie Llywarch,2024-06-10 18:20:41.255,2024-06-12 18:20:41.255,Approved,Personal Loan,Low,Fair,2,27899,0.027891999108223837,778.1588831203368,272.35560909211785,False,,,,,,True
7,Segun Oladipo,871,Peyton Monkeman,2025-02-18 18:20:41.255,2025-02-20 18:20:41.255,Approved,Auto Loan,High,Fair,2,46101,0.04608943155268028,2124.7688840101137,743.6691094035398,True,2025-02-25 18:20:41.255,2025-03-27 18:20:41.255,2025-03-23 18:20:41.255,-4.0,Early,True
2,Chioma Nwosu,872,Barby Charlwood,2024-11-15 18:20:41.255,2024-11-17 18:20:41.255,Approved,Mortgage,High,Good,3,75358,0.075339089888438,5677.4031358129105,1987.0910975345184,False,,,,,,True
7,Segun Oladipo,873,Devinne Tommeo,2024-07-01 18:20:41.255,2024-07-03 18:20:41.255,Approved,Mortgage,Medium,Good,3,61778,0.06176249761309911,3815.563577542037,1335.4472521397129,True,2024-07-08 18:20:41.255,2024-08-07 18:20:41.255,2024-08-03 18:20:41.255,-4.0,Early,False
13,Bola Akinwunmi,874,Rebekah Dmych,2024-07-05 18:20:41.255,2024-07-07 18:20:41.255,Approved,Mortgage,High,Good,3,36033,0.036023957986545375,1298.0512781291895,454.3179473452163,True,2024-07-12 18:20:41.255,2024-08-11 18:20:41.255,2024-08-07 18:20:41.255,-4.0,Early,True
15,Gbenga Adesina,875,Worden Fossitt,2024-07-07 18:20:41.255,2024-07-09 18:20:41.255,Approved,Auto Loan,Medium,Fair,2,67021,0.06700418195033046,4490.687278493098,1571.7405474725842,True,2024-07-14 18:20:41.255,2024-08-13 18:20:41.255,2024-08-09 18:20:41.255,-4.0,Early,True
9,Ibrahim Danjuma,876,Kessiah Logg,2024-07-26 18:20:41.255,2024-07-28 18:20:41.255,Approved,Auto Loan,Medium,Fair,2,6283,0.006281423362735954,39.466182988069995,13.813164045824498,True,2024-08-02 18:20:41.255,2024-09-01 18:20:41.255,2024-08-28 18:20:41.255,-4.0,Early,True
3,Tunde Balogun,877,Regen Nares,2025-01-22 18:20:41.255,2025-01-24 18:20:41.255,Approved,Personal Loan,High,Fair,2,36088,0.036078944185009565,1302.0169377486252,455.70592821201876,True,2025-01-29 18:20:41.255,2025-02-28 18:20:41.255,2025-02-24 18:20:41.255,-4.0,Early,True
1,Emeka Okafor,878,Germain De la Harpe,2024-03-14 18:20:41.255,2024-03-16 18:20:41.255,Approved,Personal Loan,Medium,Fair,2,12457,0.01245387407760652,155.13790938474443,54.29826828466055,False,,,,,,False
9,Ibrahim Danjuma,879,Stanislaus Gottelier,2025-01-17 18:20:41.255,2025-01-19 18:20:41.255,Approved,Auto Loan,High,Excellent,4,38566,0.03855632236308686,1486.963128254808,520.4370948891827,True,2025-01-24 18:20:41.255,2025-02-23 18:20:41.255,2025-02-19 18:20:41.255,-4.0,Early,True
7,Segun Oladipo,880,Lura MacKim,2024-08-28 18:20:41.255,2024-08-30 18:20:41.255,Approved,Personal Loan,Low,Good,3,97796,0.09777145936369971,9561.657639932377,3346.5801739763315,True,2024-09-04 18:20:41.255,2024-10-04 18:20:41.255,2024-09-30 18:20:41.255,-4.0,Early,True
13,Bola Akinwunmi,881,Effie Duddy,2024-12-17 18:20:41.255,2024-12-19 18:20:41.255,Approved,Personal Loan,Medium,Fair,2,57844,0.05782948479931537,3345.0887187315984,1170.7810515560593,False,,,,,,True
3,Tunde Balogun,882,Addia Abels,2024-06-27 18:20:41.255,2024-06-29 18:20:41.255,Approved,Mortgage,Low,Excellent,4,60185,0.0601698973557637,3621.3252723566384,1267.4638453248233,True,2024-07-04 18:20:41.255,2024-08-03 18:20:41.255,2024-07-30 18:20:41.255,-4.0,Early,True
17,Rasheed Lawal,883,Hugh Wilce,2025-02-10 18:20:41.255,2025-02-12 18:20:41.255,Approved,Mortgage,High,Good,3,60604,0.060588792213154496,3671.923163286015,1285.1731071501051,True,2025-02-17 18:20:41.255,2025-03-19 18:20:41.255,2025-03-15 18:20:41.255,-4.0,Early,True
13,Bola Akinwunmi,884,Janka Yesinin,2024-10-31 18:20:41.255,2024-11-02 18:20:41.255,Approved,Mortgage,Low,Good,3,54659,0.05464528403370754,2986.8565799984203,1045.399802999447,True,2024-11-07 18:20:41.255,2024-12-07 18:20:41.255,2024-12-03 18:20:41.255,-4.0,Early,True
10,Chinedu Opara,885,Suki Ivachyov,2024-06-02 18:20:41.255,2024-06-04 18:20:41.255,Approved,Mortgage,Medium,Excellent,4,65328,0.06531160678669654,4266.676648161311,1493.3368268564589,True,2024-06-09 18:20:41.255,2024-07-09 18:20:41.255,2024-07-05 18:20:41.255,-4.0,Early,True
6,Funke Adeyemi,886,Worthington Penwarden,2024-11-29 18:20:41.255,2024-12-01 18:20:41.255,Approved,Auto Loan,Medium,Fair,2,21391,0.021385632206316216,457.46005852531016,160.11102048385854,False,,,,,,True
1,Emeka Okafor,887,Howard Oseland,2024-07-04 18:20:41.255,2024-07-06 18:20:41.255,Approved,Mortgage,High,Excellent,4,84091,0.08406989845548768,7069.5218310204145,2474.3326408571447,False,,,,,,True
2,Chioma Nwosu,888,Caryl Linnett,2025-02-01 18:20:41.255,2025-02-03 18:20:41.255,Approved,Mortgage,Low,Fair,2,65607,0.06559053677526941,4303.1983462151,1506.119421175285,True,2025-02-08 18:20:41.255,2025-03-10 18:20:41.255,2025-03-06 18:20:41.255,-4.0,Early,True
4,Aisha Mohammed,889,Neil Jencey,2024-03-23 18:20:41.255,2024-03-25 18:20:41.255,Approved,Auto Loan,Low,Good,3,57752,0.057737507885520734,3334.4565554045935,1167.0597943916077,True,2024-03-30 18:20:41.255,2024-04-29 18:20:41.255,2024-04-25 18:20:41.255,-4.0,Early,False
17,Rasheed Lawal,890,Didi Milne,2025-02-10 18:20:41.255,2025-02-12 18:20:41.255,Approved,Mortgage,Medium,Fair,2,91655,0.09163200036790765,8398.530993720577,2939.4858478022015,False,,,,,,True
1,Emeka Okafor,891,Clarence Silby,2024-06-06 18:20:41.255,2024-06-08 18:20:41.255,Approved,Mortgage,Low,Fair,2,25786,0.02577952933813613,664.7509435131782,232.66283022961235,True,2024-06-13 18:20:41.255,2024-07-13 18:20:41.255,2024-07-09 18:20:41.255,-4.0,Early,True
1,Emeka Okafor,892,Hestia Smetoun,2024-04-23 18:20:41.255,2024-04-25 18:20:41.255,Approved,Personal Loan,High,Good,3,29146,0.02913868618976637,849.2761476869306,297.24665169042567,True,2024-04-30 18:20:41.255,2024-05-30 18:20:41.255,2024-05-26 18:20:41.255,-4.0,Early,True
14,Zainab Suleiman,893,Neely Lundon,2024-05-11 18:20:41.255,2024-05-13 18:20:41.255,Approved,Mortgage,Low,Good,3,62630,0.0626142838147625,3921.532595318575,1372.5364083615013,True,2024-05-18 18:20:41.255,2024-06-17 18:20:41.255,2024-06-13 18:20:41.255,-4.0,Early,True
7,Segun Oladipo,894,Carmella O' Lone,2024-08-01 18:20:41.255,2024-08-03 18:20:41.255,Approved,Personal Loan,Low,Fair,2,34593,0.0345843193358467,1196.3753587849449,418.7313755747307,True,2024-08-08 18:20:41.255,2024-09-07 18:20:41.255,2024-09-03 18:20:41.255,-4.0,Early,True
20,Adewale Ogunleye,895,Esmaria Lythgoe,2024-03-14 18:20:41.255,2024-03-16 18:20:41.255,Approved,Auto Loan,Low,Fair,2,89606,0.089583514537851,8027.220403678677,2809.527141287537,True,2024-03-21 18:20:41.255,2024-04-20 18:20:41.255,2024-04-16 18:20:41.255,-4.0,Early,False
16,Chika Umeh,896,Lolita Bennie,2024-09-23 18:20:41.255,2024-09-25 18:20:41.255,Approved,Mortgage,Low,Fair,2,90024,0.09000140964617881,8102.286901987601,2835.80041569566,True,2024-09-30 18:20:41.255,2024-10-30 18:20:41.255,2024-10-26 18:20:41.255,-4.0,Early,True
11,Kemi Adebanjo,897,Pepito Lamming,2024-07-08 18:20:41.255,2024-07-10 18:20:41.255,Approved,Personal Loan,High,Fair,2,6201,0.006199443939571168,38.44275186928081,13.454963154248283,False,,,,,,True
3,Tunde Balogun,898,Yancey Wivell,2024-10-03 18:20:41.255,2024-10-05 18:20:41.255,Approved,Personal Loan,Medium,Fair,2,88027,0.08800491076739739,7746.80828012169,2711.382898042591,False,,,,,,True
2,Chioma Nwosu,899,Dawna McCullen,2024-12-27 18:20:41.255,2024-12-29 18:20:41.255,Approved,Auto Loan,High,Good,3,55993,0.05597894928372978,3134.429307243882,1097.0502575353585,False,,,,,,True
4,Aisha Mohammed,900,Patrizius Hardinge,2024-08-15 18:20:41.255,2024-08-17 18:20:41.255,Approved,Auto Loan,Medium,Fair,2,62795,0.06277924241015505,3942.2225271456864,1379.7778845009902,True,2024-08-22 18:20:41.255,2024-09-21 18:20:41.255,2024-09-17 18:20:41.255,-4.0,Early,True
7,Segun Oladipo,901,Chickie Gulleford,2024-05-21 18:20:41.255,2024-05-23 18:20:41.255,Approved,Mortgage,High,Good,3,23108,0.023102201347461788,533.845668737147,186.84598405800142,True,2024-05-28 18:20:41.255,2024-06-27 18:20:41.255,2024-06-23 18:20:41.255,-4.0,Early,True
14,Zainab Suleiman,902,Ezequiel Coggeshall,2025-02-28 18:20:41.255,2025-03-02 18:20:41.255,Approved,Auto Loan,Medium,Excellent,4,36753,0.03674377731189472,1350.4440475440665,472.65541664042325,True,2025-03-07 18:20:41.255,2025-04-06 18:20:41.255,2025-04-02 18:20:41.255,-4.0,Early,True
19,Felix Odion,903,Tony Cordsen,2024-07-26 18:20:41.255,2024-07-28 18:20:41.255,Approved,Auto Loan,Low,Good,3,9337,0.009334657001092726,87.15769241920279,30.505192346720975,True,2024-08-02 18:20:41.255,2024-09-01 18:20:41.255,2024-08-28 18:20:41.255,-4.0,Early,True
10,Chinedu Opara,904,Talbot Andrioni,2025-02-27 18:20:41.255,2025-03-01 18:20:41.255,Approved,Personal Loan,High,Fair,2,9822,0.009819535296640543,96.44747568360341,33.75661648926119,False,,,,,,True
14,Zainab Suleiman,905,Conroy Healy,2025-03-08 18:20:41.255,2025-03-10 18:20:41.255,Approved,Mortgage,High,Excellent,4,57958,0.05794345619249568,3358.286834004665,1175.4003919016327,True,2025-03-15 18:20:41.255,2025-04-14 18:20:41.255,2025-04-10 18:20:41.255,-4.0,Early,True
19,Felix Odion,906,Gibby Fearnley,2024-07-21 18:20:41.255,2024-07-23 18:20:41.255,Approved,Mortgage,Medium,Good,3,81839,0.08181846356564502,6695.941239748823,2343.579433912088,True,2024-07-28 18:20:41.255,2024-08-27 18:20:41.255,2024-08-23 18:20:41.255,-4.0,Early,True
11,Kemi Adebanjo,907,Catie Kibbey,2024-10-11 18:20:41.255,2024-10-13 18:20:41.255,Approved,Personal Loan,Low,Excellent,4,41660,0.041649545963963044,1735.1200848587005,607.2920297005451,True,2024-10-18 18:20:41.255,2024-11-17 18:20:41.255,2024-11-13 18:20:41.255,-4.0,Early,True
19,Felix Odion,908,Juli Curness,2024-12-29 18:20:41.255,2024-12-31 18:20:41.255,Approved,Auto Loan,Low,Fair,2,94445,0.09442130025363633,8917.619702454684,3121.166895859139,True,2025-01-05 18:20:41.255,2025-02-04 18:20:41.255,2025-01-31 18:20:41.255,-4.0,Early,True
17,Rasheed Lawal,909,Idell Belderson,2024-12-13 18:20:41.255,2024-12-15 18:20:41.255,Approved,Personal Loan,Medium,Fair,2,49691,0.049678530688797115,2468.5758684570174,864.001553959956,True,2024-12-20 18:20:41.255,2025-01-19 18:20:41.255,2025-01-15 18:20:41.255,-4.0,Early,True
11,Kemi Adebanjo,910,Pris Fance,2024-04-21 18:20:41.255,2024-04-23 18:20:41.255,Approved,Mortgage,High,Good,3,52410,0.052396848391053845,2746.118824175132,961.1415884612961,True,2024-04-28 18:20:41.255,2024-05-28 18:20:41.255,2024-05-24 18:20:41.255,-4.0,Early,True
11,Kemi Adebanjo,911,Reyna Braizier,2024-09-01 18:20:41.255,2024-09-03 18:20:41.255,Approved,Mortgage,Low,Fair,2,32221,0.03221291455844583,1037.9323199876833,363.2763119956891,True,2024-09-08 18:20:41.255,2024-10-08 18:20:41.255,2024-10-04 18:20:41.255,-4.0,Early,True
16,Chika Umeh,912,Teodora Lawling,2025-01-21 18:20:41.255,2025-01-23 18:20:41.255,Approved,Personal Loan,High,Good,3,29660,0.029652557208140758,879.4948467934548,307.82319637770917,True,2025-01-28 18:20:41.255,2025-02-27 18:20:41.255,2025-02-23 18:20:41.255,-4.0,Early,True
13,Bola Akinwunmi,913,Clevey Ivamy,2024-03-27 18:20:41.255,2024-03-29 18:20:41.255,Approved,Auto Loan,Low,Good,3,26351,0.02634438755872276,694.2009565599035,242.9703347959662,True,2024-04-03 18:20:41.255,2024-05-03 18:20:41.255,2024-04-29 18:20:41.255,-4.0,Early,False
20,Adewale Ogunleye,914,Letta McCarter,2025-01-03 18:20:41.255,2025-01-05 18:20:41.255,Approved,Auto Loan,Low,Good,3,72491,0.07247280932485946,5253.626420768387,1838.7692472689353,False,,,,,,True
3,Tunde Balogun,915,Selene Vasiltsov,2024-03-14 18:20:41.255,2024-03-16 18:20:41.255,Approved,Mortgage,Medium,Fair,2,68263,0.06824587028655807,4658.667843371313,1630.5337451799596,True,2024-03-21 18:20:41.255,2024-04-20 18:20:41.255,2024-04-16 18:20:41.255,-4.0,Early,False
3,Tunde Balogun,916,Hewe Lidgley,2024-09-14 18:20:41.255,2024-09-16 18:20:41.255,Approved,Auto Loan,Medium,Good,3,75020,0.07500117470514901,5626.5881263802785,1969.3058442330973,False,,,,,,True
8,Ngozi Okonkwo,917,Kariotta Ludman,2024-04-29 18:20:41.255,2024-05-01 18:20:41.255,Approved,Auto Loan,High,Fair,2,5272,0.005270677060057925,27.78700946062538,9.725453311218883,False,,,,,,False
6,Funke Adeyemi,918,Dorian Drinkel,2024-04-06 18:20:41.255,2024-04-08 18:20:41.255,Approved,Mortgage,Low,Fair,2,9168,0.009165699409448228,84.03113218582135,29.41089626503747,False,,,,,,True
14,Zainab Suleiman,919,Cammy Marcroft,2024-05-10 18:20:41.255,2024-05-12 18:20:41.255,Approved,Mortgage,High,Fair,2,39922,0.03991198209249478,1593.3661490965767,557.6781521838018,True,2024-05-17 18:20:41.255,2024-06-16 18:20:41.255,2024-06-12 18:20:41.255,-4.0,Early,False
8,Ngozi Okonkwo,920,Eamon McWhin,2024-05-15 18:20:41.255,2024-05-17 18:20:41.255,Approved,Personal Loan,Low,Good,3,75703,0.07568400331516789,5729.506102968155,2005.327136038854,True,2024-05-22 18:20:41.255,2024-06-21 18:20:41.255,2024-06-17 18:20:41.255,-4.0,Early,True
11,Kemi Adebanjo,921,Carry Tomlett,2024-12-25 18:20:41.255,2024-12-27 18:20:41.255,Approved,Auto Loan,High,Fair,2,35882,0.035872995878034615,1287.194838095638,450.5181933334733,True,2025-01-01 18:20:41.255,2025-01-31 18:20:41.255,2025-01-27 18:20:41.255,-4.0,Early,True
16,Chika Umeh,922,Suzette Surgison,2024-03-27 18:20:41.255,2024-03-29 18:20:41.255,Approved,Auto Loan,Low,Excellent,4,41549,0.041538573817971686,1725.8862035629056,604.0601712470169,False,,,,,,False
2,Chioma Nwosu,923,Lewes Foulcher,2025-02-07 18:20:41.255,2025-02-09 18:20:41.255,Approved,Personal Loan,Low,Fair,2,77195,0.0771756289171418,5957.572674258761,2085.150435990566,False,,,,,,True
20,Adewale Ogunleye,924,Marcellus Shawcroft,2024-03-23 18:20:41.255,2024-03-25 18:20:41.255,Approved,Personal Loan,Medium,Good,3,56847,0.05683273498351914,3230.7704856081123,1130.7696699628393,False,,,,,,False
12,Yakubu Bello,925,Vince Dalmon,2024-12-03 18:20:41.255,2024-12-05 18:20:41.255,Approved,Auto Loan,High,Excellent,4,58525,0.058510313911208284,3424.316121653465,1198.5106425787126,True,2024-12-10 18:20:41.255,2025-01-09 18:20:41.255,2025-01-05 18:20:41.255,-4.0,Early,True
11,Kemi Adebanjo,926,Dayle Spearman,2024-07-18 18:20:41.255,2024-07-20 18:20:41.255,Approved,Auto Loan,High,Fair,2,14839,0.014835276345637244,220.14066569291106,77.04923299251887,True,2024-07-25 18:20:41.255,2024-08-24 18:20:41.255,2024-08-20 18:20:41.255,-4.0,Early,True
14,Zainab Suleiman,927,Marc Egleton,2025-02-22 18:20:41.255,2025-02-24 18:20:41.255,Approved,Personal Loan,High,Excellent,4,87313,0.08729108993642595,7621.646935619159,2667.5764274667054,True,2025-03-01 18:20:41.255,2025-03-31 18:20:41.255,2025-03-27 18:20:41.255,-4.0,Early,True
18,Amaka Obi,928,Austina Orrice,2025-03-01 18:20:41.255,2025-03-03 18:20:41.255,Approved,Mortgage,Low,Fair,2,87042,0.08702015794035697,7574.408587444552,2651.043005605593,True,2025-03-08 18:20:41.255,2025-04-07 18:20:41.255,2025-04-03 18:20:41.255,-4.0,Early,True
20,Adewale Ogunleye,929,Odo MacKaig,2024-11-24 18:20:41.255,2024-11-26 18:20:41.255,Approved,Auto Loan,Low,Fair,2,92363,0.09233982270450117,8528.783044455842,2985.0740655595446,False,,,,,,True
12,Yakubu Bello,930,Mahmud Chiles,2024-10-17 18:20:41.255,2024-10-19 18:20:41.255,Approved,Auto Loan,Low,Good,3,83097,0.08307614788688039,6903.3786609561,2416.182531334635,True,2024-10-24 18:20:41.255,2024-11-23 18:20:41.255,2024-11-19 18:20:41.255,-4.0,Early,True
3,Tunde Balogun,931,Grove Peltzer,2024-06-21 18:20:41.255,2024-06-23 18:20:41.255,Approved,Auto Loan,Low,Fair,2,69559,0.06954154507218688,4837.240333676247,1693.0341167866864,True,2024-06-28 18:20:41.255,2024-07-28 18:20:41.255,2024-07-24 18:20:41.255,-4.0,Early,False
20,Adewale Ogunleye,932,Stefano Thornborrow,2024-08-17 18:20:41.255,2024-08-19 18:20:41.255,Approved,Mortgage,Low,Fair,2,15971,0.01596699228493648,255.00883378272053,89.25309182395218,True,2024-08-24 18:20:41.255,2024-09-23 18:20:41.255,2024-09-19 18:20:41.255,-4.0,Early,True
9,Ibrahim Danjuma,933,Gretchen Seneschal,2024-10-14 18:20:41.255,2024-10-16 18:20:41.255,Approved,Personal Loan,Medium,Good,3,74431,0.07441232250705072,5538.583576522293,1938.5042517828024,False,,,,,,True
9,Ibrahim Danjuma,934,Bekki Ralston,2024-09-29 18:20:41.255,2024-10-01 18:20:41.255,Approved,Personal Loan,Low,Excellent,4,7988,0.007985995515125703,63.79213217482412,22.32724626118844,True,2024-10-06 18:20:41.255,2024-11-05 18:20:41.255,2024-11-01 18:20:41.255,-4.0,Early,True
4,Aisha Mohammed,935,Garrek Grimwade,2024-09-16 18:20:41.255,2024-09-18 18:20:41.255,Approved,Mortgage,Medium,Fair,2,34811,0.03480226463157748,1211.5016340898435,424.0255719314452,True,2024-09-23 18:20:41.255,2024-10-23 18:20:41.255,2024-10-19 18:20:41.255,-4.0,Early,True
16,Chika Umeh,936,Clementius Hambric,2024-04-14 18:20:41.255,2024-04-16 18:20:41.255,Approved,Personal Loan,Medium,Fair,2,94966,0.09494216951545162,9016.278070204378,3155.697324571532,False,,,,,,True
15,Gbenga Adesina,937,Nicko Pembridge,2025-02-25 18:20:41.255,2025-02-27 18:20:41.255,Approved,Personal Loan,Medium,Good,3,82873,0.08285220409677171,6866.210710111763,2403.173748539117,False,,,,,,True
7,Segun Oladipo,938,Terrel Matthisson,2025-01-26 18:20:41.255,2025-01-28 18:20:41.255,Approved,Personal Loan,Medium,Fair,2,9439,0.009436631405517214,89.07236383667698,31.175327342836944,True,2025-02-02 18:20:41.255,2025-03-04 18:20:41.255,2025-02-28 18:20:41.255,-4.0,Early,True
5,Obinna Eze,939,Porty Clemmitt,2024-06-15 18:20:41.255,2024-06-17 18:20:41.255,Approved,Auto Loan,Low,Fair,2,74664,0.07464526403872628,5573.313994187459,1950.6598979656105,True,2024-06-22 18:20:41.255,2024-07-22 18:20:41.255,2024-07-18 18:20:41.255,-4.0,Early,True
14,Zainab Suleiman,940,Kippy Conerding,2025-01-20 18:20:41.255,2025-01-22 18:20:41.255,Approved,Auto Loan,Low,Good,3,41941,0.041930475450661885,1758.6060708762102,615.5121248066736,True,2025-01-27 18:20:41.255,2025-02-26 18:20:41.255,2025-02-22 18:20:41.255,-4.0,Early,True
15,Gbenga Adesina,941,Evelina Dinan,2024-04-20 18:20:41.255,2024-04-22 18:20:41.255,Approved,Mortgage,High,Fair,2,18444,0.018439371717698858,340.09577196123774,119.03352018643321,True,2024-04-27 18:20:41.255,2024-05-27 18:20:41.255,2024-05-23 18:20:41.255,-4.0,Early,True
16,Chika Umeh,942,Katrina Sappson,2024-09-26 18:20:41.255,2024-09-28 18:20:41.255,Approved,Auto Loan,Medium,Fair,2,68823,0.06880572976182978,4735.416739398411,1657.3958587894438,False,,,,,,True
18,Amaka Obi,943,Yoko Dowrey,2025-01-25 18:20:41.255,2025-01-27 18:20:41.255,Approved,Auto Loan,Medium,Fair,2,50071,0.05005843533273149,2506.4759155451984,877.2665704408194,True,2025-02-01 18:20:41.255,2025-03-03 18:20:41.255,2025-02-27 18:20:41.255,-4.0,Early,True
12,Yakubu Bello,944,Melany L'oiseau,2024-04-12 18:20:41.255,2024-04-14 18:20:41.255,Approved,Auto Loan,Medium,Fair,2,56506,0.05649182055304119,3192.1268121701455,1117.2443842595508,True,2024-04-19 18:20:41.255,2024-05-19 18:20:41.255,2024-05-15 18:20:41.255,-4.0,Early,True
12,Yakubu Bello,945,Marcellus Louisot,2025-01-30 18:20:41.255,2025-02-01 18:20:41.255,Approved,Personal Loan,High,Excellent,4,92524,0.09250078230364178,8558.542381862153,2995.4898336517535,True,2025-02-06 18:20:41.255,2025-03-08 18:20:41.255,2025-03-08 18:20:41.255,0.0,On Time,True
6,Funke Adeyemi,946,Aldin Cracker,2025-03-07 18:20:41.255,2025-03-09 18:20:41.255,Approved,Mortgage,Medium,Fair,2,64736,0.06471975534140931,4189.698081781473,1466.3943286235153,False,,,,,,True
13,Bola Akinwunmi,947,Raffaello Godleman,2024-10-22 18:20:41.255,2024-10-24 18:20:41.255,Approved,Mortgage,High,Excellent,4,14799,0.014795286383117837,218.95544318376088,76.63440511431631,False,,,,,,True
7,Segun Oladipo,948,Nikolos McKyrrelly,2024-04-14 18:20:41.255,2024-04-16 18:20:41.255,Approved,Auto Loan,Medium,Fair,2,92702,0.09267873763685315,8591.50433641156,3007.026517744046,False,,,,,,True
18,Amaka Obi,949,Cristian Theodoris,2024-09-28 18:20:41.255,2024-09-30 18:20:41.255,Approved,Mortgage,Medium,Excellent,4,68143,0.06812590039899985,4642.303230889047,1624.8061308111664,False,,,,,,True
16,Chika Umeh,950,Marnia Claesens,2024-07-28 18:20:41.255,2024-07-30 18:20:41.255,Approved,Personal Loan,Medium,Fair,2,27217,0.027210170247267934,740.5792036198914,259.202721266962,False,,,,,,True
6,Funke Adeyemi,951,Tye Doohan,2024-04-27 18:20:41.255,2024-04-29 18:20:41.255,Approved,Auto Loan,High,Fair,2,77669,0.07764950997299677,6030.9597900926865,2110.83592653244,False,,,,,,True
8,Ngozi Okonkwo,952,Shirley Brook,2024-08-24 18:20:41.255,2024-08-26 18:20:41.255,Approved,Personal Loan,Medium,Excellent,4,46090,0.04607843431298744,2123.7550374855914,743.314263119957,False,,,,,,True
6,Funke Adeyemi,953,Holly Gamett,2024-04-14 18:20:41.255,2024-04-16 18:20:41.255,Approved,Auto Loan,Low,Fair,2,9213,0.009210688117282562,84.85806962452425,29.700324368583484,False,,,,,,True
19,Felix Odion,954,Anderea Dallewater,2024-06-29 18:20:41.255,2024-07-01 18:20:41.255,Approved,Personal Loan,High,Fair,2,32041,0.0320329597271085,1026.3680626162834,359.22882191569914,True,2024-07-06 18:20:41.255,2024-08-05 18:20:41.255,2024-08-05 18:20:41.255,0.0,On Time,True
13,Bola Akinwunmi,955,Hebert Bernocchi,2024-09-29 18:20:41.255,2024-10-01 18:20:41.255,Approved,Mortgage,Medium,Good,3,49837,0.04982449405199295,2483.1033100691725,869.0861585242103,False,,,,,,True
3,Tunde Balogun,956,Bettina Farrer,2024-06-25 18:20:41.255,2024-06-27 18:20:41.255,Approved,Auto Loan,Low,Fair,2,93347,0.0933235757824786,8711.47582856703,3049.0165399984603,False,,,,,,True
11,Kemi Adebanjo,957,Hyacinth Naldrett,2024-06-03 18:20:41.255,2024-06-05 18:20:41.255,Approved,Auto Loan,High,Fair,2,13662,0.013658571698503676,186.60340654495724,65.31119229073504,False,,,,,,True
12,Yakubu Bello,958,Yardley Argo,2024-06-17 18:20:41.255,2024-06-19 18:20:41.255,Approved,Personal Loan,Medium,Excellent,4,55191,0.05517715053521566,3045.2821151890876,1065.8487403161805,True,2024-06-24 18:20:41.255,2024-07-24 18:20:41.255,2024-07-24 18:20:41.255,0.0,On Time,True
19,Felix Odion,959,Jarid Grebner,2024-11-10 18:20:41.255,2024-11-12 18:20:41.255,Approved,Personal Loan,Low,Fair,2,85339,0.08531758528609319,7280.917410729907,2548.3210937554672,False,,,,,,True
11,Kemi Adebanjo,960,Bret Ivakhnov,2024-04-28 18:20:41.255,2024-04-30 18:20:41.255,Approved,Auto Loan,High,Fair,2,36864,0.03685474945788607,1358.613484015512,475.5147194054292,True,2024-05-05 18:20:41.255,2024-06-04 18:20:41.255,2024-06-04 18:20:41.255,0.0,On Time,True
1,Emeka Okafor,961,Meryl Dumbar,2024-09-24 18:20:41.255,2024-09-26 18:20:41.255,Approved,Mortgage,Medium,Fair,2,85282,0.08526059958950304,7271.194454191998,2544.918058967199,False,,,,,,False
5,Obinna Eze,962,Marina Andresen,2024-07-18 18:20:41.255,2024-07-20 18:20:41.255,Approved,Auto Loan,Medium,Good,3,32392,0.032383871648216295,1048.978370429022,367.14242965015774,True,2024-07-25 18:20:41.255,2024-08-24 18:20:41.255,2024-08-29 18:20:41.255,5.0,Late,True
7,Segun Oladipo,963,Jasmin Brodeur,2025-01-17 18:20:41.255,2025-01-19 18:20:41.255,Approved,Mortgage,Medium,Fair,2,14942,0.014938250499124719,223.20733895792156,78.12256863527254,True,2025-01-24 18:20:41.255,2025-02-23 18:20:41.255,2025-02-28 18:20:41.255,5.0,Late,True
7,Segun Oladipo,964,Alain Immins,2024-06-10 18:20:41.255,2024-06-12 18:20:41.255,Approved,Auto Loan,High,Good,3,33720,0.03371153840386063,1136.7530749781804,397.86357624236314,True,2024-06-17 18:20:41.255,2024-07-17 18:20:41.255,2024-07-22 18:20:41.255,5.0,Late,True
4,Aisha Mohammed,965,Teresina Gibbie,2025-02-08 18:20:41.255,2025-02-10 18:20:41.255,Approved,Auto Loan,Low,Excellent,4,9687,0.009684569173137543,93.81442158018338,32.83504755306418,False,,,,,,True
20,Adewale Ogunleye,966,Ezechiel Pettecrew,2025-01-08 18:20:41.255,2025-01-10 18:20:41.255,Approved,Personal Loan,High,Excellent,4,49636,0.049623544490332926,2463.114254322165,862.0899890127577,False,,,,,,True
14,Zainab Suleiman,967,Jamima Gannan,2025-03-01 18:20:41.255,2025-03-03 18:20:41.255,Approved,Mortgage,Low,Fair,2,49612,0.049599550512821285,2460.7329000420896,861.2565150147313,True,2025-03-08 18:20:41.255,2025-04-07 18:20:41.255,2025-04-12 18:20:41.255,5.0,Late,True
7,Segun Oladipo,968,Kristofor Saulter,2024-05-08 18:20:41.255,2024-05-10 18:20:41.255,Approved,Mortgage,Low,Fair,2,26841,0.026834264599585503,720.2584961174745,252.09047364111603,False,,,,,,False
10,Chinedu Opara,969,Katharina Jennins,2024-08-24 18:20:41.255,2024-08-26 18:20:41.255,Approved,Auto Loan,Medium,Good,3,79369,0.0793490833800716,6297.857398792903,2204.250089577516,True,2024-08-31 18:20:41.255,2024-09-30 18:20:41.255,2024-10-05 18:20:41.255,5.0,Late,True
7,Segun Oladipo,970,Lannie Crumley,2024-04-19 18:20:41.255,2024-04-21 18:20:41.255,Approved,Personal Loan,Medium,Fair,2,50715,0.050702273729293944,2571.3658121811422,899.9780342633998,False,,,,,,True
1,Emeka Okafor,971,Rosamund Shelton,2025-01-15 18:20:41.255,2025-01-17 18:20:41.255,Approved,Mortgage,High,Fair,2,5908,0.0059065174641165065,34.89570517800032,12.21349681230011,False,,,,,,True
8,Ngozi Okonkwo,972,Granger Tuftin,2024-05-15 18:20:41.255,2024-05-17 18:20:41.255,Approved,Mortgage,Low,Fair,2,76999,0.0769796781007967,5927.358234083245,2074.575381929136,False,,,,,,True
10,Chinedu Opara,973,Valery Haresign,2024-09-05 18:20:41.255,2024-09-07 18:20:41.255,Approved,Auto Loan,Low,Excellent,4,5400,0.00539864494012003,29.152682676648162,10.203438936826856,True,2024-09-12 18:20:41.255,2024-10-12 18:20:41.255,2024-10-17 18:20:41.255,5.0,Late,True
14,Zainab Suleiman,974,Rhetta Grellier,2024-11-14 18:20:41.255,2024-11-16 18:20:41.255,Approved,Personal Loan,High,Good,3,72611,0.07259277921241768,5271.03429139286,1844.862001987501,True,2024-11-21 18:20:41.255,2024-12-21 18:20:41.255,2024-12-26 18:20:41.255,5.0,Late,True
17,Rasheed Lawal,975,Meggie Whitchurch,2024-08-17 18:20:41.255,2024-08-19 18:20:41.255,Approved,Auto Loan,Low,Excellent,4,72195,0.07217688360221584,5210.810111661973,1823.7835390816904,False,,,,,,True
9,Ibrahim Danjuma,976,Krystyna Linning,2024-03-30 18:20:41.255,2024-04-01 18:20:41.255,Approved,Mortgage,Medium,Good,3,44748,0.04473677107046131,2001.8810318610028,700.658361151351,True,2024-04-06 18:20:41.255,2024-05-06 18:20:41.255,2024-05-11 18:20:41.255,5.0,Late,False
15,Gbenga Adesina,977,April Causon,2024-03-16 18:20:41.255,2024-03-18 18:20:41.255,Approved,Personal Loan,High,Excellent,4,80825,0.08080471801577804,6531.04133362526,2285.864466768841,True,2024-03-23 18:20:41.255,2024-04-22 18:20:41.255,2024-04-25 18:20:41.255,3.0,Late,False
14,Zainab Suleiman,978,Wayne Woodfin,2024-05-03 18:20:41.255,2024-05-05 18:20:41.255,Approved,Mortgage,High,Fair,2,66960,0.06694319725748837,4482.516488361422,1568.8807709264975,False,,,,,,False
11,Kemi Adebanjo,979,Jo Mallinar,2024-06-29 18:20:41.255,2024-07-01 18:20:41.255,Approved,Personal Loan,Low,Excellent,4,49390,0.04937760622083857,2438.759971247217,853.5659899365259,True,2024-07-06 18:20:41.255,2024-08-05 18:20:41.255,2024-08-08 18:20:41.255,3.0,Late,True
9,Ibrahim Danjuma,980,Kellyann Hawton,2024-04-14 18:20:41.255,2024-04-16 18:20:41.255,Approved,Personal Loan,Low,Fair,2,29915,0.02990749321920198,894.6826596524272,313.1389308783495,True,2024-04-21 18:20:41.255,2024-05-21 18:20:41.255,2024-05-24 18:20:41.255,3.0,Late,False
13,Bola Akinwunmi,981,Sarge Lerohan,2024-05-10 18:20:41.255,2024-05-12 18:20:41.255,Approved,Auto Loan,Medium,Good,3,64605,0.06458878821415824,4172.758662575693,1460.4655319014926,True,2024-05-17 18:20:41.255,2024-06-16 18:20:41.255,2024-06-19 18:20:41.255,3.0,Late,True
16,Chika Umeh,982,Dena Crewdson,2024-09-02 18:20:41.255,2024-09-04 18:20:41.255,Approved,Auto Loan,Medium,Good,3,28334,0.028326889950622394,802.614099860935,280.9149349513272,True,2024-09-09 18:20:41.255,2024-10-09 18:20:41.255,2024-10-12 18:20:41.255,3.0,Late,True
9,Ibrahim Danjuma,983,Annabella Hebron,2024-04-19 18:20:41.255,2024-04-21 18:20:41.255,Approved,Personal Loan,Low,Fair,2,49248,0.049235641853894674,2424.7568900206047,848.6649115072116,True,2024-04-26 18:20:41.255,2024-05-26 18:20:41.255,2024-05-29 18:20:41.255,3.0,Late,True
17,Rasheed Lawal,984,Mellicent Dollin,2024-03-23 18:20:41.255,2024-03-25 18:20:41.255,Approved,Personal Loan,Low,Excellent,4,82080,0.08205940308982446,6735.435805612791,2357.4025319644766,True,2024-03-30 18:20:41.255,2024-04-29 18:20:41.255,2024-05-02 18:20:41.255,3.0,Late,True
10,Chinedu Opara,985,Goldarina Rzehorz,2025-01-13 18:20:41.255,2025-01-15 18:20:41.255,Approved,Auto Loan,Medium,Fair,2,85308,0.08528659306514065,7275.6286812010185,2546.470038420356,True,2025-01-20 18:20:41.255,2025-02-19 18:20:41.255,2025-02-22 18:20:41.255,3.0,Late,True
7,Segun Oladipo,986,Andonis Slimmon,2025-01-29 18:20:41.255,2025-01-31 18:20:41.255,Approved,Personal Loan,Low,Fair,2,23774,0.023768034223409923,565.0612456273475,197.7714359695716,False,,,,,,True
2,Chioma Nwosu,987,Olga Dyke,2024-12-20 18:20:41.255,2024-12-22 18:20:41.255,Approved,Personal Loan,Low,Fair,2,16967,0.01696274235166973,287.80684948078033,100.73239731827312,True,2024-12-28 18:20:41.255,2025-01-27 18:20:41.255,2025-01-30 18:20:41.255,3.0,Late,True
18,Amaka Obi,988,Erena Escalero,2024-09-10 18:20:41.255,,Rejected,Personal Loan,Low,Poor,1,35618,,,0.0,False,,,,,,False
13,Bola Akinwunmi,989,Kayla Falkingham,2025-02-23 18:20:41.255,2025-02-25 18:20:41.255,Approved,Personal Loan,High,Fair,2,31181,0.03117317553294123,972.0107862926405,340.2037752024242,True,2025-03-03 18:20:41.255,2025-04-02 18:20:41.255,2025-04-05 18:20:41.255,3.0,Late,True
12,Yakubu Bello,990,Max Gronaver,2025-03-07 18:20:41.255,2025-03-09 18:20:41.255,Approved,Personal Loan,High,Good,3,34417,0.03440836350076131,1184.232646605702,414.4814263119957,False,,,,,,True
4,Aisha Mohammed,991,Bud Smittoune,2024-04-04 18:20:41.255,,Rejected,Personal Loan,Medium,Poor,1,31364,,,0.0,False,,,,,,False
13,Bola Akinwunmi,992,Tibold Bonwell,2024-07-23 18:20:41.255,2024-07-25 18:20:41.255,Approved,Auto Loan,Medium,Fair,2,93746,0.0937224756586097,8786.107203092024,3075.1375210822084,True,2024-07-31 18:20:41.255,2024-08-30 18:20:41.255,2024-09-02 18:20:41.255,3.0,Late,True
11,Kemi Adebanjo,993,Shaylyn Riggs,2024-08-10 18:20:41.255,2024-08-12 18:20:41.255,Approved,Personal Loan,Low,Good,3,26303,0.02629639960369947,691.6741987761071,242.08596957163746,True,2024-08-18 18:20:41.255,2024-09-17 18:20:41.255,2024-09-20 18:20:41.255,3.0,Late,True
17,Rasheed Lawal,994,Luciano Weddup,2025-01-29 18:20:41.255,2025-01-31 18:20:41.255,Approved,Auto Loan,High,Fair,2,63958,0.06394195057040683,4089.59927458208,1431.359746103728,True,2025-02-06 18:20:41.255,2025-03-08 18:20:41.255,2025-03-11 18:20:41.255,3.0,Late,True
15,Gbenga Adesina,995,Aryn O'Halloran,2024-11-23 18:20:41.255,,Rejected,Personal Loan,Medium,Poor,1,99393,,,0.0,False,,,,,,False
5,Obinna Eze,996,Barnard Stranks,2024-04-25 18:20:41.255,2024-04-27 18:20:41.255,Approved,Auto Loan,Low,Good,3,47986,0.04797395853640736,2302.0783743280435,805.7274310148152,True,2024-05-03 18:20:41.255,2024-06-02 18:20:41.255,2024-06-05 18:20:41.255,3.0,Late,True
14,Zainab Suleiman,997,Lars Keher,2024-03-21 18:20:41.255,,Rejected,Personal Loan,Low,Poor,1,26746,,,0.0,False,,,,,,False
17,Rasheed Lawal,998,Andree Simonato,2024-04-02 18:20:41.255,,Rejected,Auto Loan,Low,Poor,1,19094,,,0.0,False,,,,,,False
5,Obinna Eze,999,Caralie Morfett,2024-09-17 18:20:41.255,,Rejected,Mortgage,High,Poor,1,86872,,,0.0,False,,,,,,False
9,Ibrahim Danjuma,1000,Melissa Purple,2025-02-21 18:20:41.255,,Rejected,Auto Loan,Medium,Poor,1,14066,,,0.0,False,,,,,,False
