Meeting_ID,Sales_Rep_ID,Sales_Rep_Name,Customer_ID,Call_Date,Call_Time,Call_Duration_Minutes,Customer_Feedback,Customer_Feedback_Rating,Call_Status
1.0,16.0,Chika Umeh,1.0,2025-03-05 20:22:15.403,10:24:00,21.0,Average,3.0,Completed
2.0,16.0,Chika Umeh,1.0,2024-10-26 20:22:15.403,08:39:00,4.0,Average,3.0,Completed
3.0,16.0,Chika Umeh,1.0,2024-05-03 20:22:15.403,08:55:00,10.0,Very Poor,1.0,Completed
4.0,16.0,Chika Umeh,1.0,2024-03-27 20:22:15.403,10:48:00,20.0,Very Poor,1.0,Completed
5.0,16.0,Chika Umeh,1.0,2025-02-19 20:22:15.403,09:41:00,28.0,Average,3.0,Completed
6.0,16.0,Chika Umeh,1.0,2024-04-04 20:22:15.403,08:10:00,27.0,Average,3.0,Completed
7.0,16.0,Chika Umeh,1.0,2025-03-05 20:22:15.403,11:49:00,10.0,Excellent,5.0,Completed
8.0,16.0,Chika Umeh,1.0,2024-07-03 20:22:15.403,17:10:00,10.0,Excellent,5.0,Completed
9.0,3.0,Tunde Balogun,2.0,2024-04-17 20:22:15.403,11:57:00,25.0,Very Poor,1.0,Completed
10.0,3.0,Tunde Balogun,2.0,2024-03-15 20:22:15.403,18:27:00,15.0,Very Poor,1.0,Completed
11.0,3.0,Tunde Balogun,2.0,2024-08-26 20:22:15.403,12:11:00,21.0,Very Poor,1.0,Completed
12.0,3.0,Tunde Balogun,2.0,2024-12-07 20:22:15.403,16:37:00,2.0,Excellent,5.0,Completed
13.0,3.0,Tunde Balogun,2.0,2025-02-08 20:22:15.403,08:35:00,2.0,Very Poor,1.0,Completed
14.0,3.0,Tunde Balogun,2.0,2024-11-09 20:22:15.403,13:12:00,3.0,Good,4.0,Completed
15.0,7.0,Segun Oladipo,3.0,2024-12-28 20:22:15.403,14:35:00,24.0,Very Poor,1.0,Completed
16.0,7.0,Segun Oladipo,3.0,2025-02-11 20:22:15.403,17:39:00,2.0,Very Poor,1.0,Completed
17.0,7.0,Segun Oladipo,3.0,2024-11-10 20:22:15.403,13:48:00,15.0,Good,4.0,Completed
18.0,7.0,Segun Oladipo,3.0,2025-02-17 20:22:15.403,17:17:00,8.0,Excellent,5.0,Completed
19.0,7.0,Segun Oladipo,3.0,2024-12-08 20:22:15.403,15:39:00,20.0,Average,3.0,Completed
20.0,7.0,Segun Oladipo,3.0,2024-05-25 20:22:15.403,09:18:00,4.0,Excellent,5.0,Completed
21.0,7.0,Segun Oladipo,3.0,2024-03-19 20:22:15.403,10:18:00,6.0,Average,3.0,Completed
22.0,7.0,Segun Oladipo,3.0,2024-11-05 20:22:15.403,10:46:00,8.0,Excellent,5.0,Completed
23.0,3.0,Tunde Balogun,4.0,2024-04-20 20:22:15.403,17:20:00,28.0,Good,4.0,Completed
24.0,3.0,Tunde Balogun,4.0,2024-06-26 20:22:15.403,12:56:00,3.0,Excellent,5.0,Completed
25.0,3.0,Tunde Balogun,4.0,2024-06-25 20:22:15.403,13:42:00,15.0,Poor,2.0,Completed
26.0,3.0,Tunde Balogun,4.0,2024-03-10 20:22:15.403,08:55:00,1.0,Average,3.0,Completed
27.0,3.0,Tunde Balogun,4.0,2024-11-24 20:22:15.403,10:59:00,17.0,Average,3.0,Completed
28.0,3.0,Tunde Balogun,4.0,2025-01-05 20:22:15.403,13:49:00,27.0,Excellent,5.0,Completed
29.0,3.0,Tunde Balogun,4.0,2024-06-19 20:22:15.403,08:30:00,7.0,Poor,2.0,Completed
30.0,3.0,Tunde Balogun,4.0,2024-08-16 20:22:15.403,10:57:00,16.0,Poor,2.0,Completed
31.0,2.0,Chioma Nwosu,5.0,2024-09-09 20:22:15.403,11:07:00,18.0,Excellent,5.0,Completed
32.0,2.0,Chioma Nwosu,5.0,2024-04-02 20:22:15.403,12:51:00,12.0,Excellent,5.0,Completed
33.0,2.0,Chioma Nwosu,5.0,2024-12-19 20:22:15.403,08:01:00,17.0,Poor,2.0,Completed
34.0,2.0,Chioma Nwosu,5.0,2025-01-14 20:22:15.403,14:49:00,18.0,Excellent,5.0,Completed
35.0,2.0,Chioma Nwosu,5.0,2025-03-06 20:22:15.403,18:16:00,15.0,Poor,2.0,Completed
36.0,2.0,Chioma Nwosu,5.0,2024-06-17 20:22:15.403,17:44:00,19.0,Poor,2.0,Completed
37.0,2.0,Chioma Nwosu,5.0,2024-11-08 20:22:15.403,11:05:00,28.0,Poor,2.0,Completed
38.0,14.0,Zainab Suleiman,6.0,2024-10-25 20:22:15.403,12:24:00,10.0,Average,3.0,Completed
39.0,14.0,Zainab Suleiman,6.0,2025-02-18 20:22:15.403,12:28:00,12.0,Average,3.0,Completed
40.0,14.0,Zainab Suleiman,6.0,2024-03-08 20:22:15.403,12:46:00,19.0,Average,3.0,Completed
41.0,14.0,Zainab Suleiman,6.0,2025-02-03 20:22:15.403,16:07:00,2.0,Good,4.0,Completed
42.0,14.0,Zainab Suleiman,6.0,2024-12-15 20:22:15.403,14:56:00,7.0,Poor,2.0,Completed
43.0,14.0,Zainab Suleiman,6.0,2024-09-07 20:22:15.403,08:12:00,20.0,Very Poor,1.0,Completed
44.0,14.0,Zainab Suleiman,6.0,2024-06-06 20:22:15.403,17:16:00,25.0,Average,3.0,Completed
45.0,14.0,Zainab Suleiman,6.0,2024-06-21 20:22:15.403,19:52:00,8.0,Poor,2.0,Completed
46.0,12.0,Yakubu Bello,7.0,2025-01-28 20:22:15.403,15:05:00,27.0,Poor,2.0,Completed
47.0,12.0,Yakubu Bello,7.0,2024-04-14 20:22:15.403,14:08:00,9.0,Excellent,5.0,Completed
48.0,12.0,Yakubu Bello,7.0,2024-12-11 20:22:15.403,19:58:00,6.0,Good,4.0,Completed
49.0,12.0,Yakubu Bello,7.0,2025-01-28 20:22:15.403,08:03:00,29.0,Average,3.0,Completed
50.0,12.0,Yakubu Bello,7.0,2025-03-01 20:22:15.403,11:00:00,25.0,Very Poor,1.0,Completed
51.0,12.0,Yakubu Bello,7.0,2025-02-11 20:22:15.403,19:46:00,5.0,Excellent,5.0,Completed
52.0,12.0,Yakubu Bello,7.0,2024-07-10 20:22:15.403,08:50:00,6.0,Good,4.0,Completed
53.0,12.0,Yakubu Bello,7.0,2024-07-08 20:22:15.403,17:55:00,5.0,Very Poor,1.0,Completed
54.0,12.0,Yakubu Bello,7.0,2025-02-26 20:22:15.403,11:27:00,21.0,Very Poor,1.0,Completed
55.0,12.0,Yakubu Bello,8.0,2024-11-04 20:22:15.403,18:10:00,25.0,Excellent,5.0,Completed
56.0,12.0,Yakubu Bello,8.0,2024-08-06 20:22:15.403,09:08:00,9.0,Poor,2.0,Completed
57.0,12.0,Yakubu Bello,8.0,2025-01-28 20:22:15.403,18:26:00,21.0,Good,4.0,Completed
58.0,12.0,Yakubu Bello,8.0,2024-12-15 20:22:15.403,18:54:00,1.0,Very Poor,1.0,Completed
59.0,12.0,Yakubu Bello,8.0,2024-06-10 20:22:15.403,10:15:00,19.0,Average,3.0,Completed
60.0,12.0,Yakubu Bello,8.0,2024-08-30 20:22:15.403,15:13:00,5.0,Excellent,5.0,Completed
61.0,12.0,Yakubu Bello,8.0,2024-06-13 20:22:15.403,10:32:00,18.0,Very Poor,1.0,Completed
62.0,12.0,Yakubu Bello,8.0,2024-06-14 20:22:15.403,15:47:00,17.0,Excellent,5.0,Completed
63.0,16.0,Chika Umeh,9.0,2024-03-30 20:22:15.403,17:40:00,6.0,Very Poor,1.0,Completed
64.0,16.0,Chika Umeh,9.0,2024-09-19 20:22:15.403,19:17:00,29.0,Poor,2.0,Completed
65.0,16.0,Chika Umeh,9.0,2024-11-02 20:22:15.403,09:23:00,26.0,Very Poor,1.0,Completed
66.0,16.0,Chika Umeh,9.0,2025-03-02 20:22:15.403,14:46:00,15.0,Good,4.0,Completed
67.0,16.0,Chika Umeh,9.0,2024-06-14 20:22:15.403,13:18:00,16.0,Excellent,5.0,Completed
68.0,16.0,Chika Umeh,9.0,2024-11-22 20:22:15.403,15:42:00,6.0,Average,3.0,Completed
69.0,16.0,Chika Umeh,9.0,2024-11-26 20:22:15.403,16:08:00,25.0,Average,3.0,Completed
70.0,16.0,Chika Umeh,9.0,2024-10-22 20:22:15.403,12:05:00,2.0,Good,4.0,Completed
71.0,16.0,Chika Umeh,9.0,2024-09-24 20:22:15.403,16:43:00,5.0,Good,4.0,Completed
72.0,16.0,Chika Umeh,9.0,2024-04-28 20:22:15.403,11:25:00,20.0,Excellent,5.0,Completed
73.0,10.0,Chinedu Opara,10.0,2024-05-01 20:22:15.403,18:30:00,26.0,Good,4.0,Completed
74.0,10.0,Chinedu Opara,10.0,2024-10-28 20:22:15.403,09:44:00,21.0,Very Poor,1.0,Completed
75.0,10.0,Chinedu Opara,10.0,2024-11-30 20:22:15.403,12:55:00,6.0,Excellent,5.0,Completed
76.0,10.0,Chinedu Opara,10.0,2025-01-13 20:22:15.403,13:18:00,11.0,Poor,2.0,Completed
77.0,10.0,Chinedu Opara,10.0,2025-01-30 20:22:15.403,15:05:00,17.0,Good,4.0,Completed
78.0,10.0,Chinedu Opara,10.0,2024-03-26 20:22:15.403,11:33:00,23.0,Average,3.0,Completed
79.0,10.0,Chinedu Opara,10.0,2024-04-04 20:22:15.403,19:20:00,6.0,Poor,2.0,Completed
80.0,3.0,Tunde Balogun,11.0,2024-04-09 20:22:15.403,16:09:00,6.0,Good,4.0,Completed
81.0,3.0,Tunde Balogun,11.0,2025-02-22 20:22:15.403,16:44:00,20.0,Very Poor,1.0,Completed
82.0,3.0,Tunde Balogun,11.0,2024-12-01 20:22:15.403,10:12:00,24.0,Good,4.0,Completed
83.0,3.0,Tunde Balogun,11.0,2024-06-27 20:22:15.403,17:50:00,12.0,Poor,2.0,Completed
84.0,3.0,Tunde Balogun,11.0,2024-05-16 20:22:15.403,19:11:00,23.0,Excellent,5.0,Completed
85.0,3.0,Tunde Balogun,11.0,2024-06-23 20:22:15.403,18:25:00,10.0,Excellent,5.0,Completed
86.0,3.0,Tunde Balogun,11.0,2025-01-20 20:22:15.403,14:47:00,24.0,Poor,2.0,Completed
87.0,3.0,Tunde Balogun,11.0,2024-10-26 20:22:15.403,09:50:00,27.0,Average,3.0,Completed
88.0,3.0,Tunde Balogun,11.0,2024-07-29 20:22:15.403,17:11:00,9.0,Good,4.0,Completed
89.0,3.0,Tunde Balogun,11.0,2024-03-18 20:22:15.403,10:50:00,3.0,Good,4.0,Completed
90.0,10.0,Chinedu Opara,12.0,2024-09-10 20:22:15.403,19:48:00,29.0,Good,4.0,Completed
91.0,10.0,Chinedu Opara,12.0,2025-02-24 20:22:15.403,19:46:00,6.0,Average,3.0,Completed
92.0,10.0,Chinedu Opara,12.0,2024-04-26 20:22:15.403,10:29:00,9.0,Average,3.0,Completed
93.0,10.0,Chinedu Opara,12.0,2024-06-15 20:22:15.403,14:01:00,12.0,Excellent,5.0,Completed
94.0,10.0,Chinedu Opara,12.0,2024-07-24 20:22:15.403,08:59:00,20.0,Excellent,5.0,Completed
95.0,10.0,Chinedu Opara,12.0,2024-07-21 20:22:15.403,16:27:00,4.0,Excellent,5.0,Completed
96.0,10.0,Chinedu Opara,12.0,2024-12-14 20:22:15.403,10:32:00,19.0,Good,4.0,Completed
97.0,10.0,Chinedu Opara,12.0,2024-04-25 20:22:15.403,19:06:00,8.0,Average,3.0,Completed
98.0,10.0,Chinedu Opara,12.0,2024-04-23 20:22:15.403,08:52:00,19.0,Average,3.0,Completed
99.0,16.0,Chika Umeh,13.0,2024-10-22 20:22:15.403,16:49:00,20.0,Very Poor,1.0,Completed
100.0,16.0,Chika Umeh,13.0,2024-12-06 20:22:15.403,16:26:00,29.0,Excellent,5.0,Completed
101.0,16.0,Chika Umeh,13.0,2024-11-25 20:22:15.403,18:49:00,22.0,Very Poor,1.0,Completed
102.0,16.0,Chika Umeh,13.0,2024-03-29 20:22:15.403,19:18:00,22.0,Excellent,5.0,Completed
103.0,16.0,Chika Umeh,13.0,2024-08-07 20:22:15.403,12:59:00,7.0,Very Poor,1.0,Completed
104.0,16.0,Chika Umeh,13.0,2024-04-13 20:22:15.403,09:54:00,2.0,Excellent,5.0,Completed
105.0,16.0,Chika Umeh,13.0,2024-06-07 20:22:15.403,17:50:00,23.0,Good,4.0,Completed
106.0,5.0,Obinna Eze,14.0,2024-05-31 20:22:15.403,19:27:00,6.0,Good,4.0,Completed
107.0,5.0,Obinna Eze,14.0,2024-08-11 20:22:15.403,15:08:00,24.0,Poor,2.0,Completed
108.0,5.0,Obinna Eze,14.0,2024-06-01 20:22:15.403,14:33:00,20.0,Excellent,5.0,Completed
109.0,5.0,Obinna Eze,14.0,2024-08-08 20:22:15.403,19:32:00,16.0,Very Poor,1.0,Completed
110.0,5.0,Obinna Eze,14.0,2024-12-15 20:22:15.403,17:07:00,14.0,Poor,2.0,Completed
111.0,5.0,Obinna Eze,14.0,2024-11-16 20:22:15.403,18:13:00,11.0,Good,4.0,Completed
112.0,5.0,Obinna Eze,14.0,2024-09-18 20:22:15.403,14:26:00,8.0,Poor,2.0,Completed
113.0,5.0,Obinna Eze,14.0,2024-11-26 20:22:15.403,18:25:00,21.0,Very Poor,1.0,Completed
114.0,1.0,Emeka Okafor,15.0,2024-10-14 20:22:15.403,19:25:00,9.0,Poor,2.0,Completed
115.0,1.0,Emeka Okafor,15.0,2024-06-12 20:22:15.403,13:31:00,22.0,Poor,2.0,Completed
116.0,1.0,Emeka Okafor,15.0,2025-03-03 20:22:15.403,08:08:00,21.0,Excellent,5.0,Completed
117.0,1.0,Emeka Okafor,15.0,2025-02-22 20:22:15.403,18:43:00,4.0,Poor,2.0,Completed
118.0,1.0,Emeka Okafor,15.0,2024-09-13 20:22:15.403,09:18:00,14.0,Excellent,5.0,Completed
119.0,1.0,Emeka Okafor,15.0,2024-06-08 20:22:15.403,15:42:00,25.0,Excellent,5.0,Completed
120.0,1.0,Emeka Okafor,15.0,2024-12-05 20:22:15.403,17:07:00,24.0,Very Poor,1.0,Completed
121.0,1.0,Emeka Okafor,15.0,2024-07-13 20:22:15.403,16:55:00,3.0,Excellent,5.0,Completed
122.0,1.0,Emeka Okafor,15.0,2024-09-16 20:22:15.403,11:14:00,10.0,Poor,2.0,Completed
123.0,5.0,Obinna Eze,16.0,2024-08-14 20:22:15.403,12:31:00,12.0,Excellent,5.0,Completed
124.0,5.0,Obinna Eze,16.0,2024-10-11 20:22:15.403,08:30:00,24.0,Good,4.0,Completed
125.0,5.0,Obinna Eze,16.0,2024-03-10 20:22:15.403,16:48:00,11.0,Average,3.0,Completed
126.0,5.0,Obinna Eze,16.0,2024-09-04 20:22:15.403,15:34:00,28.0,Average,3.0,Completed
127.0,5.0,Obinna Eze,16.0,2024-06-29 20:22:15.403,13:50:00,9.0,Good,4.0,Completed
128.0,5.0,Obinna Eze,16.0,2024-05-27 20:22:15.403,10:59:00,27.0,Average,3.0,Completed
129.0,5.0,Obinna Eze,16.0,2025-02-04 20:22:15.403,12:55:00,4.0,Very Poor,1.0,Completed
130.0,5.0,Obinna Eze,16.0,2024-05-29 20:22:15.403,08:55:00,9.0,Good,4.0,Completed
131.0,5.0,Obinna Eze,16.0,2024-11-09 20:22:15.403,13:25:00,15.0,Very Poor,1.0,Completed
132.0,16.0,Chika Umeh,17.0,2024-12-30 20:22:15.403,16:17:00,28.0,Very Poor,1.0,Completed
133.0,16.0,Chika Umeh,17.0,2024-09-04 20:22:15.403,14:26:00,24.0,Average,3.0,Completed
134.0,16.0,Chika Umeh,17.0,2025-02-21 20:22:15.403,18:10:00,11.0,Excellent,5.0,Completed
135.0,16.0,Chika Umeh,17.0,2024-06-23 20:22:15.403,16:58:00,26.0,Excellent,5.0,Completed
136.0,16.0,Chika Umeh,17.0,2024-12-15 20:22:15.403,18:49:00,24.0,Very Poor,1.0,Completed
137.0,16.0,Chika Umeh,17.0,2024-09-14 20:22:15.403,14:28:00,18.0,Excellent,5.0,Completed
138.0,16.0,Chika Umeh,17.0,2024-07-21 20:22:15.403,13:53:00,23.0,Very Poor,1.0,Completed
139.0,16.0,Chika Umeh,17.0,2024-05-24 20:22:15.403,12:40:00,2.0,Poor,2.0,Completed
140.0,16.0,Chika Umeh,17.0,2024-06-20 20:22:15.403,08:19:00,22.0,Good,4.0,Completed
141.0,17.0,Rasheed Lawal,18.0,2024-09-21 20:22:15.403,11:01:00,24.0,Average,3.0,Completed
142.0,17.0,Rasheed Lawal,18.0,2024-06-04 20:22:15.403,14:38:00,29.0,Excellent,5.0,Completed
143.0,17.0,Rasheed Lawal,18.0,2024-05-24 20:22:15.403,14:05:00,19.0,Good,4.0,Completed
144.0,17.0,Rasheed Lawal,18.0,2025-03-03 20:22:15.403,08:18:00,29.0,Good,4.0,Completed
145.0,17.0,Rasheed Lawal,18.0,2024-10-25 20:22:15.403,15:23:00,12.0,Good,4.0,Completed
146.0,17.0,Rasheed Lawal,18.0,2024-03-16 20:22:15.403,09:11:00,11.0,Good,4.0,Completed
147.0,17.0,Rasheed Lawal,18.0,2025-03-02 20:22:15.403,10:17:00,17.0,Excellent,5.0,Completed
148.0,17.0,Rasheed Lawal,18.0,2024-12-10 20:22:15.403,13:24:00,8.0,Poor,2.0,Completed
149.0,17.0,Rasheed Lawal,18.0,2024-10-20 20:22:15.403,11:13:00,20.0,Very Poor,1.0,Completed
150.0,3.0,Tunde Balogun,19.0,2024-12-21 20:22:15.403,19:15:00,7.0,Poor,2.0,Completed
151.0,3.0,Tunde Balogun,19.0,2024-04-19 20:22:15.403,18:48:00,27.0,Good,4.0,Completed
152.0,3.0,Tunde Balogun,19.0,2025-01-07 20:22:15.403,10:43:00,22.0,Excellent,5.0,Completed
153.0,3.0,Tunde Balogun,19.0,2025-01-07 20:22:15.403,19:16:00,12.0,Good,4.0,Completed
154.0,3.0,Tunde Balogun,19.0,2024-03-12 20:22:15.403,16:21:00,19.0,Poor,2.0,Completed
155.0,3.0,Tunde Balogun,20.0,2024-06-29 20:22:15.403,15:53:00,14.0,Poor,2.0,Completed
156.0,3.0,Tunde Balogun,20.0,2024-06-06 20:22:15.403,15:42:00,24.0,Poor,2.0,Completed
157.0,3.0,Tunde Balogun,20.0,2024-05-31 20:22:15.403,18:36:00,3.0,Average,3.0,Completed
158.0,3.0,Tunde Balogun,20.0,2024-11-28 20:22:15.403,17:53:00,11.0,Poor,2.0,Completed
159.0,3.0,Tunde Balogun,20.0,2024-12-22 20:22:15.403,10:01:00,18.0,Poor,2.0,Completed
160.0,3.0,Tunde Balogun,20.0,2025-02-16 20:22:15.403,18:02:00,14.0,Poor,2.0,Completed
161.0,3.0,Tunde Balogun,20.0,2024-06-20 20:22:15.403,12:07:00,27.0,Excellent,5.0,Completed
162.0,3.0,Tunde Balogun,20.0,2024-10-09 20:22:15.403,14:15:00,29.0,Poor,2.0,Completed
163.0,3.0,Tunde Balogun,20.0,2024-07-29 20:22:15.403,10:48:00,16.0,Average,3.0,Completed
164.0,3.0,Tunde Balogun,20.0,2024-03-27 20:22:15.403,08:03:00,14.0,Good,4.0,Completed
165.0,5.0,Obinna Eze,21.0,2024-10-04 20:22:15.403,16:25:00,24.0,Average,3.0,Completed
166.0,5.0,Obinna Eze,21.0,2024-04-24 20:22:15.403,12:44:00,12.0,Poor,2.0,Completed
167.0,5.0,Obinna Eze,21.0,2024-10-25 20:22:15.403,14:15:00,28.0,Average,3.0,Completed
168.0,5.0,Obinna Eze,21.0,2024-09-27 20:22:15.403,14:48:00,22.0,Excellent,5.0,Completed
169.0,5.0,Obinna Eze,21.0,2024-04-29 20:22:15.403,19:48:00,1.0,Excellent,5.0,Completed
170.0,11.0,Kemi Adebanjo,22.0,2024-03-09 20:22:15.403,08:54:00,27.0,Very Poor,1.0,Completed
171.0,11.0,Kemi Adebanjo,22.0,2024-10-27 20:22:15.403,14:50:00,27.0,Poor,2.0,Completed
172.0,11.0,Kemi Adebanjo,22.0,2024-08-22 20:22:15.403,12:46:00,3.0,Poor,2.0,Completed
173.0,11.0,Kemi Adebanjo,22.0,2024-05-16 20:22:15.403,11:54:00,17.0,Poor,2.0,Completed
174.0,11.0,Kemi Adebanjo,22.0,2024-12-12 20:22:15.403,08:43:00,22.0,Average,3.0,Completed
175.0,11.0,Kemi Adebanjo,22.0,2024-06-27 20:22:15.403,09:27:00,27.0,Excellent,5.0,Completed
176.0,11.0,Kemi Adebanjo,22.0,2024-12-05 20:22:15.403,12:56:00,18.0,Poor,2.0,Completed
177.0,11.0,Kemi Adebanjo,22.0,2025-01-05 20:22:15.403,08:25:00,24.0,Poor,2.0,Completed
178.0,11.0,Kemi Adebanjo,22.0,2025-01-25 20:22:15.403,09:58:00,17.0,Very Poor,1.0,Completed
179.0,11.0,Kemi Adebanjo,22.0,2025-01-30 20:22:15.403,11:37:00,26.0,Excellent,5.0,Completed
180.0,5.0,Obinna Eze,23.0,2024-05-19 20:22:15.403,14:34:00,6.0,Good,4.0,Completed
181.0,5.0,Obinna Eze,23.0,2024-10-15 20:22:15.403,09:51:00,19.0,Good,4.0,Completed
182.0,5.0,Obinna Eze,23.0,2025-01-02 20:22:15.403,17:33:00,12.0,Poor,2.0,Completed
183.0,5.0,Obinna Eze,23.0,2025-03-04 20:22:15.403,14:27:00,14.0,Very Poor,1.0,Completed
184.0,5.0,Obinna Eze,23.0,2025-02-04 20:22:15.403,14:46:00,8.0,Average,3.0,Completed
185.0,5.0,Obinna Eze,23.0,2024-07-13 20:22:15.403,12:45:00,22.0,Good,4.0,Completed
186.0,5.0,Obinna Eze,23.0,2024-11-09 20:22:15.403,08:52:00,26.0,Very Poor,1.0,Completed
187.0,5.0,Obinna Eze,23.0,2024-08-04 20:22:15.403,11:07:00,5.0,Average,3.0,Completed
188.0,5.0,Obinna Eze,23.0,2024-07-23 20:22:15.403,09:13:00,24.0,Very Poor,1.0,Completed
189.0,2.0,Chioma Nwosu,24.0,2024-06-03 20:22:15.403,11:51:00,29.0,Excellent,5.0,Completed
190.0,2.0,Chioma Nwosu,24.0,2024-07-03 20:22:15.403,17:44:00,19.0,Very Poor,1.0,Completed
191.0,2.0,Chioma Nwosu,24.0,2025-01-20 20:22:15.403,08:03:00,10.0,Poor,2.0,Completed
192.0,2.0,Chioma Nwosu,24.0,2024-07-17 20:22:15.403,08:03:00,22.0,Poor,2.0,Completed
193.0,2.0,Chioma Nwosu,24.0,2024-07-06 20:22:15.403,11:12:00,15.0,Good,4.0,Completed
194.0,2.0,Chioma Nwosu,24.0,2024-04-26 20:22:15.403,15:57:00,14.0,Average,3.0,Completed
195.0,17.0,Rasheed Lawal,25.0,2025-01-11 20:22:15.403,11:28:00,19.0,Good,4.0,Completed
196.0,17.0,Rasheed Lawal,25.0,2024-08-12 20:22:15.403,15:01:00,11.0,Poor,2.0,Completed
197.0,17.0,Rasheed Lawal,25.0,2024-09-19 20:22:15.403,17:32:00,4.0,Poor,2.0,Completed
198.0,17.0,Rasheed Lawal,25.0,2024-12-07 20:22:15.403,16:06:00,29.0,Average,3.0,Completed
199.0,17.0,Rasheed Lawal,25.0,2024-04-30 20:22:15.403,12:19:00,19.0,Excellent,5.0,Completed
200.0,17.0,Rasheed Lawal,25.0,2024-12-14 20:22:15.403,09:12:00,28.0,Average,3.0,Completed
201.0,17.0,Rasheed Lawal,25.0,2025-02-28 20:22:15.403,13:59:00,13.0,Excellent,5.0,Completed
202.0,17.0,Rasheed Lawal,25.0,2024-07-10 20:22:15.403,13:30:00,26.0,Poor,2.0,Completed
203.0,11.0,Kemi Adebanjo,26.0,2025-01-06 20:22:15.403,16:09:00,11.0,Excellent,5.0,Completed
204.0,11.0,Kemi Adebanjo,26.0,2024-06-24 20:22:15.403,13:33:00,12.0,Good,4.0,Completed
205.0,11.0,Kemi Adebanjo,26.0,2024-04-05 20:22:15.403,16:15:00,18.0,Very Poor,1.0,Completed
206.0,11.0,Kemi Adebanjo,26.0,2024-06-13 20:22:15.403,18:41:00,24.0,Poor,2.0,Completed
207.0,11.0,Kemi Adebanjo,26.0,2024-09-25 20:22:15.403,14:19:00,3.0,Very Poor,1.0,Completed
208.0,11.0,Kemi Adebanjo,26.0,2024-11-22 20:22:15.403,10:14:00,11.0,Excellent,5.0,Completed
209.0,20.0,Adewale Ogunleye,27.0,2024-11-21 20:22:15.403,19:35:00,8.0,Average,3.0,Completed
210.0,20.0,Adewale Ogunleye,27.0,2024-08-09 20:22:15.403,13:51:00,6.0,Good,4.0,Completed
211.0,20.0,Adewale Ogunleye,27.0,2024-10-17 20:22:15.403,15:07:00,16.0,Excellent,5.0,Completed
212.0,20.0,Adewale Ogunleye,27.0,2024-04-08 20:22:15.403,16:04:00,25.0,Very Poor,1.0,Completed
213.0,20.0,Adewale Ogunleye,27.0,2024-04-09 20:22:15.403,14:00:00,25.0,Excellent,5.0,Completed
214.0,4.0,Aisha Mohammed,28.0,2025-01-26 20:22:15.403,14:13:00,10.0,Very Poor,1.0,Completed
215.0,4.0,Aisha Mohammed,28.0,2024-11-22 20:22:15.403,19:47:00,24.0,Poor,2.0,Completed
216.0,4.0,Aisha Mohammed,28.0,2024-10-24 20:22:15.403,11:43:00,12.0,Very Poor,1.0,Completed
217.0,4.0,Aisha Mohammed,28.0,2024-03-19 20:22:15.403,08:07:00,20.0,Good,4.0,Completed
218.0,4.0,Aisha Mohammed,28.0,2024-09-20 20:22:15.403,11:13:00,22.0,Poor,2.0,Completed
219.0,4.0,Aisha Mohammed,28.0,2024-11-02 20:22:15.403,08:16:00,10.0,Excellent,5.0,Completed
220.0,4.0,Aisha Mohammed,28.0,2025-03-01 20:22:15.403,19:26:00,3.0,Excellent,5.0,Completed
221.0,4.0,Aisha Mohammed,28.0,2024-06-10 20:22:15.403,14:55:00,19.0,Poor,2.0,Completed
222.0,4.0,Aisha Mohammed,28.0,2025-02-25 20:22:15.403,18:50:00,21.0,Excellent,5.0,Completed
223.0,10.0,Chinedu Opara,29.0,2024-04-23 20:22:15.403,15:05:00,12.0,Good,4.0,Completed
224.0,10.0,Chinedu Opara,29.0,2024-05-07 20:22:15.403,16:19:00,15.0,Very Poor,1.0,Completed
225.0,10.0,Chinedu Opara,29.0,2024-10-20 20:22:15.403,14:38:00,8.0,Average,3.0,Completed
226.0,10.0,Chinedu Opara,29.0,2024-10-24 20:22:15.403,08:32:00,25.0,Average,3.0,Completed
227.0,10.0,Chinedu Opara,29.0,2024-10-01 20:22:15.403,18:05:00,27.0,Excellent,5.0,Completed
228.0,10.0,Chinedu Opara,29.0,2025-01-11 20:22:15.403,10:26:00,18.0,Excellent,5.0,Completed
229.0,10.0,Chinedu Opara,29.0,2025-02-22 20:22:15.403,09:23:00,18.0,Good,4.0,Completed
230.0,10.0,Chinedu Opara,29.0,2024-04-14 20:22:15.403,09:46:00,19.0,Excellent,5.0,Completed
231.0,19.0,Felix Odion,30.0,2025-02-09 20:22:15.403,13:55:00,24.0,Average,3.0,Completed
232.0,19.0,Felix Odion,30.0,2025-01-18 20:22:15.403,17:30:00,20.0,Poor,2.0,Completed
233.0,19.0,Felix Odion,30.0,2024-05-07 20:22:15.403,08:19:00,3.0,Average,3.0,Completed
234.0,19.0,Felix Odion,30.0,2024-03-21 20:22:15.403,11:16:00,29.0,Average,3.0,Completed
235.0,19.0,Felix Odion,30.0,2024-10-09 20:22:15.403,18:18:00,27.0,Poor,2.0,Completed
236.0,10.0,Chinedu Opara,31.0,2024-05-12 20:22:15.403,16:35:00,6.0,Poor,2.0,Completed
237.0,10.0,Chinedu Opara,31.0,2025-01-14 20:22:15.403,14:41:00,8.0,Excellent,5.0,Completed
238.0,10.0,Chinedu Opara,31.0,2024-05-11 20:22:15.403,11:37:00,19.0,Good,4.0,Completed
239.0,10.0,Chinedu Opara,31.0,2024-05-17 20:22:15.403,18:21:00,4.0,Excellent,5.0,Completed
240.0,10.0,Chinedu Opara,31.0,2024-06-29 20:22:15.403,09:37:00,22.0,Excellent,5.0,Completed
241.0,10.0,Chinedu Opara,31.0,2024-04-02 20:22:15.403,19:45:00,21.0,Excellent,5.0,Completed
242.0,20.0,Adewale Ogunleye,32.0,2024-03-30 20:22:15.403,12:11:00,19.0,Average,3.0,Completed
243.0,20.0,Adewale Ogunleye,32.0,2024-12-13 20:22:15.403,14:59:00,14.0,Poor,2.0,Completed
244.0,20.0,Adewale Ogunleye,32.0,2024-08-17 20:22:15.403,08:25:00,13.0,Good,4.0,Completed
245.0,20.0,Adewale Ogunleye,32.0,2024-12-22 20:22:15.403,19:01:00,25.0,Very Poor,1.0,Completed
246.0,20.0,Adewale Ogunleye,32.0,2024-07-31 20:22:15.403,08:23:00,8.0,Excellent,5.0,Completed
247.0,20.0,Adewale Ogunleye,32.0,2024-03-20 20:22:15.403,17:20:00,8.0,Very Poor,1.0,Completed
248.0,20.0,Adewale Ogunleye,32.0,2025-01-20 20:22:15.403,17:27:00,13.0,Excellent,5.0,Completed
249.0,20.0,Adewale Ogunleye,32.0,2024-09-08 20:22:15.403,19:07:00,9.0,Good,4.0,Completed
250.0,20.0,Adewale Ogunleye,32.0,2024-03-14 20:22:15.403,17:33:00,18.0,Very Poor,1.0,Completed
251.0,20.0,Adewale Ogunleye,32.0,2025-01-09 20:22:15.403,13:07:00,27.0,Very Poor,1.0,Completed
252.0,5.0,Obinna Eze,33.0,2024-12-23 20:22:15.403,15:57:00,16.0,Very Poor,1.0,Completed
253.0,5.0,Obinna Eze,33.0,2024-12-07 20:22:15.403,16:24:00,17.0,Very Poor,1.0,Completed
254.0,5.0,Obinna Eze,33.0,2025-02-07 20:22:15.403,08:23:00,21.0,Poor,2.0,Completed
255.0,5.0,Obinna Eze,33.0,2024-08-05 20:22:15.403,17:55:00,7.0,Very Poor,1.0,Completed
256.0,5.0,Obinna Eze,33.0,2024-04-14 20:22:15.403,08:19:00,19.0,Good,4.0,Completed
257.0,5.0,Obinna Eze,33.0,2025-01-24 20:22:15.403,18:25:00,22.0,Average,3.0,Completed
258.0,5.0,Obinna Eze,33.0,2024-06-27 20:22:15.403,14:30:00,9.0,Good,4.0,Completed
259.0,5.0,Obinna Eze,33.0,2025-02-10 20:22:15.403,17:02:00,5.0,Poor,2.0,Completed
260.0,12.0,Yakubu Bello,34.0,2025-01-18 20:22:15.403,08:58:00,27.0,Good,4.0,Completed
261.0,12.0,Yakubu Bello,34.0,2024-11-02 20:22:15.403,19:15:00,3.0,Good,4.0,Completed
262.0,12.0,Yakubu Bello,34.0,2024-10-04 20:22:15.403,12:15:00,10.0,Poor,2.0,Completed
263.0,12.0,Yakubu Bello,34.0,2025-01-16 20:22:15.403,10:04:00,5.0,Excellent,5.0,Completed
264.0,12.0,Yakubu Bello,34.0,2024-07-02 20:22:15.403,14:34:00,28.0,Average,3.0,Completed
265.0,12.0,Yakubu Bello,34.0,2024-06-09 20:22:15.403,17:10:00,10.0,Average,3.0,Completed
266.0,13.0,Bola Akinwunmi,35.0,2024-03-27 20:22:15.403,09:44:00,21.0,Poor,2.0,Completed
267.0,13.0,Bola Akinwunmi,35.0,2024-10-17 20:22:15.403,16:54:00,4.0,Very Poor,1.0,Completed
268.0,13.0,Bola Akinwunmi,35.0,2025-02-03 20:22:15.403,17:48:00,2.0,Poor,2.0,Completed
269.0,13.0,Bola Akinwunmi,35.0,2024-03-23 20:22:15.403,19:02:00,26.0,Good,4.0,Completed
270.0,13.0,Bola Akinwunmi,35.0,2024-08-10 20:22:15.403,10:37:00,26.0,Very Poor,1.0,Completed
271.0,13.0,Bola Akinwunmi,35.0,2025-01-12 20:22:15.403,08:14:00,17.0,Poor,2.0,Completed
272.0,13.0,Bola Akinwunmi,35.0,2024-11-18 20:22:15.403,12:22:00,23.0,Very Poor,1.0,Completed
273.0,8.0,Ngozi Okonkwo,36.0,2024-08-20 20:22:15.403,08:12:00,10.0,Excellent,5.0,Completed
274.0,8.0,Ngozi Okonkwo,36.0,2024-06-19 20:22:15.403,14:34:00,26.0,Excellent,5.0,Completed
275.0,8.0,Ngozi Okonkwo,36.0,2024-07-16 20:22:15.403,19:32:00,20.0,Average,3.0,Completed
276.0,8.0,Ngozi Okonkwo,36.0,2024-05-30 20:22:15.403,19:40:00,17.0,Good,4.0,Completed
277.0,8.0,Ngozi Okonkwo,36.0,2024-04-02 20:22:15.403,10:37:00,21.0,Average,3.0,Completed
278.0,20.0,Adewale Ogunleye,37.0,2024-12-26 20:22:15.403,10:03:00,3.0,Excellent,5.0,Completed
279.0,20.0,Adewale Ogunleye,37.0,2024-05-12 20:22:15.403,18:27:00,25.0,Very Poor,1.0,Completed
280.0,20.0,Adewale Ogunleye,37.0,2024-10-25 20:22:15.403,09:33:00,10.0,Good,4.0,Completed
281.0,20.0,Adewale Ogunleye,37.0,2024-03-24 20:22:15.403,11:56:00,27.0,Poor,2.0,Completed
282.0,20.0,Adewale Ogunleye,37.0,2024-08-28 20:22:15.403,11:54:00,18.0,Very Poor,1.0,Completed
283.0,20.0,Adewale Ogunleye,37.0,2024-04-27 20:22:15.403,16:36:00,21.0,Very Poor,1.0,Completed
284.0,20.0,Adewale Ogunleye,37.0,2025-02-23 20:22:15.403,09:31:00,13.0,Poor,2.0,Completed
285.0,3.0,Tunde Balogun,38.0,2024-10-01 20:22:15.403,12:07:00,10.0,Very Poor,1.0,Completed
286.0,3.0,Tunde Balogun,38.0,2024-04-09 20:22:15.403,08:26:00,9.0,Excellent,5.0,Completed
287.0,3.0,Tunde Balogun,38.0,2024-05-18 20:22:15.403,09:48:00,1.0,Poor,2.0,Completed
288.0,3.0,Tunde Balogun,38.0,2024-11-05 20:22:15.403,16:20:00,3.0,Very Poor,1.0,Completed
289.0,3.0,Tunde Balogun,38.0,2024-12-29 20:22:15.403,11:11:00,27.0,Very Poor,1.0,Completed
290.0,3.0,Tunde Balogun,38.0,2024-10-29 20:22:15.403,15:22:00,7.0,Good,4.0,Completed
291.0,3.0,Tunde Balogun,38.0,2024-08-30 20:22:15.403,15:13:00,3.0,Excellent,5.0,Completed
292.0,3.0,Tunde Balogun,38.0,2024-12-17 20:22:15.403,15:12:00,13.0,Poor,2.0,Completed
293.0,18.0,Amaka Obi,39.0,2024-09-26 20:22:15.403,11:23:00,2.0,Poor,2.0,Completed
294.0,18.0,Amaka Obi,39.0,2024-03-31 20:22:15.403,13:35:00,6.0,Excellent,5.0,Completed
295.0,18.0,Amaka Obi,39.0,2024-12-24 20:22:15.403,18:26:00,8.0,Excellent,5.0,Completed
296.0,18.0,Amaka Obi,39.0,2024-03-12 20:22:15.403,19:20:00,11.0,Very Poor,1.0,Completed
297.0,18.0,Amaka Obi,39.0,2024-07-23 20:22:15.403,19:41:00,28.0,Good,4.0,Completed
298.0,18.0,Amaka Obi,39.0,2024-05-04 20:22:15.403,19:26:00,21.0,Good,4.0,Completed
299.0,18.0,Amaka Obi,39.0,2024-06-29 20:22:15.403,08:02:00,17.0,Very Poor,1.0,Completed
300.0,2.0,Chioma Nwosu,40.0,2024-06-22 20:22:15.403,10:52:00,23.0,Very Poor,1.0,Completed
301.0,2.0,Chioma Nwosu,40.0,2024-08-08 20:22:15.403,17:24:00,2.0,Very Poor,1.0,Completed
302.0,2.0,Chioma Nwosu,40.0,2024-12-11 20:22:15.403,11:37:00,24.0,Excellent,5.0,Completed
303.0,2.0,Chioma Nwosu,40.0,2024-07-11 20:22:15.403,12:21:00,15.0,Excellent,5.0,Completed
304.0,2.0,Chioma Nwosu,40.0,2024-11-03 20:22:15.403,12:07:00,24.0,Poor,2.0,Completed
305.0,2.0,Chioma Nwosu,40.0,2024-05-25 20:22:15.403,08:50:00,21.0,Average,3.0,Completed
306.0,9.0,Ibrahim Danjuma,41.0,2025-01-01 20:22:15.403,13:11:00,2.0,Average,3.0,Completed
307.0,9.0,Ibrahim Danjuma,41.0,2024-12-29 20:22:15.403,08:07:00,12.0,Average,3.0,Completed
308.0,9.0,Ibrahim Danjuma,41.0,2024-08-06 20:22:15.403,18:23:00,13.0,Very Poor,1.0,Completed
309.0,9.0,Ibrahim Danjuma,41.0,2024-10-05 20:22:15.403,13:21:00,4.0,Poor,2.0,Completed
310.0,9.0,Ibrahim Danjuma,41.0,2024-12-20 20:22:15.403,19:48:00,13.0,Poor,2.0,Completed
311.0,8.0,Ngozi Okonkwo,42.0,2024-08-03 20:22:15.403,08:01:00,27.0,Poor,2.0,Completed
312.0,8.0,Ngozi Okonkwo,42.0,2024-06-02 20:22:15.403,17:57:00,13.0,Very Poor,1.0,Completed
313.0,8.0,Ngozi Okonkwo,42.0,2024-03-23 20:22:15.403,18:06:00,23.0,Poor,2.0,Completed
314.0,8.0,Ngozi Okonkwo,42.0,2025-02-04 20:22:15.403,16:35:00,27.0,Average,3.0,Completed
315.0,8.0,Ngozi Okonkwo,42.0,2025-02-27 20:22:15.403,19:37:00,26.0,Excellent,5.0,Completed
316.0,8.0,Ngozi Okonkwo,42.0,2025-02-08 20:22:15.403,15:58:00,12.0,Very Poor,1.0,Completed
317.0,8.0,Ngozi Okonkwo,42.0,2024-11-04 20:22:15.403,08:27:00,16.0,Average,3.0,Completed
318.0,8.0,Ngozi Okonkwo,42.0,2024-05-20 20:22:15.403,19:14:00,13.0,Excellent,5.0,Completed
319.0,5.0,Obinna Eze,43.0,2024-04-28 20:22:15.403,10:17:00,15.0,Poor,2.0,Completed
320.0,5.0,Obinna Eze,43.0,2024-05-31 20:22:15.403,10:20:00,7.0,Poor,2.0,Completed
321.0,5.0,Obinna Eze,43.0,2025-02-14 20:22:15.403,15:28:00,5.0,Excellent,5.0,Completed
322.0,5.0,Obinna Eze,43.0,2024-06-06 20:22:15.403,14:50:00,2.0,Average,3.0,Completed
323.0,5.0,Obinna Eze,43.0,2024-07-20 20:22:15.403,12:46:00,11.0,Average,3.0,Completed
324.0,5.0,Obinna Eze,43.0,2025-01-19 20:22:15.403,12:38:00,17.0,Very Poor,1.0,Completed
325.0,5.0,Obinna Eze,43.0,2024-11-25 20:22:15.403,19:32:00,27.0,Excellent,5.0,Completed
326.0,5.0,Obinna Eze,43.0,2025-01-31 20:22:15.403,13:42:00,27.0,Poor,2.0,Completed
327.0,5.0,Obinna Eze,43.0,2024-09-01 20:22:15.403,18:02:00,18.0,Very Poor,1.0,Completed
328.0,5.0,Obinna Eze,43.0,2024-07-19 20:22:15.403,19:15:00,25.0,Good,4.0,Completed
329.0,4.0,Aisha Mohammed,44.0,2024-07-11 20:22:15.403,18:02:00,25.0,Good,4.0,Completed
330.0,4.0,Aisha Mohammed,44.0,2024-04-12 20:22:15.403,11:30:00,7.0,Good,4.0,Completed
331.0,4.0,Aisha Mohammed,44.0,2025-03-03 20:22:15.403,13:31:00,29.0,Good,4.0,Completed
332.0,4.0,Aisha Mohammed,44.0,2024-05-16 20:22:15.403,19:34:00,18.0,Average,3.0,Completed
333.0,4.0,Aisha Mohammed,44.0,2024-03-16 20:22:15.403,14:48:00,8.0,Very Poor,1.0,Completed
334.0,4.0,Aisha Mohammed,44.0,2024-09-02 20:22:15.403,18:34:00,11.0,Excellent,5.0,Completed
335.0,1.0,Emeka Okafor,45.0,2025-02-03 20:22:15.403,08:14:00,4.0,Excellent,5.0,Completed
336.0,1.0,Emeka Okafor,45.0,2024-11-22 20:22:15.403,15:45:00,22.0,Average,3.0,Completed
337.0,1.0,Emeka Okafor,45.0,2025-01-29 20:22:15.403,11:15:00,13.0,Poor,2.0,Completed
338.0,1.0,Emeka Okafor,45.0,2024-11-09 20:22:15.403,17:01:00,24.0,Very Poor,1.0,Completed
339.0,1.0,Emeka Okafor,45.0,2024-08-06 20:22:15.403,12:46:00,19.0,Good,4.0,Completed
340.0,1.0,Emeka Okafor,45.0,2024-07-20 20:22:15.403,18:48:00,8.0,Excellent,5.0,Completed
341.0,1.0,Emeka Okafor,45.0,2024-11-01 20:22:15.403,19:23:00,9.0,Good,4.0,Completed
342.0,1.0,Emeka Okafor,45.0,2024-04-26 20:22:15.403,14:17:00,29.0,Good,4.0,Completed
343.0,1.0,Emeka Okafor,45.0,2024-07-24 20:22:15.403,14:41:00,29.0,Very Poor,1.0,Completed
344.0,1.0,Emeka Okafor,45.0,2025-01-24 20:22:15.403,17:48:00,23.0,Average,3.0,Completed
345.0,8.0,Ngozi Okonkwo,46.0,2025-01-20 20:22:15.403,16:53:00,18.0,Average,3.0,Completed
346.0,8.0,Ngozi Okonkwo,46.0,2025-02-02 20:22:15.403,09:34:00,13.0,Average,3.0,Completed
347.0,8.0,Ngozi Okonkwo,46.0,2024-08-01 20:22:15.403,10:04:00,29.0,Good,4.0,Completed
348.0,8.0,Ngozi Okonkwo,46.0,2024-05-25 20:22:15.403,15:00:00,29.0,Excellent,5.0,Completed
349.0,8.0,Ngozi Okonkwo,46.0,2024-06-26 20:22:15.403,18:03:00,28.0,Average,3.0,Completed
350.0,8.0,Ngozi Okonkwo,46.0,2025-03-07 20:22:15.403,18:27:00,16.0,Good,4.0,Completed
351.0,20.0,Adewale Ogunleye,47.0,2024-10-08 20:22:15.403,18:38:00,18.0,Very Poor,1.0,Completed
352.0,20.0,Adewale Ogunleye,47.0,2024-10-15 20:22:15.403,15:34:00,27.0,Good,4.0,Completed
353.0,20.0,Adewale Ogunleye,47.0,2024-11-02 20:22:15.403,14:04:00,10.0,Average,3.0,Completed
354.0,20.0,Adewale Ogunleye,47.0,2025-01-03 20:22:15.403,16:45:00,21.0,Poor,2.0,Completed
355.0,20.0,Adewale Ogunleye,47.0,2024-10-23 20:22:15.403,11:41:00,4.0,Poor,2.0,Completed
356.0,20.0,Adewale Ogunleye,47.0,2025-02-13 20:22:15.403,10:29:00,7.0,Very Poor,1.0,Completed
357.0,20.0,Adewale Ogunleye,47.0,2024-05-07 20:22:15.403,18:14:00,28.0,Very Poor,1.0,Completed
358.0,14.0,Zainab Suleiman,48.0,2024-10-23 20:22:15.403,19:36:00,1.0,Average,3.0,Completed
359.0,14.0,Zainab Suleiman,48.0,2024-03-27 20:22:15.403,14:50:00,22.0,Excellent,5.0,Completed
360.0,14.0,Zainab Suleiman,48.0,2025-01-02 20:22:15.403,12:01:00,9.0,Excellent,5.0,Completed
361.0,14.0,Zainab Suleiman,48.0,2024-10-13 20:22:15.403,14:36:00,28.0,Poor,2.0,Completed
362.0,14.0,Zainab Suleiman,48.0,2024-04-04 20:22:15.403,08:57:00,7.0,Excellent,5.0,Completed
363.0,14.0,Zainab Suleiman,48.0,2024-05-08 20:22:15.403,09:11:00,11.0,Very Poor,1.0,Completed
364.0,14.0,Zainab Suleiman,48.0,2024-07-28 20:22:15.403,14:25:00,24.0,Very Poor,1.0,Completed
365.0,14.0,Zainab Suleiman,48.0,2025-01-11 20:22:15.403,17:17:00,8.0,Excellent,5.0,Completed
366.0,14.0,Zainab Suleiman,48.0,2024-08-19 20:22:15.403,15:07:00,7.0,Average,3.0,Completed
367.0,14.0,Zainab Suleiman,48.0,2024-07-01 20:22:15.403,18:35:00,8.0,Average,3.0,Completed
368.0,16.0,Chika Umeh,49.0,2024-07-29 20:22:15.403,12:46:00,21.0,Excellent,5.0,Completed
369.0,16.0,Chika Umeh,49.0,2024-05-09 20:22:15.403,15:13:00,3.0,Excellent,5.0,Completed
370.0,16.0,Chika Umeh,49.0,2024-07-12 20:22:15.403,08:12:00,4.0,Excellent,5.0,Completed
371.0,16.0,Chika Umeh,49.0,2024-11-23 20:22:15.403,17:55:00,27.0,Very Poor,1.0,Completed
372.0,16.0,Chika Umeh,49.0,2024-12-04 20:22:15.403,15:33:00,7.0,Excellent,5.0,Completed
373.0,16.0,Chika Umeh,49.0,2025-01-05 20:22:15.403,08:24:00,9.0,Good,4.0,Completed
374.0,20.0,Adewale Ogunleye,50.0,2024-05-17 20:22:15.403,09:15:00,27.0,Poor,2.0,Completed
375.0,20.0,Adewale Ogunleye,50.0,2024-03-15 20:22:15.403,17:58:00,15.0,Very Poor,1.0,Completed
376.0,20.0,Adewale Ogunleye,50.0,2024-12-13 20:22:15.403,10:33:00,18.0,Excellent,5.0,Completed
377.0,20.0,Adewale Ogunleye,50.0,2024-11-04 20:22:15.403,14:22:00,12.0,Good,4.0,Completed
378.0,20.0,Adewale Ogunleye,50.0,2024-04-27 20:22:15.403,17:06:00,18.0,Poor,2.0,Completed
379.0,20.0,Adewale Ogunleye,50.0,2024-06-13 20:22:15.403,13:48:00,24.0,Good,4.0,Completed
380.0,15.0,Gbenga Adesina,51.0,2024-07-08 20:22:15.403,16:41:00,27.0,Good,4.0,Completed
381.0,15.0,Gbenga Adesina,51.0,2025-01-30 20:22:15.403,09:12:00,13.0,Excellent,5.0,Completed
382.0,15.0,Gbenga Adesina,51.0,2024-04-01 20:22:15.403,11:04:00,14.0,Average,3.0,Completed
383.0,15.0,Gbenga Adesina,51.0,2025-02-27 20:22:15.403,08:38:00,6.0,Excellent,5.0,Completed
384.0,15.0,Gbenga Adesina,51.0,2024-08-23 20:22:15.403,17:18:00,19.0,Excellent,5.0,Completed
385.0,15.0,Gbenga Adesina,51.0,2024-06-26 20:22:15.403,14:48:00,29.0,Average,3.0,Completed
386.0,15.0,Gbenga Adesina,51.0,2024-12-27 20:22:15.403,15:25:00,10.0,Average,3.0,Completed
387.0,15.0,Gbenga Adesina,51.0,2024-04-23 20:22:15.403,16:36:00,18.0,Good,4.0,Completed
388.0,15.0,Gbenga Adesina,51.0,2025-02-03 20:22:15.403,10:14:00,29.0,Average,3.0,Completed
389.0,15.0,Gbenga Adesina,51.0,2024-11-23 20:22:15.403,12:00:00,5.0,Excellent,5.0,Completed
390.0,7.0,Segun Oladipo,52.0,2024-10-10 20:22:15.403,08:19:00,27.0,Excellent,5.0,Completed
391.0,7.0,Segun Oladipo,52.0,2024-08-01 20:22:15.403,09:01:00,28.0,Average,3.0,Completed
392.0,7.0,Segun Oladipo,52.0,2025-02-08 20:22:15.403,08:07:00,28.0,Poor,2.0,Completed
393.0,7.0,Segun Oladipo,52.0,2024-03-25 20:22:15.403,19:22:00,19.0,Poor,2.0,Completed
394.0,7.0,Segun Oladipo,52.0,2024-04-16 20:22:15.403,19:54:00,6.0,Good,4.0,Completed
395.0,7.0,Segun Oladipo,52.0,2024-07-09 20:22:15.403,08:01:00,25.0,Excellent,5.0,Completed
396.0,7.0,Segun Oladipo,52.0,2024-05-15 20:22:15.403,09:44:00,27.0,Poor,2.0,Completed
397.0,7.0,Segun Oladipo,52.0,2024-09-18 20:22:15.403,09:09:00,27.0,Average,3.0,Completed
398.0,7.0,Segun Oladipo,52.0,2024-07-05 20:22:15.403,16:25:00,24.0,Average,3.0,Completed
399.0,7.0,Segun Oladipo,52.0,2024-12-23 20:22:15.403,18:39:00,13.0,Excellent,5.0,Completed
400.0,6.0,Funke Adeyemi,53.0,2024-07-30 20:22:15.403,17:39:00,22.0,Average,3.0,Completed
401.0,6.0,Funke Adeyemi,53.0,2024-06-10 20:22:15.403,11:10:00,14.0,Poor,2.0,Completed
402.0,6.0,Funke Adeyemi,53.0,2024-08-02 20:22:15.403,10:38:00,4.0,Poor,2.0,Completed
403.0,6.0,Funke Adeyemi,53.0,2024-12-27 20:22:15.403,08:28:00,17.0,Very Poor,1.0,Completed
404.0,6.0,Funke Adeyemi,53.0,2024-10-11 20:22:15.403,09:27:00,28.0,Very Poor,1.0,Completed
405.0,6.0,Funke Adeyemi,53.0,2024-10-19 20:22:15.403,10:35:00,29.0,Poor,2.0,Completed
406.0,6.0,Funke Adeyemi,53.0,2024-04-12 20:22:15.403,13:34:00,14.0,Good,4.0,Completed
407.0,9.0,Ibrahim Danjuma,54.0,2024-05-15 20:22:15.403,14:52:00,15.0,Good,4.0,Completed
408.0,9.0,Ibrahim Danjuma,54.0,2024-03-29 20:22:15.403,15:00:00,5.0,Average,3.0,Completed
409.0,9.0,Ibrahim Danjuma,54.0,2024-03-14 20:22:15.403,17:05:00,4.0,Poor,2.0,Completed
410.0,9.0,Ibrahim Danjuma,54.0,2024-08-30 20:22:15.403,08:43:00,14.0,Average,3.0,Completed
411.0,9.0,Ibrahim Danjuma,54.0,2024-09-22 20:22:15.403,19:28:00,2.0,Very Poor,1.0,Completed
412.0,9.0,Ibrahim Danjuma,54.0,2024-11-16 20:22:15.403,14:53:00,8.0,Very Poor,1.0,Completed
413.0,9.0,Ibrahim Danjuma,54.0,2024-03-31 20:22:15.403,15:49:00,29.0,Good,4.0,Completed
414.0,9.0,Ibrahim Danjuma,54.0,2024-08-02 20:22:15.403,08:04:00,19.0,Excellent,5.0,Completed
415.0,7.0,Segun Oladipo,55.0,2025-01-27 20:22:15.403,09:23:00,6.0,Poor,2.0,Completed
416.0,7.0,Segun Oladipo,55.0,2024-03-11 20:22:15.403,13:28:00,8.0,Excellent,5.0,Completed
417.0,7.0,Segun Oladipo,55.0,2024-09-08 20:22:15.403,19:01:00,3.0,Average,3.0,Completed
418.0,7.0,Segun Oladipo,55.0,2024-12-04 20:22:15.403,15:18:00,11.0,Excellent,5.0,Completed
419.0,7.0,Segun Oladipo,55.0,2025-01-15 20:22:15.403,12:22:00,19.0,Excellent,5.0,Completed
420.0,2.0,Chioma Nwosu,56.0,2024-12-06 20:22:15.403,17:03:00,23.0,Good,4.0,Completed
421.0,2.0,Chioma Nwosu,56.0,2024-11-23 20:22:15.403,15:29:00,5.0,Very Poor,1.0,Completed
422.0,2.0,Chioma Nwosu,56.0,2024-10-21 20:22:15.403,10:01:00,7.0,Poor,2.0,Completed
423.0,2.0,Chioma Nwosu,56.0,2024-06-17 20:22:15.403,16:55:00,16.0,Excellent,5.0,Completed
424.0,2.0,Chioma Nwosu,56.0,2025-01-18 20:22:15.403,12:27:00,24.0,Good,4.0,Completed
425.0,2.0,Chioma Nwosu,56.0,2024-07-27 20:22:15.403,08:29:00,27.0,Very Poor,1.0,Completed
426.0,18.0,Amaka Obi,57.0,2024-12-24 20:22:15.403,11:49:00,10.0,Good,4.0,Completed
427.0,18.0,Amaka Obi,57.0,2025-01-27 20:22:15.403,16:48:00,14.0,Average,3.0,Completed
428.0,18.0,Amaka Obi,57.0,2024-04-18 20:22:15.403,08:01:00,8.0,Good,4.0,Completed
429.0,18.0,Amaka Obi,57.0,2024-03-25 20:22:15.403,12:34:00,25.0,Poor,2.0,Completed
430.0,18.0,Amaka Obi,57.0,2024-08-21 20:22:15.403,15:40:00,9.0,Very Poor,1.0,Completed
431.0,18.0,Amaka Obi,57.0,2025-01-11 20:22:15.403,10:48:00,4.0,Average,3.0,Completed
432.0,10.0,Chinedu Opara,58.0,2024-03-09 20:22:15.403,08:29:00,7.0,Very Poor,1.0,Completed
433.0,10.0,Chinedu Opara,58.0,2025-02-12 20:22:15.403,10:41:00,22.0,Poor,2.0,Completed
434.0,10.0,Chinedu Opara,58.0,2024-05-22 20:22:15.403,12:36:00,15.0,Very Poor,1.0,Completed
435.0,10.0,Chinedu Opara,58.0,2025-01-28 20:22:15.403,15:22:00,13.0,Average,3.0,Completed
436.0,10.0,Chinedu Opara,58.0,2024-07-13 20:22:15.403,19:34:00,5.0,Good,4.0,Completed
437.0,10.0,Chinedu Opara,58.0,2024-05-29 20:22:15.403,18:10:00,4.0,Good,4.0,Completed
438.0,8.0,Ngozi Okonkwo,59.0,2024-11-28 20:22:15.403,09:52:00,29.0,Good,4.0,Completed
439.0,8.0,Ngozi Okonkwo,59.0,2024-03-22 20:22:15.403,16:20:00,2.0,Very Poor,1.0,Completed
440.0,8.0,Ngozi Okonkwo,59.0,2025-01-31 20:22:15.403,13:29:00,1.0,Very Poor,1.0,Completed
441.0,8.0,Ngozi Okonkwo,59.0,2024-08-04 20:22:15.403,17:48:00,18.0,Poor,2.0,Completed
442.0,8.0,Ngozi Okonkwo,59.0,2025-02-17 20:22:15.403,17:01:00,28.0,Good,4.0,Completed
443.0,8.0,Ngozi Okonkwo,59.0,2025-03-01 20:22:15.403,16:01:00,25.0,Good,4.0,Completed
444.0,8.0,Ngozi Okonkwo,59.0,2024-07-23 20:22:15.403,15:31:00,27.0,Good,4.0,Completed
445.0,8.0,Ngozi Okonkwo,59.0,2024-05-17 20:22:15.403,19:15:00,15.0,Excellent,5.0,Completed
446.0,8.0,Ngozi Okonkwo,59.0,2024-05-06 20:22:15.403,17:38:00,22.0,Average,3.0,Completed
447.0,19.0,Felix Odion,60.0,2024-09-19 20:22:15.403,16:10:00,2.0,Very Poor,1.0,Completed
448.0,19.0,Felix Odion,60.0,2024-08-11 20:22:15.403,19:46:00,29.0,Average,3.0,Completed
449.0,19.0,Felix Odion,60.0,2024-09-18 20:22:15.403,14:51:00,8.0,Excellent,5.0,Completed
450.0,19.0,Felix Odion,60.0,2024-09-27 20:22:15.403,17:29:00,5.0,Average,3.0,Completed
451.0,19.0,Felix Odion,60.0,2024-09-29 20:22:15.403,09:02:00,24.0,Excellent,5.0,Completed
452.0,19.0,Felix Odion,60.0,2024-07-11 20:22:15.403,19:28:00,9.0,Good,4.0,Completed
453.0,19.0,Felix Odion,60.0,2024-04-15 20:22:15.403,16:33:00,22.0,Average,3.0,Completed
454.0,19.0,Felix Odion,60.0,2025-01-04 20:22:15.403,18:50:00,5.0,Good,4.0,Completed
455.0,19.0,Felix Odion,60.0,2024-04-06 20:22:15.403,13:36:00,11.0,Very Poor,1.0,Completed
456.0,19.0,Felix Odion,60.0,2025-01-21 20:22:15.403,18:36:00,28.0,Poor,2.0,Completed
457.0,3.0,Tunde Balogun,61.0,2024-09-25 20:22:15.403,19:08:00,19.0,Very Poor,1.0,Completed
458.0,3.0,Tunde Balogun,61.0,2024-06-12 20:22:15.403,18:10:00,22.0,Good,4.0,Completed
459.0,3.0,Tunde Balogun,61.0,2025-02-27 20:22:15.403,15:21:00,9.0,Average,3.0,Completed
460.0,3.0,Tunde Balogun,61.0,2024-03-08 20:22:15.403,09:06:00,27.0,Average,3.0,Completed
461.0,3.0,Tunde Balogun,61.0,2024-10-02 20:22:15.403,14:59:00,21.0,Very Poor,1.0,Completed
462.0,3.0,Tunde Balogun,61.0,2024-05-11 20:22:15.403,09:35:00,7.0,Average,3.0,Completed
463.0,3.0,Tunde Balogun,61.0,2025-02-02 20:22:15.403,09:01:00,21.0,Poor,2.0,Completed
464.0,3.0,Tunde Balogun,61.0,2024-05-23 20:22:15.403,13:49:00,15.0,Average,3.0,Completed
465.0,10.0,Chinedu Opara,62.0,2025-01-25 20:22:15.403,18:55:00,18.0,Excellent,5.0,Completed
466.0,10.0,Chinedu Opara,62.0,2024-12-05 20:22:15.403,09:08:00,3.0,Excellent,5.0,Completed
467.0,10.0,Chinedu Opara,62.0,2024-09-08 20:22:15.403,11:36:00,9.0,Average,3.0,Completed
468.0,10.0,Chinedu Opara,62.0,2024-06-18 20:22:15.403,15:47:00,11.0,Poor,2.0,Completed
469.0,10.0,Chinedu Opara,62.0,2024-06-05 20:22:15.403,09:00:00,3.0,Poor,2.0,Completed
470.0,6.0,Funke Adeyemi,63.0,2024-12-07 20:22:15.403,13:39:00,5.0,Poor,2.0,Completed
471.0,6.0,Funke Adeyemi,63.0,2024-11-14 20:22:15.403,14:09:00,1.0,Average,3.0,Completed
472.0,6.0,Funke Adeyemi,63.0,2024-11-19 20:22:15.403,16:11:00,17.0,Poor,2.0,Completed
473.0,6.0,Funke Adeyemi,63.0,2024-04-16 20:22:15.403,14:38:00,11.0,Average,3.0,Completed
474.0,6.0,Funke Adeyemi,63.0,2024-08-30 20:22:15.403,19:29:00,28.0,Average,3.0,Completed
475.0,10.0,Chinedu Opara,64.0,2024-06-22 20:22:15.403,17:30:00,12.0,Average,3.0,Completed
476.0,10.0,Chinedu Opara,64.0,2024-10-12 20:22:15.403,09:05:00,5.0,Average,3.0,Completed
477.0,10.0,Chinedu Opara,64.0,2024-12-02 20:22:15.403,08:41:00,3.0,Very Poor,1.0,Completed
478.0,10.0,Chinedu Opara,64.0,2024-06-23 20:22:15.403,12:45:00,9.0,Very Poor,1.0,Completed
479.0,10.0,Chinedu Opara,64.0,2024-05-15 20:22:15.403,19:50:00,14.0,Good,4.0,Completed
480.0,10.0,Chinedu Opara,64.0,2024-07-12 20:22:15.403,13:38:00,4.0,Average,3.0,Completed
481.0,10.0,Chinedu Opara,64.0,2024-09-28 20:22:15.403,15:15:00,4.0,Poor,2.0,Completed
482.0,10.0,Chinedu Opara,64.0,2024-06-18 20:22:15.403,19:38:00,6.0,Excellent,5.0,Completed
483.0,10.0,Chinedu Opara,64.0,2024-06-03 20:22:15.403,17:18:00,14.0,Average,3.0,Completed
484.0,1.0,Emeka Okafor,65.0,2024-06-20 20:22:15.403,16:58:00,28.0,Very Poor,1.0,Completed
485.0,1.0,Emeka Okafor,65.0,2024-11-26 20:22:15.403,08:52:00,8.0,Poor,2.0,Completed
486.0,1.0,Emeka Okafor,65.0,2025-02-09 20:22:15.403,14:51:00,14.0,Very Poor,1.0,Completed
487.0,1.0,Emeka Okafor,65.0,2024-12-28 20:22:15.403,12:49:00,10.0,Poor,2.0,Completed
488.0,1.0,Emeka Okafor,65.0,2024-10-22 20:22:15.403,11:50:00,24.0,Good,4.0,Completed
489.0,1.0,Emeka Okafor,65.0,2024-07-26 20:22:15.403,10:43:00,13.0,Good,4.0,Completed
490.0,1.0,Emeka Okafor,65.0,2025-02-04 20:22:15.403,11:20:00,26.0,Average,3.0,Completed
491.0,1.0,Emeka Okafor,65.0,2024-04-24 20:22:15.403,17:46:00,16.0,Poor,2.0,Completed
492.0,1.0,Emeka Okafor,65.0,2024-08-05 20:22:15.403,13:28:00,19.0,Average,3.0,Completed
493.0,1.0,Emeka Okafor,65.0,2025-01-19 20:22:15.403,08:27:00,14.0,Good,4.0,Completed
494.0,11.0,Kemi Adebanjo,66.0,2024-05-29 20:22:15.403,10:16:00,28.0,Poor,2.0,Completed
495.0,11.0,Kemi Adebanjo,66.0,2024-06-22 20:22:15.403,12:38:00,10.0,Good,4.0,Completed
496.0,11.0,Kemi Adebanjo,66.0,2024-10-27 20:22:15.403,13:09:00,27.0,Average,3.0,Completed
497.0,11.0,Kemi Adebanjo,66.0,2024-06-27 20:22:15.403,17:54:00,7.0,Excellent,5.0,Completed
498.0,11.0,Kemi Adebanjo,66.0,2024-03-13 20:22:15.403,15:19:00,5.0,Average,3.0,Completed
499.0,11.0,Kemi Adebanjo,66.0,2024-10-11 20:22:15.403,11:51:00,2.0,Good,4.0,Completed
500.0,11.0,Kemi Adebanjo,66.0,2024-04-01 20:22:15.403,17:03:00,2.0,Poor,2.0,Completed
501.0,11.0,Kemi Adebanjo,66.0,2025-01-11 20:22:15.403,19:10:00,19.0,Very Poor,1.0,Completed
502.0,11.0,Kemi Adebanjo,66.0,2025-02-22 20:22:15.403,18:31:00,28.0,Poor,2.0,Completed
503.0,20.0,Adewale Ogunleye,67.0,2024-06-08 20:22:15.403,11:59:00,23.0,Average,3.0,Completed
504.0,20.0,Adewale Ogunleye,67.0,2024-03-25 20:22:15.403,14:41:00,9.0,Excellent,5.0,Completed
505.0,20.0,Adewale Ogunleye,67.0,2024-06-14 20:22:15.403,16:52:00,14.0,Very Poor,1.0,Completed
506.0,20.0,Adewale Ogunleye,67.0,2025-02-14 20:22:15.403,12:38:00,11.0,Good,4.0,Completed
507.0,20.0,Adewale Ogunleye,67.0,2024-05-24 20:22:15.403,18:01:00,13.0,Good,4.0,Completed
508.0,20.0,Adewale Ogunleye,67.0,2025-01-02 20:22:15.403,09:00:00,19.0,Average,3.0,Completed
509.0,20.0,Adewale Ogunleye,67.0,2025-03-02 20:22:15.403,16:13:00,14.0,Excellent,5.0,Completed
510.0,20.0,Adewale Ogunleye,67.0,2024-06-18 20:22:15.403,17:50:00,9.0,Average,3.0,Completed
511.0,20.0,Adewale Ogunleye,67.0,2024-12-06 20:22:15.403,09:17:00,13.0,Good,4.0,Completed
512.0,12.0,Yakubu Bello,68.0,2024-09-12 20:22:15.403,08:44:00,27.0,Excellent,5.0,Completed
513.0,12.0,Yakubu Bello,68.0,2024-09-25 20:22:15.403,12:12:00,15.0,Very Poor,1.0,Completed
514.0,12.0,Yakubu Bello,68.0,2024-03-15 20:22:15.403,14:29:00,18.0,Poor,2.0,Completed
515.0,12.0,Yakubu Bello,68.0,2024-12-16 20:22:15.403,09:11:00,8.0,Good,4.0,Completed
516.0,12.0,Yakubu Bello,68.0,2024-08-29 20:22:15.403,14:13:00,22.0,Average,3.0,Completed
517.0,12.0,Yakubu Bello,68.0,2024-08-07 20:22:15.403,11:05:00,23.0,Excellent,5.0,Completed
518.0,12.0,Yakubu Bello,68.0,2024-04-29 20:22:15.403,16:55:00,24.0,Excellent,5.0,Completed
519.0,12.0,Yakubu Bello,68.0,2024-04-29 20:22:15.403,15:53:00,15.0,Poor,2.0,Completed
520.0,19.0,Felix Odion,69.0,2024-12-19 20:22:15.403,19:28:00,21.0,Average,3.0,Completed
521.0,19.0,Felix Odion,69.0,2024-08-08 20:22:15.403,14:46:00,6.0,Very Poor,1.0,Completed
522.0,19.0,Felix Odion,69.0,2024-04-30 20:22:15.403,09:25:00,15.0,Excellent,5.0,Completed
523.0,19.0,Felix Odion,69.0,2024-08-01 20:22:15.403,09:02:00,17.0,Excellent,5.0,Completed
524.0,19.0,Felix Odion,69.0,2025-01-23 20:22:15.403,10:58:00,26.0,Very Poor,1.0,Completed
525.0,19.0,Felix Odion,69.0,2024-05-20 20:22:15.403,12:45:00,8.0,Poor,2.0,Completed
526.0,20.0,Adewale Ogunleye,70.0,2024-12-14 20:22:15.403,08:43:00,17.0,Very Poor,1.0,Completed
527.0,20.0,Adewale Ogunleye,70.0,2024-05-28 20:22:15.403,17:10:00,18.0,Good,4.0,Completed
528.0,20.0,Adewale Ogunleye,70.0,2024-09-22 20:22:15.403,09:40:00,22.0,Average,3.0,Completed
529.0,20.0,Adewale Ogunleye,70.0,2024-05-16 20:22:15.403,12:41:00,25.0,Very Poor,1.0,Completed
530.0,20.0,Adewale Ogunleye,70.0,2025-01-30 20:22:15.403,13:50:00,7.0,Good,4.0,Completed
531.0,20.0,Adewale Ogunleye,70.0,2024-08-04 20:22:15.403,15:39:00,28.0,Poor,2.0,Completed
532.0,20.0,Adewale Ogunleye,70.0,2025-03-05 20:22:15.403,13:23:00,3.0,Excellent,5.0,Completed
533.0,20.0,Adewale Ogunleye,70.0,2024-07-10 20:22:15.403,19:46:00,27.0,Poor,2.0,Completed
534.0,20.0,Adewale Ogunleye,70.0,2024-07-30 20:22:15.403,13:38:00,1.0,Average,3.0,Completed
535.0,1.0,Emeka Okafor,71.0,2024-08-20 20:22:15.403,14:07:00,11.0,Poor,2.0,Completed
536.0,1.0,Emeka Okafor,71.0,2024-07-24 20:22:15.403,08:50:00,13.0,Very Poor,1.0,Completed
537.0,1.0,Emeka Okafor,71.0,2025-02-11 20:22:15.403,12:56:00,8.0,Average,3.0,Completed
538.0,1.0,Emeka Okafor,71.0,2024-09-06 20:22:15.403,11:20:00,23.0,Excellent,5.0,Completed
539.0,1.0,Emeka Okafor,71.0,2024-03-09 20:22:15.403,08:39:00,14.0,Good,4.0,Completed
540.0,1.0,Emeka Okafor,71.0,2024-10-27 20:22:15.403,13:05:00,15.0,Good,4.0,Completed
541.0,1.0,Emeka Okafor,71.0,2024-03-16 20:22:15.403,08:54:00,3.0,Very Poor,1.0,Completed
542.0,1.0,Emeka Okafor,71.0,2024-07-07 20:22:15.403,18:57:00,20.0,Poor,2.0,Completed
543.0,1.0,Emeka Okafor,71.0,2025-02-11 20:22:15.403,08:58:00,26.0,Average,3.0,Completed
544.0,1.0,Emeka Okafor,71.0,2024-10-24 20:22:15.403,15:16:00,29.0,Excellent,5.0,Completed
545.0,18.0,Amaka Obi,72.0,2025-01-06 20:22:15.403,16:31:00,22.0,Good,4.0,Completed
546.0,18.0,Amaka Obi,72.0,2024-05-22 20:22:15.403,12:17:00,16.0,Poor,2.0,Completed
547.0,18.0,Amaka Obi,72.0,2024-11-13 20:22:15.403,10:41:00,25.0,Poor,2.0,Completed
548.0,18.0,Amaka Obi,72.0,2024-03-09 20:22:15.403,17:11:00,22.0,Good,4.0,Completed
549.0,18.0,Amaka Obi,72.0,2024-04-18 20:22:15.403,16:40:00,6.0,Good,4.0,Completed
550.0,18.0,Amaka Obi,72.0,2024-05-20 20:22:15.403,17:10:00,6.0,Excellent,5.0,Completed
551.0,18.0,Amaka Obi,72.0,2024-05-22 20:22:15.403,17:29:00,3.0,Poor,2.0,Completed
552.0,13.0,Bola Akinwunmi,73.0,2024-04-15 20:22:15.403,13:28:00,22.0,Poor,2.0,Completed
553.0,13.0,Bola Akinwunmi,73.0,2024-11-06 20:22:15.403,08:35:00,8.0,Good,4.0,Completed
554.0,13.0,Bola Akinwunmi,73.0,2025-02-14 20:22:15.403,17:56:00,12.0,Very Poor,1.0,Completed
555.0,13.0,Bola Akinwunmi,73.0,2024-07-11 20:22:15.403,13:20:00,7.0,Poor,2.0,Completed
556.0,13.0,Bola Akinwunmi,73.0,2025-03-05 20:22:15.403,12:48:00,18.0,Excellent,5.0,Completed
557.0,13.0,Bola Akinwunmi,73.0,2024-03-26 20:22:15.403,08:31:00,19.0,Poor,2.0,Completed
558.0,13.0,Bola Akinwunmi,73.0,2024-10-27 20:22:15.403,08:15:00,29.0,Good,4.0,Completed
559.0,13.0,Bola Akinwunmi,73.0,2024-11-05 20:22:15.403,09:41:00,1.0,Very Poor,1.0,Completed
560.0,13.0,Bola Akinwunmi,73.0,2024-12-12 20:22:15.403,17:51:00,4.0,Excellent,5.0,Completed
561.0,13.0,Bola Akinwunmi,73.0,2024-06-05 20:22:15.403,16:35:00,3.0,Good,4.0,Completed
562.0,6.0,Funke Adeyemi,74.0,2024-03-28 20:22:15.403,14:45:00,17.0,Excellent,5.0,Completed
563.0,6.0,Funke Adeyemi,74.0,2025-01-27 20:22:15.403,08:51:00,10.0,Poor,2.0,Completed
564.0,6.0,Funke Adeyemi,74.0,2024-10-27 20:22:15.403,11:03:00,2.0,Very Poor,1.0,Completed
565.0,6.0,Funke Adeyemi,74.0,2025-01-11 20:22:15.403,08:56:00,24.0,Very Poor,1.0,Completed
566.0,6.0,Funke Adeyemi,74.0,2024-08-16 20:22:15.403,10:27:00,16.0,Very Poor,1.0,Completed
567.0,6.0,Funke Adeyemi,74.0,2024-06-11 20:22:15.403,12:20:00,29.0,Excellent,5.0,Completed
568.0,6.0,Funke Adeyemi,74.0,2025-01-07 20:22:15.403,08:14:00,26.0,Average,3.0,Completed
569.0,6.0,Funke Adeyemi,74.0,2024-06-26 20:22:15.403,17:37:00,2.0,Poor,2.0,Completed
570.0,19.0,Felix Odion,75.0,2024-07-29 20:22:15.403,15:05:00,28.0,Poor,2.0,Completed
571.0,19.0,Felix Odion,75.0,2024-10-02 20:22:15.403,19:24:00,5.0,Good,4.0,Completed
572.0,19.0,Felix Odion,75.0,2024-12-24 20:22:15.403,12:56:00,3.0,Poor,2.0,Completed
573.0,19.0,Felix Odion,75.0,2025-02-25 20:22:15.403,17:44:00,22.0,Very Poor,1.0,Completed
574.0,19.0,Felix Odion,75.0,2024-04-26 20:22:15.403,17:14:00,9.0,Excellent,5.0,Completed
575.0,19.0,Felix Odion,75.0,2024-08-17 20:22:15.403,15:41:00,23.0,Average,3.0,Completed
576.0,19.0,Felix Odion,75.0,2024-10-07 20:22:15.403,12:04:00,20.0,Very Poor,1.0,Completed
577.0,19.0,Felix Odion,75.0,2025-02-24 20:22:15.403,17:34:00,21.0,Average,3.0,Completed
578.0,1.0,Emeka Okafor,76.0,2024-04-29 20:22:15.403,18:41:00,22.0,Excellent,5.0,Completed
579.0,1.0,Emeka Okafor,76.0,2024-12-03 20:22:15.403,12:34:00,20.0,Very Poor,1.0,Completed
580.0,1.0,Emeka Okafor,76.0,2024-08-17 20:22:15.403,14:36:00,17.0,Average,3.0,Completed
581.0,1.0,Emeka Okafor,76.0,2024-08-22 20:22:15.403,18:21:00,1.0,Good,4.0,Completed
582.0,1.0,Emeka Okafor,76.0,2024-06-10 20:22:15.403,12:24:00,28.0,Good,4.0,Completed
583.0,1.0,Emeka Okafor,76.0,2025-02-08 20:22:15.403,13:27:00,19.0,Poor,2.0,Completed
584.0,15.0,Gbenga Adesina,77.0,2025-01-12 20:22:15.403,08:32:00,21.0,Good,4.0,Completed
585.0,15.0,Gbenga Adesina,77.0,2025-01-16 20:22:15.403,14:53:00,16.0,Average,3.0,Completed
586.0,15.0,Gbenga Adesina,77.0,2024-03-19 20:22:15.403,18:08:00,4.0,Very Poor,1.0,Completed
587.0,15.0,Gbenga Adesina,77.0,2024-05-17 20:22:15.403,15:46:00,14.0,Good,4.0,Completed
588.0,15.0,Gbenga Adesina,77.0,2024-12-01 20:22:15.403,15:33:00,19.0,Good,4.0,Completed
589.0,15.0,Gbenga Adesina,77.0,2024-04-22 20:22:15.403,10:44:00,5.0,Good,4.0,Completed
590.0,15.0,Gbenga Adesina,77.0,2025-03-02 20:22:15.403,14:41:00,12.0,Average,3.0,Completed
591.0,15.0,Gbenga Adesina,77.0,2024-11-08 20:22:15.403,11:16:00,23.0,Very Poor,1.0,Completed
592.0,15.0,Gbenga Adesina,77.0,2024-10-22 20:22:15.403,19:04:00,24.0,Average,3.0,Completed
593.0,15.0,Gbenga Adesina,77.0,2024-06-18 20:22:15.403,11:58:00,23.0,Very Poor,1.0,Completed
594.0,2.0,Chioma Nwosu,78.0,2024-06-30 20:22:15.403,12:05:00,21.0,Good,4.0,Completed
595.0,2.0,Chioma Nwosu,78.0,2024-10-23 20:22:15.403,09:40:00,5.0,Excellent,5.0,Completed
596.0,2.0,Chioma Nwosu,78.0,2024-09-24 20:22:15.403,12:57:00,14.0,Average,3.0,Completed
597.0,2.0,Chioma Nwosu,78.0,2024-11-10 20:22:15.403,10:45:00,21.0,Average,3.0,Completed
598.0,2.0,Chioma Nwosu,78.0,2024-04-02 20:22:15.403,09:53:00,17.0,Good,4.0,Completed
599.0,2.0,Chioma Nwosu,78.0,2024-08-18 20:22:15.403,17:46:00,29.0,Average,3.0,Completed
600.0,2.0,Chioma Nwosu,78.0,2024-03-29 20:22:15.403,17:45:00,2.0,Very Poor,1.0,Completed
601.0,15.0,Gbenga Adesina,79.0,2024-06-21 20:22:15.403,18:04:00,10.0,Excellent,5.0,Completed
602.0,15.0,Gbenga Adesina,79.0,2024-10-29 20:22:15.403,11:47:00,10.0,Poor,2.0,Completed
603.0,15.0,Gbenga Adesina,79.0,2024-10-09 20:22:15.403,12:59:00,12.0,Excellent,5.0,Completed
604.0,15.0,Gbenga Adesina,79.0,2024-11-16 20:22:15.403,13:04:00,11.0,Average,3.0,Completed
605.0,15.0,Gbenga Adesina,79.0,2024-06-16 20:22:15.403,19:14:00,25.0,Good,4.0,Completed
606.0,15.0,Gbenga Adesina,79.0,2025-02-11 20:22:15.403,15:02:00,13.0,Very Poor,1.0,Completed
607.0,15.0,Gbenga Adesina,79.0,2024-04-16 20:22:15.403,15:55:00,8.0,Good,4.0,Completed
608.0,15.0,Gbenga Adesina,79.0,2025-02-18 20:22:15.403,13:34:00,21.0,Good,4.0,Completed
609.0,17.0,Rasheed Lawal,80.0,2024-04-26 20:22:15.403,15:01:00,22.0,Very Poor,1.0,Completed
610.0,17.0,Rasheed Lawal,80.0,2024-07-09 20:22:15.403,14:15:00,29.0,Poor,2.0,Completed
611.0,17.0,Rasheed Lawal,80.0,2024-09-12 20:22:15.403,10:33:00,5.0,Excellent,5.0,Completed
612.0,17.0,Rasheed Lawal,80.0,2024-10-20 20:22:15.403,15:07:00,26.0,Poor,2.0,Completed
613.0,17.0,Rasheed Lawal,80.0,2025-02-04 20:22:15.403,08:17:00,21.0,Average,3.0,Completed
614.0,17.0,Rasheed Lawal,80.0,2024-09-30 20:22:15.403,11:18:00,9.0,Good,4.0,Completed
615.0,17.0,Rasheed Lawal,80.0,2024-09-28 20:22:15.403,14:29:00,15.0,Good,4.0,Completed
616.0,10.0,Chinedu Opara,81.0,2025-01-22 20:22:15.403,18:28:00,7.0,Excellent,5.0,Completed
617.0,10.0,Chinedu Opara,81.0,2025-02-21 20:22:15.403,09:04:00,6.0,Poor,2.0,Completed
618.0,10.0,Chinedu Opara,81.0,2025-03-04 20:22:15.403,19:18:00,13.0,Very Poor,1.0,Completed
619.0,10.0,Chinedu Opara,81.0,2024-04-25 20:22:15.403,13:28:00,25.0,Average,3.0,Completed
620.0,10.0,Chinedu Opara,81.0,2024-05-30 20:22:15.403,18:23:00,3.0,Very Poor,1.0,Completed
621.0,10.0,Chinedu Opara,81.0,2024-10-30 20:22:15.403,19:08:00,12.0,Poor,2.0,Completed
622.0,10.0,Chinedu Opara,81.0,2024-04-01 20:22:15.403,09:39:00,28.0,Good,4.0,Completed
623.0,10.0,Chinedu Opara,81.0,2024-03-14 20:22:15.403,19:12:00,26.0,Poor,2.0,Completed
624.0,17.0,Rasheed Lawal,82.0,2025-02-27 20:22:15.403,12:38:00,25.0,Poor,2.0,Completed
625.0,17.0,Rasheed Lawal,82.0,2024-06-24 20:22:15.403,10:14:00,5.0,Good,4.0,Completed
626.0,17.0,Rasheed Lawal,82.0,2024-08-05 20:22:15.403,12:10:00,25.0,Poor,2.0,Completed
627.0,17.0,Rasheed Lawal,82.0,2024-08-23 20:22:15.403,17:49:00,25.0,Good,4.0,Completed
628.0,17.0,Rasheed Lawal,82.0,2024-06-24 20:22:15.403,12:44:00,1.0,Poor,2.0,Completed
629.0,17.0,Rasheed Lawal,82.0,2025-02-01 20:22:15.403,15:05:00,16.0,Poor,2.0,Completed
630.0,17.0,Rasheed Lawal,82.0,2025-01-10 20:22:15.403,14:45:00,9.0,Very Poor,1.0,Completed
631.0,17.0,Rasheed Lawal,82.0,2025-02-07 20:22:15.403,12:52:00,24.0,Good,4.0,Completed
632.0,12.0,Yakubu Bello,83.0,2025-01-24 20:22:15.403,14:53:00,14.0,Good,4.0,Completed
633.0,12.0,Yakubu Bello,83.0,2025-01-05 20:22:15.403,11:37:00,8.0,Excellent,5.0,Completed
634.0,12.0,Yakubu Bello,83.0,2024-03-25 20:22:15.403,12:33:00,8.0,Poor,2.0,Completed
635.0,12.0,Yakubu Bello,83.0,2024-05-28 20:22:15.403,17:59:00,16.0,Very Poor,1.0,Completed
636.0,12.0,Yakubu Bello,83.0,2024-07-28 20:22:15.403,08:53:00,16.0,Poor,2.0,Completed
637.0,6.0,Funke Adeyemi,84.0,2024-11-07 20:22:15.403,09:13:00,6.0,Poor,2.0,Completed
638.0,6.0,Funke Adeyemi,84.0,2024-04-23 20:22:15.403,19:48:00,27.0,Very Poor,1.0,Completed
639.0,6.0,Funke Adeyemi,84.0,2024-12-02 20:22:15.403,14:03:00,20.0,Excellent,5.0,Completed
640.0,6.0,Funke Adeyemi,84.0,2024-09-23 20:22:15.403,14:23:00,5.0,Excellent,5.0,Completed
641.0,6.0,Funke Adeyemi,84.0,2024-06-12 20:22:15.403,08:34:00,15.0,Good,4.0,Completed
642.0,6.0,Funke Adeyemi,84.0,2024-06-16 20:22:15.403,08:24:00,19.0,Average,3.0,Completed
643.0,6.0,Funke Adeyemi,84.0,2024-09-10 20:22:15.403,09:21:00,6.0,Good,4.0,Completed
644.0,6.0,Funke Adeyemi,84.0,2024-09-07 20:22:15.403,11:26:00,29.0,Excellent,5.0,Completed
645.0,6.0,Funke Adeyemi,84.0,2024-04-21 20:22:15.403,14:05:00,15.0,Poor,2.0,Completed
646.0,10.0,Chinedu Opara,85.0,2024-03-28 20:22:15.403,10:42:00,19.0,Excellent,5.0,Completed
647.0,10.0,Chinedu Opara,85.0,2024-04-10 20:22:15.403,19:47:00,26.0,Good,4.0,Completed
648.0,10.0,Chinedu Opara,85.0,2024-05-04 20:22:15.403,10:39:00,12.0,Excellent,5.0,Completed
649.0,10.0,Chinedu Opara,85.0,2025-03-07 20:22:15.403,17:31:00,13.0,Poor,2.0,Completed
650.0,10.0,Chinedu Opara,85.0,2024-05-07 20:22:15.403,11:17:00,24.0,Average,3.0,Completed
651.0,10.0,Chinedu Opara,85.0,2025-02-20 20:22:15.403,12:47:00,11.0,Good,4.0,Completed
652.0,15.0,Gbenga Adesina,86.0,2025-03-02 20:22:15.403,09:41:00,23.0,Good,4.0,Completed
653.0,15.0,Gbenga Adesina,86.0,2024-04-15 20:22:15.403,17:36:00,28.0,Good,4.0,Completed
654.0,15.0,Gbenga Adesina,86.0,2025-03-07 20:22:15.403,10:08:00,15.0,Poor,2.0,Completed
655.0,15.0,Gbenga Adesina,86.0,2025-02-23 20:22:15.403,17:50:00,24.0,Very Poor,1.0,Completed
656.0,15.0,Gbenga Adesina,86.0,2024-11-29 20:22:15.403,17:23:00,8.0,Average,3.0,Completed
657.0,15.0,Gbenga Adesina,86.0,2024-07-17 20:22:15.403,16:26:00,28.0,Poor,2.0,Completed
658.0,15.0,Gbenga Adesina,86.0,2024-11-10 20:22:15.403,15:09:00,13.0,Good,4.0,Completed
659.0,19.0,Felix Odion,87.0,2024-11-09 20:22:15.403,15:16:00,15.0,Good,4.0,Completed
660.0,19.0,Felix Odion,87.0,2024-08-14 20:22:15.403,10:55:00,15.0,Very Poor,1.0,Completed
661.0,19.0,Felix Odion,87.0,2024-09-21 20:22:15.403,10:09:00,29.0,Very Poor,1.0,Completed
662.0,19.0,Felix Odion,87.0,2024-03-18 20:22:15.403,14:36:00,20.0,Good,4.0,Completed
663.0,19.0,Felix Odion,87.0,2024-04-22 20:22:15.403,17:41:00,23.0,Excellent,5.0,Completed
664.0,19.0,Felix Odion,87.0,2025-01-06 20:22:15.403,08:29:00,6.0,Good,4.0,Completed
665.0,19.0,Felix Odion,87.0,2024-12-02 20:22:15.403,14:04:00,13.0,Good,4.0,Completed
666.0,19.0,Felix Odion,87.0,2024-05-28 20:22:15.403,10:35:00,26.0,Average,3.0,Completed
667.0,19.0,Felix Odion,87.0,2025-02-13 20:22:15.403,17:09:00,13.0,Excellent,5.0,Completed
668.0,20.0,Adewale Ogunleye,88.0,2024-07-31 20:22:15.403,08:45:00,23.0,Good,4.0,Completed
669.0,20.0,Adewale Ogunleye,88.0,2024-11-09 20:22:15.403,12:29:00,18.0,Very Poor,1.0,Completed
670.0,20.0,Adewale Ogunleye,88.0,2024-10-16 20:22:15.403,15:27:00,12.0,Excellent,5.0,Completed
671.0,20.0,Adewale Ogunleye,88.0,2024-06-08 20:22:15.403,10:52:00,28.0,Very Poor,1.0,Completed
672.0,20.0,Adewale Ogunleye,88.0,2025-02-25 20:22:15.403,11:08:00,6.0,Good,4.0,Completed
673.0,20.0,Adewale Ogunleye,88.0,2024-09-29 20:22:15.403,14:05:00,2.0,Average,3.0,Completed
674.0,13.0,Bola Akinwunmi,89.0,2024-03-13 20:22:15.403,16:20:00,29.0,Poor,2.0,Completed
675.0,13.0,Bola Akinwunmi,89.0,2024-04-25 20:22:15.403,08:43:00,8.0,Average,3.0,Completed
676.0,13.0,Bola Akinwunmi,89.0,2024-05-28 20:22:15.403,14:27:00,10.0,Very Poor,1.0,Completed
677.0,13.0,Bola Akinwunmi,89.0,2024-06-15 20:22:15.403,16:37:00,3.0,Excellent,5.0,Completed
678.0,13.0,Bola Akinwunmi,89.0,2024-10-26 20:22:15.403,18:13:00,23.0,Average,3.0,Completed
679.0,13.0,Bola Akinwunmi,89.0,2024-08-24 20:22:15.403,10:22:00,11.0,Good,4.0,Completed
680.0,10.0,Chinedu Opara,90.0,2025-02-27 20:22:15.403,09:09:00,13.0,Good,4.0,Completed
681.0,10.0,Chinedu Opara,90.0,2024-12-21 20:22:15.403,16:19:00,25.0,Good,4.0,Completed
682.0,10.0,Chinedu Opara,90.0,2024-04-26 20:22:15.403,17:31:00,8.0,Good,4.0,Completed
683.0,10.0,Chinedu Opara,90.0,2024-08-29 20:22:15.403,19:29:00,23.0,Excellent,5.0,Completed
684.0,10.0,Chinedu Opara,90.0,2024-10-22 20:22:15.403,16:32:00,19.0,Average,3.0,Completed
685.0,18.0,Amaka Obi,91.0,2024-07-18 20:22:15.403,08:08:00,19.0,Excellent,5.0,Completed
686.0,18.0,Amaka Obi,91.0,2024-10-02 20:22:15.403,08:04:00,8.0,Excellent,5.0,Completed
687.0,18.0,Amaka Obi,91.0,2024-06-17 20:22:15.403,10:37:00,17.0,Poor,2.0,Completed
688.0,18.0,Amaka Obi,91.0,2024-07-22 20:22:15.403,18:48:00,8.0,Excellent,5.0,Completed
689.0,18.0,Amaka Obi,91.0,2024-11-04 20:22:15.403,11:45:00,6.0,Average,3.0,Completed
690.0,18.0,Amaka Obi,91.0,2024-09-12 20:22:15.403,09:26:00,18.0,Very Poor,1.0,Completed
691.0,18.0,Amaka Obi,91.0,2024-10-24 20:22:15.403,14:21:00,25.0,Poor,2.0,Completed
692.0,18.0,Amaka Obi,91.0,2024-04-14 20:22:15.403,13:23:00,26.0,Very Poor,1.0,Completed
693.0,18.0,Amaka Obi,91.0,2025-02-25 20:22:15.403,11:48:00,28.0,Average,3.0,Completed
694.0,18.0,Amaka Obi,91.0,2024-08-24 20:22:15.403,11:16:00,12.0,Poor,2.0,Completed
695.0,15.0,Gbenga Adesina,92.0,2024-08-12 20:22:15.403,09:27:00,13.0,Good,4.0,Completed
696.0,15.0,Gbenga Adesina,92.0,2024-11-19 20:22:15.403,11:28:00,6.0,Average,3.0,Completed
697.0,15.0,Gbenga Adesina,92.0,2024-05-19 20:22:15.403,18:21:00,26.0,Average,3.0,Completed
698.0,15.0,Gbenga Adesina,92.0,2024-10-16 20:22:15.403,19:22:00,21.0,Very Poor,1.0,Completed
699.0,15.0,Gbenga Adesina,92.0,2024-11-17 20:22:15.403,18:37:00,9.0,Good,4.0,Completed
700.0,15.0,Gbenga Adesina,92.0,2025-02-09 20:22:15.403,12:52:00,14.0,Very Poor,1.0,Completed
701.0,8.0,Ngozi Okonkwo,93.0,2024-12-20 20:22:15.403,18:39:00,1.0,Good,4.0,Completed
702.0,8.0,Ngozi Okonkwo,93.0,2024-08-21 20:22:15.403,12:36:00,13.0,Good,4.0,Completed
703.0,8.0,Ngozi Okonkwo,93.0,2024-10-03 20:22:15.403,17:00:00,10.0,Very Poor,1.0,Completed
704.0,8.0,Ngozi Okonkwo,93.0,2025-03-02 20:22:15.403,10:11:00,20.0,Very Poor,1.0,Completed
705.0,8.0,Ngozi Okonkwo,93.0,2024-09-26 20:22:15.403,10:52:00,13.0,Poor,2.0,Completed
706.0,8.0,Ngozi Okonkwo,93.0,2025-03-03 20:22:15.403,14:36:00,26.0,Average,3.0,Completed
707.0,8.0,Ngozi Okonkwo,93.0,2024-11-13 20:22:15.403,15:38:00,14.0,Poor,2.0,Completed
708.0,8.0,Ngozi Okonkwo,93.0,2024-09-14 20:22:15.403,18:42:00,27.0,Poor,2.0,Completed
709.0,8.0,Ngozi Okonkwo,93.0,2025-01-13 20:22:15.403,15:17:00,23.0,Very Poor,1.0,Completed
710.0,9.0,Ibrahim Danjuma,94.0,2024-05-14 20:22:15.403,16:50:00,15.0,Excellent,5.0,Completed
711.0,9.0,Ibrahim Danjuma,94.0,2025-01-30 20:22:15.403,18:26:00,2.0,Poor,2.0,Completed
712.0,9.0,Ibrahim Danjuma,94.0,2024-10-18 20:22:15.403,14:05:00,18.0,Excellent,5.0,Completed
713.0,9.0,Ibrahim Danjuma,94.0,2025-02-15 20:22:15.403,10:33:00,6.0,Excellent,5.0,Completed
714.0,9.0,Ibrahim Danjuma,94.0,2024-12-06 20:22:15.403,19:39:00,21.0,Excellent,5.0,Completed
715.0,9.0,Ibrahim Danjuma,94.0,2024-07-18 20:22:15.403,10:05:00,17.0,Very Poor,1.0,Completed
716.0,9.0,Ibrahim Danjuma,94.0,2024-07-08 20:22:15.403,14:00:00,15.0,Poor,2.0,Completed
717.0,9.0,Ibrahim Danjuma,94.0,2024-10-05 20:22:15.403,17:50:00,6.0,Poor,2.0,Completed
718.0,9.0,Ibrahim Danjuma,94.0,2025-01-08 20:22:15.403,11:12:00,17.0,Good,4.0,Completed
719.0,7.0,Segun Oladipo,95.0,2024-06-18 20:22:15.403,10:44:00,16.0,Poor,2.0,Completed
720.0,7.0,Segun Oladipo,95.0,2025-03-04 20:22:15.403,13:59:00,25.0,Good,4.0,Completed
721.0,7.0,Segun Oladipo,95.0,2024-05-31 20:22:15.403,19:52:00,10.0,Average,3.0,Completed
722.0,7.0,Segun Oladipo,95.0,2024-05-10 20:22:15.403,14:28:00,7.0,Very Poor,1.0,Completed
723.0,7.0,Segun Oladipo,95.0,2024-12-24 20:22:15.403,14:54:00,26.0,Poor,2.0,Completed
724.0,7.0,Segun Oladipo,95.0,2024-12-01 20:22:15.403,10:00:00,6.0,Average,3.0,Completed
725.0,7.0,Segun Oladipo,95.0,2024-11-26 20:22:15.403,08:43:00,3.0,Good,4.0,Completed
726.0,7.0,Segun Oladipo,95.0,2024-09-26 20:22:15.403,15:39:00,7.0,Excellent,5.0,Completed
727.0,7.0,Segun Oladipo,95.0,2024-06-19 20:22:15.403,08:24:00,9.0,Average,3.0,Completed
728.0,7.0,Segun Oladipo,95.0,2024-12-02 20:22:15.403,13:15:00,29.0,Good,4.0,Completed
729.0,20.0,Adewale Ogunleye,96.0,2024-05-04 20:22:15.403,17:42:00,26.0,Good,4.0,Completed
730.0,20.0,Adewale Ogunleye,96.0,2024-09-25 20:22:15.403,09:18:00,11.0,Poor,2.0,Completed
731.0,20.0,Adewale Ogunleye,96.0,2024-04-21 20:22:15.403,13:50:00,19.0,Very Poor,1.0,Completed
732.0,20.0,Adewale Ogunleye,96.0,2024-11-01 20:22:15.403,14:48:00,2.0,Excellent,5.0,Completed
733.0,20.0,Adewale Ogunleye,96.0,2025-01-18 20:22:15.403,10:46:00,6.0,Good,4.0,Completed
734.0,20.0,Adewale Ogunleye,96.0,2024-05-19 20:22:15.403,12:00:00,6.0,Average,3.0,Completed
735.0,6.0,Funke Adeyemi,97.0,2024-12-19 20:22:15.403,08:31:00,6.0,Poor,2.0,Completed
736.0,6.0,Funke Adeyemi,97.0,2025-01-04 20:22:15.403,18:27:00,2.0,Poor,2.0,Completed
737.0,6.0,Funke Adeyemi,97.0,2024-06-02 20:22:15.403,15:37:00,9.0,Average,3.0,Completed
738.0,6.0,Funke Adeyemi,97.0,2025-01-17 20:22:15.403,10:54:00,6.0,Excellent,5.0,Completed
739.0,6.0,Funke Adeyemi,97.0,2025-02-19 20:22:15.403,16:42:00,28.0,Very Poor,1.0,Completed
740.0,11.0,Kemi Adebanjo,98.0,2024-07-11 20:22:15.403,10:18:00,14.0,Good,4.0,Completed
741.0,11.0,Kemi Adebanjo,98.0,2025-02-03 20:22:15.403,10:22:00,5.0,Poor,2.0,Completed
742.0,11.0,Kemi Adebanjo,98.0,2024-09-21 20:22:15.403,19:09:00,3.0,Very Poor,1.0,Completed
743.0,11.0,Kemi Adebanjo,98.0,2024-10-22 20:22:15.403,08:48:00,13.0,Average,3.0,Completed
744.0,11.0,Kemi Adebanjo,98.0,2024-08-31 20:22:15.403,13:08:00,13.0,Excellent,5.0,Completed
745.0,11.0,Kemi Adebanjo,98.0,2024-06-06 20:22:15.403,11:17:00,1.0,Excellent,5.0,Completed
746.0,11.0,Kemi Adebanjo,98.0,2024-12-20 20:22:15.403,13:32:00,3.0,Excellent,5.0,Completed
747.0,11.0,Kemi Adebanjo,98.0,2025-02-12 20:22:15.403,18:33:00,19.0,Poor,2.0,Completed
748.0,10.0,Chinedu Opara,99.0,2024-11-19 20:22:15.403,09:14:00,16.0,Poor,2.0,Completed
749.0,10.0,Chinedu Opara,99.0,2024-11-30 20:22:15.403,09:14:00,16.0,Good,4.0,Completed
750.0,10.0,Chinedu Opara,99.0,2024-09-08 20:22:15.403,10:05:00,9.0,Poor,2.0,Completed
751.0,10.0,Chinedu Opara,99.0,2024-09-16 20:22:15.403,11:21:00,13.0,Poor,2.0,Completed
752.0,10.0,Chinedu Opara,99.0,2024-06-02 20:22:15.403,08:12:00,19.0,Very Poor,1.0,Completed
753.0,10.0,Chinedu Opara,99.0,2024-10-20 20:22:15.403,12:41:00,1.0,Excellent,5.0,Completed
754.0,10.0,Chinedu Opara,99.0,2024-03-23 20:22:15.403,15:51:00,26.0,Excellent,5.0,Completed
755.0,10.0,Chinedu Opara,99.0,2024-07-17 20:22:15.403,17:00:00,20.0,Average,3.0,Completed
756.0,10.0,Chinedu Opara,99.0,2024-11-29 20:22:15.403,10:18:00,14.0,Excellent,5.0,Completed
757.0,10.0,Chinedu Opara,99.0,2024-12-31 20:22:15.403,16:02:00,16.0,Excellent,5.0,Completed
758.0,2.0,Chioma Nwosu,100.0,2024-04-18 20:22:15.403,08:11:00,17.0,Good,4.0,Completed
759.0,2.0,Chioma Nwosu,100.0,2024-05-27 20:22:15.403,09:46:00,20.0,Poor,2.0,Completed
760.0,2.0,Chioma Nwosu,100.0,2024-09-30 20:22:15.403,12:24:00,10.0,Average,3.0,Completed
761.0,2.0,Chioma Nwosu,100.0,2025-01-11 20:22:15.403,17:55:00,18.0,Very Poor,1.0,Completed
762.0,2.0,Chioma Nwosu,100.0,2025-01-11 20:22:15.403,19:42:00,17.0,Very Poor,1.0,Completed
763.0,2.0,Chioma Nwosu,100.0,2024-04-06 20:22:15.403,16:42:00,21.0,Excellent,5.0,Completed
764.0,2.0,Chioma Nwosu,100.0,2024-06-28 20:22:15.403,12:53:00,5.0,Very Poor,1.0,Completed
765.0,2.0,Chioma Nwosu,100.0,2024-04-22 20:22:15.403,16:39:00,7.0,Good,4.0,Completed
766.0,19.0,Felix Odion,101.0,2025-02-09 20:22:15.403,18:31:00,12.0,Poor,2.0,Completed
767.0,19.0,Felix Odion,101.0,2024-11-12 20:22:15.403,16:55:00,11.0,Excellent,5.0,Completed
768.0,19.0,Felix Odion,101.0,2024-10-05 20:22:15.403,11:52:00,20.0,Average,3.0,Completed
769.0,19.0,Felix Odion,101.0,2024-03-17 20:22:15.403,12:21:00,27.0,Very Poor,1.0,Completed
770.0,19.0,Felix Odion,101.0,2024-08-09 20:22:15.403,15:26:00,25.0,Excellent,5.0,Completed
771.0,19.0,Felix Odion,101.0,2024-05-31 20:22:15.403,15:42:00,13.0,Good,4.0,Completed
772.0,19.0,Felix Odion,101.0,2024-09-13 20:22:15.403,17:03:00,5.0,Excellent,5.0,Completed
773.0,19.0,Felix Odion,101.0,2024-07-15 20:22:15.403,12:27:00,22.0,Very Poor,1.0,Completed
774.0,19.0,Felix Odion,101.0,2024-05-23 20:22:15.403,08:09:00,16.0,Average,3.0,Completed
775.0,19.0,Felix Odion,101.0,2024-04-29 20:22:15.403,09:07:00,9.0,Average,3.0,Completed
776.0,2.0,Chioma Nwosu,102.0,2024-03-21 20:22:15.403,18:07:00,12.0,Very Poor,1.0,Completed
777.0,2.0,Chioma Nwosu,102.0,2024-08-19 20:22:15.403,19:13:00,24.0,Excellent,5.0,Completed
778.0,2.0,Chioma Nwosu,102.0,2024-11-25 20:22:15.403,09:36:00,5.0,Average,3.0,Completed
779.0,2.0,Chioma Nwosu,102.0,2024-06-19 20:22:15.403,14:37:00,11.0,Poor,2.0,Completed
780.0,2.0,Chioma Nwosu,102.0,2024-09-06 20:22:15.403,14:08:00,11.0,Very Poor,1.0,Completed
781.0,20.0,Adewale Ogunleye,103.0,2024-04-14 20:22:15.403,11:25:00,28.0,Average,3.0,Completed
782.0,20.0,Adewale Ogunleye,103.0,2024-08-29 20:22:15.403,18:57:00,20.0,Good,4.0,Completed
783.0,20.0,Adewale Ogunleye,103.0,2024-05-06 20:22:15.403,12:41:00,9.0,Very Poor,1.0,Completed
784.0,20.0,Adewale Ogunleye,103.0,2024-10-28 20:22:15.403,12:57:00,20.0,Excellent,5.0,Completed
785.0,20.0,Adewale Ogunleye,103.0,2025-03-06 20:22:15.403,10:29:00,24.0,Excellent,5.0,Completed
786.0,20.0,Adewale Ogunleye,103.0,2024-06-04 20:22:15.403,09:16:00,25.0,Average,3.0,Completed
787.0,10.0,Chinedu Opara,104.0,2024-03-28 20:22:15.403,16:16:00,10.0,Excellent,5.0,Completed
788.0,10.0,Chinedu Opara,104.0,2024-07-08 20:22:15.403,09:53:00,29.0,Poor,2.0,Completed
789.0,10.0,Chinedu Opara,104.0,2024-11-08 20:22:15.403,15:11:00,1.0,Average,3.0,Completed
790.0,10.0,Chinedu Opara,104.0,2024-10-03 20:22:15.403,16:21:00,11.0,Poor,2.0,Completed
791.0,10.0,Chinedu Opara,104.0,2024-07-01 20:22:15.403,18:20:00,28.0,Good,4.0,Completed
792.0,10.0,Chinedu Opara,104.0,2024-04-08 20:22:15.403,11:18:00,12.0,Excellent,5.0,Completed
793.0,10.0,Chinedu Opara,104.0,2024-08-11 20:22:15.403,13:11:00,8.0,Excellent,5.0,Completed
794.0,10.0,Chinedu Opara,104.0,2024-07-18 20:22:15.403,08:26:00,13.0,Excellent,5.0,Completed
795.0,1.0,Emeka Okafor,105.0,2024-05-14 20:22:15.403,17:19:00,23.0,Average,3.0,Completed
796.0,1.0,Emeka Okafor,105.0,2024-07-07 20:22:15.403,09:28:00,14.0,Average,3.0,Completed
797.0,1.0,Emeka Okafor,105.0,2024-04-02 20:22:15.403,18:27:00,7.0,Average,3.0,Completed
798.0,1.0,Emeka Okafor,105.0,2024-11-02 20:22:15.403,16:50:00,14.0,Poor,2.0,Completed
799.0,1.0,Emeka Okafor,105.0,2024-08-02 20:22:15.403,17:39:00,22.0,Average,3.0,Completed
800.0,4.0,Aisha Mohammed,106.0,2024-10-24 20:22:15.403,09:09:00,25.0,Good,4.0,Completed
801.0,4.0,Aisha Mohammed,106.0,2025-02-24 20:22:15.403,08:57:00,21.0,Good,4.0,Completed
802.0,4.0,Aisha Mohammed,106.0,2024-05-17 20:22:15.403,12:48:00,1.0,Very Poor,1.0,Completed
803.0,4.0,Aisha Mohammed,106.0,2025-02-10 20:22:15.403,12:56:00,15.0,Average,3.0,Completed
804.0,4.0,Aisha Mohammed,106.0,2024-06-02 20:22:15.403,12:59:00,27.0,Average,3.0,Completed
805.0,4.0,Aisha Mohammed,106.0,2025-02-26 20:22:15.403,09:31:00,29.0,Excellent,5.0,Completed
806.0,4.0,Aisha Mohammed,106.0,2024-03-11 20:22:15.403,17:51:00,28.0,Good,4.0,Completed
807.0,17.0,Rasheed Lawal,107.0,2024-12-23 20:22:15.403,19:50:00,25.0,Excellent,5.0,Completed
808.0,17.0,Rasheed Lawal,107.0,2024-03-15 20:22:15.403,10:26:00,10.0,Average,3.0,Completed
809.0,17.0,Rasheed Lawal,107.0,2024-08-15 20:22:15.403,15:03:00,6.0,Poor,2.0,Completed
810.0,17.0,Rasheed Lawal,107.0,2024-12-11 20:22:15.403,13:28:00,11.0,Excellent,5.0,Completed
811.0,17.0,Rasheed Lawal,107.0,2025-01-20 20:22:15.403,19:05:00,25.0,Very Poor,1.0,Completed
812.0,17.0,Rasheed Lawal,107.0,2024-12-27 20:22:15.403,19:52:00,29.0,Average,3.0,Completed
813.0,17.0,Rasheed Lawal,107.0,2025-01-02 20:22:15.403,11:32:00,17.0,Very Poor,1.0,Completed
814.0,12.0,Yakubu Bello,108.0,2024-03-20 20:22:15.403,17:15:00,29.0,Average,3.0,Completed
815.0,12.0,Yakubu Bello,108.0,2024-12-25 20:22:15.403,16:57:00,16.0,Poor,2.0,Completed
816.0,12.0,Yakubu Bello,108.0,2024-12-29 20:22:15.403,10:25:00,11.0,Excellent,5.0,Completed
817.0,12.0,Yakubu Bello,108.0,2024-09-14 20:22:15.403,16:23:00,20.0,Poor,2.0,Completed
818.0,12.0,Yakubu Bello,108.0,2024-07-22 20:22:15.403,10:45:00,14.0,Good,4.0,Completed
819.0,12.0,Yakubu Bello,108.0,2024-09-25 20:22:15.403,17:46:00,27.0,Good,4.0,Completed
820.0,12.0,Yakubu Bello,108.0,2024-09-11 20:22:15.403,13:56:00,29.0,Poor,2.0,Completed
821.0,12.0,Yakubu Bello,108.0,2024-04-19 20:22:15.403,19:07:00,29.0,Excellent,5.0,Completed
822.0,12.0,Yakubu Bello,108.0,2024-03-18 20:22:15.403,11:45:00,1.0,Average,3.0,Completed
823.0,12.0,Yakubu Bello,108.0,2024-08-24 20:22:15.403,13:41:00,26.0,Average,3.0,Completed
824.0,3.0,Tunde Balogun,109.0,2025-01-21 20:22:15.403,16:06:00,1.0,Excellent,5.0,Completed
825.0,3.0,Tunde Balogun,109.0,2024-09-08 20:22:15.403,11:28:00,5.0,Poor,2.0,Completed
826.0,3.0,Tunde Balogun,109.0,2024-05-28 20:22:15.403,17:36:00,1.0,Good,4.0,Completed
827.0,3.0,Tunde Balogun,109.0,2024-03-23 20:22:15.403,09:22:00,2.0,Good,4.0,Completed
828.0,3.0,Tunde Balogun,109.0,2024-09-07 20:22:15.403,15:08:00,14.0,Excellent,5.0,Completed
829.0,3.0,Tunde Balogun,109.0,2025-02-20 20:22:15.403,11:09:00,23.0,Average,3.0,Completed
830.0,3.0,Tunde Balogun,109.0,2025-02-14 20:22:15.403,18:09:00,7.0,Average,3.0,Completed
831.0,3.0,Tunde Balogun,109.0,2025-01-11 20:22:15.403,19:52:00,25.0,Excellent,5.0,Completed
832.0,3.0,Tunde Balogun,109.0,2025-02-11 20:22:15.403,10:08:00,15.0,Average,3.0,Completed
833.0,6.0,Funke Adeyemi,110.0,2024-11-11 20:22:15.403,15:40:00,7.0,Excellent,5.0,Completed
834.0,6.0,Funke Adeyemi,110.0,2024-04-23 20:22:15.403,14:57:00,5.0,Very Poor,1.0,Completed
835.0,6.0,Funke Adeyemi,110.0,2024-03-17 20:22:15.403,14:41:00,27.0,Very Poor,1.0,Completed
836.0,6.0,Funke Adeyemi,110.0,2024-07-30 20:22:15.403,14:51:00,18.0,Good,4.0,Completed
837.0,6.0,Funke Adeyemi,110.0,2024-11-20 20:22:15.403,11:45:00,13.0,Excellent,5.0,Completed
838.0,6.0,Funke Adeyemi,110.0,2025-02-22 20:22:15.403,15:51:00,8.0,Average,3.0,Completed
839.0,6.0,Funke Adeyemi,110.0,2024-07-18 20:22:15.403,13:02:00,15.0,Average,3.0,Completed
840.0,3.0,Tunde Balogun,111.0,2025-01-23 20:22:15.403,18:18:00,17.0,Good,4.0,Completed
841.0,3.0,Tunde Balogun,111.0,2025-01-14 20:22:15.403,19:57:00,21.0,Average,3.0,Completed
842.0,3.0,Tunde Balogun,111.0,2024-03-17 20:22:15.403,16:36:00,22.0,Average,3.0,Completed
843.0,3.0,Tunde Balogun,111.0,2024-08-03 20:22:15.403,10:02:00,3.0,Excellent,5.0,Completed
844.0,3.0,Tunde Balogun,111.0,2024-09-23 20:22:15.403,09:41:00,2.0,Very Poor,1.0,Completed
845.0,8.0,Ngozi Okonkwo,112.0,2024-08-08 20:22:15.403,11:14:00,16.0,Good,4.0,Completed
846.0,8.0,Ngozi Okonkwo,112.0,2024-05-17 20:22:15.403,10:54:00,6.0,Average,3.0,Completed
847.0,8.0,Ngozi Okonkwo,112.0,2024-06-14 20:22:15.403,17:40:00,14.0,Good,4.0,Completed
848.0,8.0,Ngozi Okonkwo,112.0,2024-11-29 20:22:15.403,14:59:00,7.0,Excellent,5.0,Completed
849.0,8.0,Ngozi Okonkwo,112.0,2024-08-20 20:22:15.403,15:54:00,23.0,Average,3.0,Completed
850.0,8.0,Ngozi Okonkwo,112.0,2025-02-13 20:22:15.403,15:42:00,21.0,Average,3.0,Completed
851.0,8.0,Ngozi Okonkwo,112.0,2024-09-10 20:22:15.403,09:25:00,9.0,Excellent,5.0,Completed
852.0,8.0,Ngozi Okonkwo,112.0,2024-12-03 20:22:15.403,10:11:00,28.0,Poor,2.0,Completed
853.0,14.0,Zainab Suleiman,113.0,2024-12-07 20:22:15.403,13:54:00,6.0,Poor,2.0,Completed
854.0,14.0,Zainab Suleiman,113.0,2024-09-10 20:22:15.403,17:08:00,21.0,Good,4.0,Completed
855.0,14.0,Zainab Suleiman,113.0,2024-07-23 20:22:15.403,10:23:00,19.0,Very Poor,1.0,Completed
856.0,14.0,Zainab Suleiman,113.0,2024-09-30 20:22:15.403,16:03:00,13.0,Average,3.0,Completed
857.0,14.0,Zainab Suleiman,113.0,2025-02-14 20:22:15.403,09:55:00,2.0,Excellent,5.0,Completed
858.0,9.0,Ibrahim Danjuma,114.0,2024-08-21 20:22:15.403,14:20:00,28.0,Very Poor,1.0,Completed
859.0,9.0,Ibrahim Danjuma,114.0,2025-01-10 20:22:15.403,13:00:00,21.0,Average,3.0,Completed
860.0,9.0,Ibrahim Danjuma,114.0,2024-10-18 20:22:15.403,14:46:00,11.0,Excellent,5.0,Completed
861.0,9.0,Ibrahim Danjuma,114.0,2025-03-05 20:22:15.403,18:33:00,5.0,Poor,2.0,Completed
862.0,9.0,Ibrahim Danjuma,114.0,2024-11-28 20:22:15.403,17:36:00,11.0,Poor,2.0,Completed
863.0,9.0,Ibrahim Danjuma,114.0,2025-01-24 20:22:15.403,19:59:00,4.0,Excellent,5.0,Completed
864.0,9.0,Ibrahim Danjuma,114.0,2024-11-27 20:22:15.403,09:22:00,3.0,Poor,2.0,Completed
865.0,9.0,Ibrahim Danjuma,114.0,2024-06-30 20:22:15.403,15:53:00,11.0,Excellent,5.0,Completed
866.0,9.0,Ibrahim Danjuma,114.0,2024-10-06 20:22:15.403,09:07:00,14.0,Poor,2.0,Completed
867.0,9.0,Ibrahim Danjuma,114.0,2024-03-22 20:22:15.403,19:04:00,19.0,Good,4.0,Completed
868.0,6.0,Funke Adeyemi,115.0,2024-07-15 20:22:15.403,08:11:00,18.0,Average,3.0,Completed
869.0,6.0,Funke Adeyemi,115.0,2024-04-17 20:22:15.403,17:29:00,1.0,Excellent,5.0,Completed
870.0,6.0,Funke Adeyemi,115.0,2024-10-07 20:22:15.403,18:59:00,16.0,Good,4.0,Completed
871.0,6.0,Funke Adeyemi,115.0,2024-06-17 20:22:15.403,17:55:00,26.0,Average,3.0,Completed
872.0,6.0,Funke Adeyemi,115.0,2024-06-19 20:22:15.403,10:10:00,25.0,Poor,2.0,Completed
873.0,6.0,Funke Adeyemi,115.0,2024-10-27 20:22:15.403,19:55:00,22.0,Good,4.0,Completed
874.0,6.0,Funke Adeyemi,115.0,2024-06-27 20:22:15.403,19:14:00,22.0,Excellent,5.0,Completed
875.0,6.0,Funke Adeyemi,115.0,2024-03-12 20:22:15.403,18:02:00,8.0,Good,4.0,Completed
876.0,16.0,Chika Umeh,116.0,2024-04-20 20:22:15.403,16:04:00,24.0,Excellent,5.0,Completed
877.0,16.0,Chika Umeh,116.0,2024-09-02 20:22:15.403,18:50:00,25.0,Good,4.0,Completed
878.0,16.0,Chika Umeh,116.0,2024-05-25 20:22:15.403,11:55:00,15.0,Poor,2.0,Completed
879.0,16.0,Chika Umeh,116.0,2024-04-21 20:22:15.403,17:09:00,27.0,Average,3.0,Completed
880.0,16.0,Chika Umeh,116.0,2024-06-15 20:22:15.403,09:59:00,21.0,Very Poor,1.0,Completed
881.0,16.0,Chika Umeh,116.0,2025-01-18 20:22:15.403,18:39:00,14.0,Poor,2.0,Completed
882.0,16.0,Chika Umeh,116.0,2024-10-09 20:22:15.403,12:47:00,23.0,Good,4.0,Completed
883.0,16.0,Chika Umeh,116.0,2024-11-17 20:22:15.403,12:17:00,11.0,Poor,2.0,Completed
884.0,20.0,Adewale Ogunleye,117.0,2024-06-26 20:22:15.403,10:17:00,12.0,Average,3.0,Completed
885.0,20.0,Adewale Ogunleye,117.0,2024-07-14 20:22:15.403,12:39:00,10.0,Average,3.0,Completed
886.0,20.0,Adewale Ogunleye,117.0,2025-02-05 20:22:15.403,17:35:00,25.0,Average,3.0,Completed
887.0,20.0,Adewale Ogunleye,117.0,2024-07-02 20:22:15.403,10:34:00,10.0,Excellent,5.0,Completed
888.0,20.0,Adewale Ogunleye,117.0,2024-03-15 20:22:15.403,12:06:00,20.0,Good,4.0,Completed
889.0,20.0,Adewale Ogunleye,117.0,2024-10-20 20:22:15.403,19:03:00,19.0,Poor,2.0,Completed
890.0,20.0,Adewale Ogunleye,117.0,2024-09-15 20:22:15.403,17:45:00,8.0,Good,4.0,Completed
891.0,20.0,Adewale Ogunleye,117.0,2024-11-27 20:22:15.403,18:24:00,22.0,Very Poor,1.0,Completed
892.0,20.0,Adewale Ogunleye,117.0,2024-11-08 20:22:15.403,17:42:00,3.0,Poor,2.0,Completed
893.0,6.0,Funke Adeyemi,118.0,2024-08-30 20:22:15.403,16:00:00,16.0,Very Poor,1.0,Completed
894.0,6.0,Funke Adeyemi,118.0,2024-11-26 20:22:15.403,18:08:00,13.0,Very Poor,1.0,Completed
895.0,6.0,Funke Adeyemi,118.0,2024-04-05 20:22:15.403,13:16:00,29.0,Average,3.0,Completed
896.0,6.0,Funke Adeyemi,118.0,2024-11-11 20:22:15.403,17:36:00,4.0,Good,4.0,Completed
897.0,6.0,Funke Adeyemi,118.0,2024-09-19 20:22:15.403,13:54:00,17.0,Average,3.0,Completed
898.0,6.0,Funke Adeyemi,118.0,2024-07-07 20:22:15.403,15:39:00,6.0,Very Poor,1.0,Completed
899.0,6.0,Funke Adeyemi,118.0,2024-11-05 20:22:15.403,10:13:00,2.0,Average,3.0,Completed
900.0,6.0,Funke Adeyemi,118.0,2024-07-26 20:22:15.403,12:20:00,17.0,Average,3.0,Completed
901.0,18.0,Amaka Obi,119.0,2024-03-20 20:22:15.403,19:06:00,12.0,Good,4.0,Completed
902.0,18.0,Amaka Obi,119.0,2024-05-07 20:22:15.403,16:55:00,28.0,Poor,2.0,Completed
903.0,18.0,Amaka Obi,119.0,2025-01-03 20:22:15.403,10:42:00,4.0,Poor,2.0,Completed
904.0,18.0,Amaka Obi,119.0,2024-05-20 20:22:15.403,16:06:00,22.0,Poor,2.0,Completed
905.0,18.0,Amaka Obi,119.0,2024-08-30 20:22:15.403,19:13:00,14.0,Average,3.0,Completed
906.0,18.0,Amaka Obi,119.0,2024-12-14 20:22:15.403,17:41:00,26.0,Poor,2.0,Completed
907.0,18.0,Amaka Obi,119.0,2024-07-09 20:22:15.403,17:59:00,11.0,Average,3.0,Completed
908.0,18.0,Amaka Obi,119.0,2024-07-10 20:22:15.403,16:13:00,1.0,Excellent,5.0,Completed
909.0,9.0,Ibrahim Danjuma,120.0,2024-12-12 20:22:15.403,15:36:00,11.0,Average,3.0,Completed
910.0,9.0,Ibrahim Danjuma,120.0,2024-04-26 20:22:15.403,11:05:00,5.0,Good,4.0,Completed
911.0,9.0,Ibrahim Danjuma,120.0,2024-08-31 20:22:15.403,10:40:00,17.0,Good,4.0,Completed
912.0,9.0,Ibrahim Danjuma,120.0,2024-10-31 20:22:15.403,19:09:00,24.0,Poor,2.0,Completed
913.0,9.0,Ibrahim Danjuma,120.0,2024-05-14 20:22:15.403,17:23:00,4.0,Very Poor,1.0,Completed
914.0,9.0,Ibrahim Danjuma,120.0,2024-08-16 20:22:15.403,17:45:00,8.0,Poor,2.0,Completed
915.0,9.0,Ibrahim Danjuma,120.0,2024-04-25 20:22:15.403,11:32:00,2.0,Poor,2.0,Completed
916.0,9.0,Ibrahim Danjuma,120.0,2025-01-19 20:22:15.403,09:42:00,29.0,Poor,2.0,Completed
917.0,9.0,Ibrahim Danjuma,120.0,2024-04-28 20:22:15.403,19:20:00,26.0,Average,3.0,Completed
918.0,8.0,Ngozi Okonkwo,121.0,2024-06-12 20:22:15.403,15:59:00,6.0,Very Poor,1.0,Completed
919.0,8.0,Ngozi Okonkwo,121.0,2024-05-04 20:22:15.403,14:49:00,19.0,Good,4.0,Completed
920.0,8.0,Ngozi Okonkwo,121.0,2025-01-02 20:22:15.403,10:34:00,7.0,Average,3.0,Completed
921.0,8.0,Ngozi Okonkwo,121.0,2024-06-13 20:22:15.403,18:55:00,25.0,Poor,2.0,Completed
922.0,8.0,Ngozi Okonkwo,121.0,2024-10-05 20:22:15.403,13:48:00,26.0,Good,4.0,Completed
923.0,16.0,Chika Umeh,122.0,2024-05-04 20:22:15.403,13:44:00,21.0,Average,3.0,Completed
924.0,16.0,Chika Umeh,122.0,2024-08-28 20:22:15.403,15:12:00,10.0,Very Poor,1.0,Completed
925.0,16.0,Chika Umeh,122.0,2025-02-25 20:22:15.403,17:10:00,18.0,Very Poor,1.0,Completed
926.0,16.0,Chika Umeh,122.0,2024-05-27 20:22:15.403,14:33:00,20.0,Poor,2.0,Completed
927.0,16.0,Chika Umeh,122.0,2024-05-13 20:22:15.403,14:04:00,12.0,Excellent,5.0,Completed
928.0,3.0,Tunde Balogun,123.0,2024-10-17 20:22:15.403,15:52:00,20.0,Excellent,5.0,Completed
929.0,3.0,Tunde Balogun,123.0,2024-06-19 20:22:15.403,17:04:00,9.0,Excellent,5.0,Completed
930.0,3.0,Tunde Balogun,123.0,2024-08-21 20:22:15.403,15:53:00,25.0,Poor,2.0,Completed
931.0,3.0,Tunde Balogun,123.0,2024-11-25 20:22:15.403,15:40:00,5.0,Very Poor,1.0,Completed
932.0,3.0,Tunde Balogun,123.0,2024-07-16 20:22:15.403,16:31:00,17.0,Average,3.0,Completed
933.0,3.0,Tunde Balogun,123.0,2024-03-12 20:22:15.403,15:23:00,4.0,Average,3.0,Completed
934.0,3.0,Tunde Balogun,123.0,2024-05-06 20:22:15.403,13:47:00,3.0,Good,4.0,Completed
935.0,3.0,Tunde Balogun,123.0,2024-07-21 20:22:15.403,10:24:00,11.0,Excellent,5.0,Completed
936.0,3.0,Tunde Balogun,123.0,2024-12-31 20:22:15.403,09:15:00,6.0,Poor,2.0,Completed
937.0,3.0,Tunde Balogun,123.0,2024-09-01 20:22:15.403,08:43:00,17.0,Average,3.0,Completed
938.0,1.0,Emeka Okafor,124.0,2024-09-16 20:22:15.403,18:49:00,13.0,Very Poor,1.0,Completed
939.0,1.0,Emeka Okafor,124.0,2024-04-22 20:22:15.403,10:29:00,17.0,Good,4.0,Completed
940.0,1.0,Emeka Okafor,124.0,2024-12-19 20:22:15.403,14:35:00,20.0,Very Poor,1.0,Completed
941.0,1.0,Emeka Okafor,124.0,2024-08-07 20:22:15.403,19:03:00,28.0,Poor,2.0,Completed
942.0,1.0,Emeka Okafor,124.0,2024-10-02 20:22:15.403,10:50:00,2.0,Very Poor,1.0,Completed
943.0,1.0,Emeka Okafor,124.0,2024-07-14 20:22:15.403,18:21:00,27.0,Good,4.0,Completed
944.0,1.0,Emeka Okafor,124.0,2025-02-25 20:22:15.403,15:12:00,14.0,Very Poor,1.0,Completed
945.0,4.0,Aisha Mohammed,125.0,2025-02-21 20:22:15.403,13:03:00,16.0,Very Poor,1.0,Completed
946.0,4.0,Aisha Mohammed,125.0,2024-08-10 20:22:15.403,10:00:00,28.0,Poor,2.0,Completed
947.0,4.0,Aisha Mohammed,125.0,2024-12-09 20:22:15.403,16:54:00,23.0,Poor,2.0,Completed
948.0,4.0,Aisha Mohammed,125.0,2025-01-14 20:22:15.403,14:24:00,17.0,Very Poor,1.0,Completed
949.0,4.0,Aisha Mohammed,125.0,2024-09-26 20:22:15.403,15:48:00,14.0,Very Poor,1.0,Completed
950.0,4.0,Aisha Mohammed,125.0,2024-09-14 20:22:15.403,12:17:00,23.0,Very Poor,1.0,Completed
951.0,4.0,Aisha Mohammed,125.0,2024-10-17 20:22:15.403,09:29:00,22.0,Good,4.0,Completed
952.0,7.0,Segun Oladipo,126.0,2024-10-29 20:22:15.403,12:44:00,28.0,Very Poor,1.0,Completed
953.0,7.0,Segun Oladipo,126.0,2024-10-11 20:22:15.403,18:41:00,12.0,Very Poor,1.0,Completed
954.0,7.0,Segun Oladipo,126.0,2025-01-12 20:22:15.403,11:48:00,18.0,Average,3.0,Completed
955.0,7.0,Segun Oladipo,126.0,2024-08-12 20:22:15.403,13:25:00,12.0,Very Poor,1.0,Completed
956.0,7.0,Segun Oladipo,126.0,2024-05-19 20:22:15.403,08:50:00,15.0,Very Poor,1.0,Completed
957.0,7.0,Segun Oladipo,126.0,2024-08-26 20:22:15.403,15:18:00,2.0,Poor,2.0,Completed
958.0,15.0,Gbenga Adesina,127.0,2025-01-21 20:22:15.403,10:20:00,20.0,Good,4.0,Completed
959.0,15.0,Gbenga Adesina,127.0,2024-10-16 20:22:15.403,14:17:00,18.0,Excellent,5.0,Completed
960.0,15.0,Gbenga Adesina,127.0,2025-02-08 20:22:15.403,13:39:00,5.0,Average,3.0,Completed
961.0,15.0,Gbenga Adesina,127.0,2024-10-07 20:22:15.403,12:38:00,10.0,Good,4.0,Completed
962.0,15.0,Gbenga Adesina,127.0,2024-10-23 20:22:15.403,12:58:00,27.0,Poor,2.0,Completed
963.0,5.0,Obinna Eze,128.0,2024-04-14 20:22:15.403,19:35:00,8.0,Average,3.0,Completed
964.0,5.0,Obinna Eze,128.0,2024-09-13 20:22:15.403,18:46:00,7.0,Poor,2.0,Completed
965.0,5.0,Obinna Eze,128.0,2024-08-03 20:22:15.403,14:56:00,11.0,Very Poor,1.0,Completed
966.0,5.0,Obinna Eze,128.0,2024-05-03 20:22:15.403,15:48:00,12.0,Poor,2.0,Completed
967.0,5.0,Obinna Eze,128.0,2024-08-12 20:22:15.403,08:59:00,11.0,Poor,2.0,Completed
968.0,15.0,Gbenga Adesina,129.0,2025-01-27 20:22:15.403,09:47:00,22.0,Excellent,5.0,Completed
969.0,15.0,Gbenga Adesina,129.0,2024-12-22 20:22:15.403,11:34:00,9.0,Excellent,5.0,Completed
970.0,15.0,Gbenga Adesina,129.0,2024-05-30 20:22:15.403,17:40:00,18.0,Excellent,5.0,Completed
971.0,15.0,Gbenga Adesina,129.0,2024-05-03 20:22:15.403,12:23:00,21.0,Poor,2.0,Completed
972.0,15.0,Gbenga Adesina,129.0,2025-01-17 20:22:15.403,14:00:00,11.0,Very Poor,1.0,Completed
973.0,15.0,Gbenga Adesina,129.0,2024-11-09 20:22:15.403,19:31:00,23.0,Average,3.0,Completed
974.0,15.0,Gbenga Adesina,129.0,2024-09-30 20:22:15.403,18:15:00,21.0,Excellent,5.0,Completed
975.0,15.0,Gbenga Adesina,129.0,2024-03-21 20:22:15.403,10:19:00,22.0,Excellent,5.0,Completed
976.0,15.0,Gbenga Adesina,129.0,2024-12-08 20:22:15.403,10:38:00,27.0,Good,4.0,Completed
977.0,20.0,Adewale Ogunleye,130.0,2024-10-03 20:22:15.403,08:11:00,3.0,Poor,2.0,Completed
978.0,20.0,Adewale Ogunleye,130.0,2024-05-19 20:22:15.403,18:37:00,15.0,Average,3.0,Completed
979.0,20.0,Adewale Ogunleye,130.0,2024-04-29 20:22:15.403,17:40:00,18.0,Very Poor,1.0,Completed
980.0,20.0,Adewale Ogunleye,130.0,2024-06-11 20:22:15.403,09:41:00,23.0,Good,4.0,Completed
981.0,20.0,Adewale Ogunleye,130.0,2025-03-07 20:22:15.403,18:16:00,6.0,Average,3.0,Completed
982.0,20.0,Adewale Ogunleye,130.0,2024-05-31 20:22:15.403,19:08:00,14.0,Very Poor,1.0,Completed
983.0,20.0,Adewale Ogunleye,130.0,2024-06-12 20:22:15.403,16:30:00,20.0,Poor,2.0,Completed
984.0,20.0,Adewale Ogunleye,130.0,2025-02-22 20:22:15.403,15:35:00,20.0,Excellent,5.0,Completed
985.0,20.0,Adewale Ogunleye,130.0,2024-08-01 20:22:15.403,15:03:00,25.0,Good,4.0,Completed
986.0,20.0,Adewale Ogunleye,130.0,2024-10-25 20:22:15.403,14:24:00,17.0,Good,4.0,Completed
987.0,16.0,Chika Umeh,131.0,2024-07-20 20:22:15.403,10:00:00,24.0,Poor,2.0,Completed
988.0,16.0,Chika Umeh,131.0,2024-11-05 20:22:15.403,16:55:00,2.0,Good,4.0,Completed
989.0,16.0,Chika Umeh,131.0,2024-10-04 20:22:15.403,09:50:00,22.0,Excellent,5.0,Completed
990.0,16.0,Chika Umeh,131.0,2024-06-20 20:22:15.403,08:54:00,14.0,Good,4.0,Completed
991.0,16.0,Chika Umeh,131.0,2024-08-23 20:22:15.403,11:37:00,7.0,Excellent,5.0,Completed
992.0,16.0,Chika Umeh,131.0,2024-09-05 20:22:15.403,08:21:00,3.0,Poor,2.0,Completed
993.0,16.0,Chika Umeh,131.0,2024-05-03 20:22:15.403,12:08:00,14.0,Excellent,5.0,Completed
994.0,20.0,Adewale Ogunleye,132.0,2024-12-16 20:22:15.403,14:54:00,7.0,Excellent,5.0,Completed
995.0,20.0,Adewale Ogunleye,132.0,2024-12-08 20:22:15.403,15:06:00,22.0,Very Poor,1.0,Completed
996.0,20.0,Adewale Ogunleye,132.0,2024-03-29 20:22:15.403,15:11:00,24.0,Average,3.0,Completed
997.0,20.0,Adewale Ogunleye,132.0,2024-12-05 20:22:15.403,19:25:00,8.0,Poor,2.0,Completed
998.0,20.0,Adewale Ogunleye,132.0,2024-12-26 20:22:15.403,18:19:00,11.0,Poor,2.0,Completed
999.0,20.0,Adewale Ogunleye,132.0,2025-01-02 20:22:15.403,12:35:00,3.0,Average,3.0,Completed
1000.0,20.0,Adewale Ogunleye,132.0,2024-11-18 20:22:15.403,13:04:00,15.0,Average,3.0,Completed
1001.0,20.0,Adewale Ogunleye,132.0,2024-08-10 20:22:15.403,18:23:00,18.0,Good,4.0,Completed
1002.0,20.0,Adewale Ogunleye,132.0,2024-10-28 20:22:15.403,12:43:00,2.0,Excellent,5.0,Completed
1003.0,13.0,Bola Akinwunmi,133.0,2024-05-07 20:22:15.403,11:20:00,21.0,Average,3.0,Completed
1004.0,13.0,Bola Akinwunmi,133.0,2024-05-10 20:22:15.403,17:56:00,22.0,Poor,2.0,Completed
1005.0,13.0,Bola Akinwunmi,133.0,2024-12-01 20:22:15.403,09:06:00,7.0,Good,4.0,Completed
1006.0,13.0,Bola Akinwunmi,133.0,2024-09-17 20:22:15.403,11:14:00,5.0,Poor,2.0,Completed
1007.0,13.0,Bola Akinwunmi,133.0,2024-05-03 20:22:15.403,16:25:00,23.0,Poor,2.0,Completed
1008.0,13.0,Bola Akinwunmi,133.0,2024-11-17 20:22:15.403,18:37:00,4.0,Average,3.0,Completed
1009.0,19.0,Felix Odion,134.0,2024-08-04 20:22:15.403,18:32:00,1.0,Average,3.0,Completed
1010.0,19.0,Felix Odion,134.0,2024-05-27 20:22:15.403,16:07:00,16.0,Very Poor,1.0,Completed
1011.0,19.0,Felix Odion,134.0,2024-10-23 20:22:15.403,13:02:00,9.0,Average,3.0,Completed
1012.0,19.0,Felix Odion,134.0,2024-09-17 20:22:15.403,16:24:00,4.0,Average,3.0,Completed
1013.0,19.0,Felix Odion,134.0,2024-08-28 20:22:15.403,17:01:00,23.0,Poor,2.0,Completed
1014.0,19.0,Felix Odion,134.0,2024-07-17 20:22:15.403,19:06:00,13.0,Average,3.0,Completed
1015.0,19.0,Felix Odion,134.0,2024-08-16 20:22:15.403,09:37:00,23.0,Excellent,5.0,Completed
1016.0,19.0,Felix Odion,134.0,2024-03-21 20:22:15.403,09:06:00,3.0,Poor,2.0,Completed
1017.0,19.0,Felix Odion,134.0,2024-11-29 20:22:15.403,19:25:00,11.0,Poor,2.0,Completed
1018.0,8.0,Ngozi Okonkwo,135.0,2024-04-28 20:22:15.403,13:45:00,18.0,Very Poor,1.0,Completed
1019.0,8.0,Ngozi Okonkwo,135.0,2024-08-25 20:22:15.403,09:25:00,12.0,Good,4.0,Completed
1020.0,8.0,Ngozi Okonkwo,135.0,2024-09-25 20:22:15.403,09:56:00,25.0,Good,4.0,Completed
1021.0,8.0,Ngozi Okonkwo,135.0,2024-05-07 20:22:15.403,11:07:00,18.0,Very Poor,1.0,Completed
1022.0,8.0,Ngozi Okonkwo,135.0,2024-04-07 20:22:15.403,09:26:00,2.0,Very Poor,1.0,Completed
1023.0,8.0,Ngozi Okonkwo,135.0,2024-09-30 20:22:15.403,11:08:00,6.0,Average,3.0,Completed
1024.0,15.0,Gbenga Adesina,136.0,2024-04-10 20:22:15.403,08:29:00,24.0,Very Poor,1.0,Completed
1025.0,15.0,Gbenga Adesina,136.0,2024-05-31 20:22:15.403,17:22:00,27.0,Poor,2.0,Completed
1026.0,15.0,Gbenga Adesina,136.0,2024-07-05 20:22:15.403,08:31:00,26.0,Very Poor,1.0,Completed
1027.0,15.0,Gbenga Adesina,136.0,2024-08-23 20:22:15.403,11:57:00,16.0,Average,3.0,Completed
1028.0,15.0,Gbenga Adesina,136.0,2024-06-02 20:22:15.403,11:16:00,26.0,Poor,2.0,Completed
1029.0,15.0,Gbenga Adesina,136.0,2024-04-15 20:22:15.403,12:25:00,17.0,Very Poor,1.0,Completed
1030.0,15.0,Gbenga Adesina,136.0,2024-07-13 20:22:15.403,15:09:00,11.0,Good,4.0,Completed
1031.0,15.0,Gbenga Adesina,136.0,2025-01-02 20:22:15.403,19:03:00,22.0,Excellent,5.0,Completed
1032.0,15.0,Gbenga Adesina,136.0,2024-10-23 20:22:15.403,19:20:00,6.0,Very Poor,1.0,Completed
1033.0,15.0,Gbenga Adesina,136.0,2024-06-11 20:22:15.403,10:39:00,20.0,Good,4.0,Completed
1034.0,18.0,Amaka Obi,137.0,2024-08-21 20:22:15.403,14:43:00,23.0,Very Poor,1.0,Completed
1035.0,18.0,Amaka Obi,137.0,2024-06-16 20:22:15.403,16:42:00,4.0,Poor,2.0,Completed
1036.0,18.0,Amaka Obi,137.0,2024-11-24 20:22:15.403,14:20:00,10.0,Poor,2.0,Completed
1037.0,18.0,Amaka Obi,137.0,2025-02-15 20:22:15.403,10:25:00,5.0,Average,3.0,Completed
1038.0,18.0,Amaka Obi,137.0,2024-09-17 20:22:15.403,10:15:00,3.0,Good,4.0,Completed
1039.0,18.0,Amaka Obi,137.0,2024-09-25 20:22:15.403,10:42:00,3.0,Average,3.0,Completed
1040.0,15.0,Gbenga Adesina,138.0,2024-11-19 20:22:15.403,19:11:00,10.0,Excellent,5.0,Completed
1041.0,15.0,Gbenga Adesina,138.0,2024-07-09 20:22:15.403,10:06:00,25.0,Good,4.0,Completed
1042.0,15.0,Gbenga Adesina,138.0,2024-10-31 20:22:15.403,19:08:00,6.0,Poor,2.0,Completed
1043.0,15.0,Gbenga Adesina,138.0,2024-11-12 20:22:15.403,16:01:00,4.0,Very Poor,1.0,Completed
1044.0,15.0,Gbenga Adesina,138.0,2024-09-01 20:22:15.403,19:15:00,16.0,Excellent,5.0,Completed
1045.0,15.0,Gbenga Adesina,138.0,2024-05-14 20:22:15.403,11:13:00,1.0,Very Poor,1.0,Completed
1046.0,15.0,Gbenga Adesina,138.0,2025-01-14 20:22:15.403,12:41:00,17.0,Excellent,5.0,Completed
1047.0,1.0,Emeka Okafor,139.0,2025-02-20 20:22:15.403,08:08:00,14.0,Very Poor,1.0,Completed
1048.0,1.0,Emeka Okafor,139.0,2024-12-31 20:22:15.403,14:16:00,1.0,Very Poor,1.0,Completed
1049.0,1.0,Emeka Okafor,139.0,2025-02-28 20:22:15.403,16:16:00,11.0,Poor,2.0,Completed
1050.0,1.0,Emeka Okafor,139.0,2025-02-14 20:22:15.403,15:15:00,26.0,Poor,2.0,Completed
1051.0,1.0,Emeka Okafor,139.0,2024-11-09 20:22:15.403,09:48:00,9.0,Good,4.0,Completed
1052.0,1.0,Emeka Okafor,139.0,2024-12-29 20:22:15.403,13:43:00,11.0,Poor,2.0,Completed
1053.0,4.0,Aisha Mohammed,140.0,2025-02-19 20:22:15.403,14:11:00,27.0,Good,4.0,Completed
1054.0,4.0,Aisha Mohammed,140.0,2025-01-29 20:22:15.403,17:12:00,20.0,Poor,2.0,Completed
1055.0,4.0,Aisha Mohammed,140.0,2024-05-27 20:22:15.403,13:22:00,25.0,Poor,2.0,Completed
1056.0,4.0,Aisha Mohammed,140.0,2024-05-17 20:22:15.403,15:22:00,13.0,Excellent,5.0,Completed
1057.0,4.0,Aisha Mohammed,140.0,2024-12-11 20:22:15.403,12:01:00,13.0,Good,4.0,Completed
1058.0,4.0,Aisha Mohammed,140.0,2024-06-08 20:22:15.403,11:55:00,14.0,Excellent,5.0,Completed
1059.0,4.0,Aisha Mohammed,140.0,2024-07-25 20:22:15.403,19:47:00,28.0,Very Poor,1.0,Completed
1060.0,4.0,Aisha Mohammed,140.0,2024-05-15 20:22:15.403,16:57:00,15.0,Good,4.0,Completed
1061.0,4.0,Aisha Mohammed,140.0,2025-01-16 20:22:15.403,17:19:00,5.0,Excellent,5.0,Completed
1062.0,20.0,Adewale Ogunleye,141.0,2024-07-10 20:22:15.403,08:05:00,2.0,Average,3.0,Completed
1063.0,20.0,Adewale Ogunleye,141.0,2024-08-16 20:22:15.403,19:38:00,21.0,Poor,2.0,Completed
1064.0,20.0,Adewale Ogunleye,141.0,2024-08-06 20:22:15.403,18:39:00,14.0,Average,3.0,Completed
1065.0,20.0,Adewale Ogunleye,141.0,2024-10-04 20:22:15.403,12:15:00,17.0,Average,3.0,Completed
1066.0,20.0,Adewale Ogunleye,141.0,2024-05-14 20:22:15.403,08:20:00,17.0,Excellent,5.0,Completed
1067.0,20.0,Adewale Ogunleye,141.0,2024-06-19 20:22:15.403,09:05:00,11.0,Good,4.0,Completed
1068.0,20.0,Adewale Ogunleye,141.0,2024-10-13 20:22:15.403,15:31:00,17.0,Very Poor,1.0,Completed
1069.0,20.0,Adewale Ogunleye,141.0,2024-10-09 20:22:15.403,14:21:00,13.0,Poor,2.0,Completed
1070.0,20.0,Adewale Ogunleye,141.0,2024-12-05 20:22:15.403,15:40:00,3.0,Poor,2.0,Completed
1071.0,20.0,Adewale Ogunleye,141.0,2024-10-05 20:22:15.403,19:26:00,11.0,Good,4.0,Completed
1072.0,19.0,Felix Odion,142.0,2024-10-16 20:22:15.403,10:51:00,29.0,Poor,2.0,Completed
1073.0,19.0,Felix Odion,142.0,2024-06-29 20:22:15.403,08:57:00,14.0,Very Poor,1.0,Completed
1074.0,19.0,Felix Odion,142.0,2024-05-09 20:22:15.403,11:35:00,12.0,Excellent,5.0,Completed
1075.0,19.0,Felix Odion,142.0,2024-08-09 20:22:15.403,15:33:00,22.0,Poor,2.0,Completed
1076.0,19.0,Felix Odion,142.0,2024-04-24 20:22:15.403,12:31:00,10.0,Poor,2.0,Completed
1077.0,19.0,Felix Odion,142.0,2024-09-17 20:22:15.403,12:39:00,18.0,Good,4.0,Completed
1078.0,19.0,Felix Odion,142.0,2024-11-22 20:22:15.403,13:37:00,8.0,Good,4.0,Completed
1079.0,4.0,Aisha Mohammed,143.0,2024-05-19 20:22:15.403,18:52:00,1.0,Very Poor,1.0,Completed
1080.0,4.0,Aisha Mohammed,143.0,2024-12-14 20:22:15.403,12:47:00,4.0,Excellent,5.0,Completed
1081.0,4.0,Aisha Mohammed,143.0,2024-06-06 20:22:15.403,17:18:00,12.0,Excellent,5.0,Completed
1082.0,4.0,Aisha Mohammed,143.0,2024-07-25 20:22:15.403,14:51:00,28.0,Very Poor,1.0,Completed
1083.0,4.0,Aisha Mohammed,143.0,2024-11-09 20:22:15.403,17:51:00,14.0,Poor,2.0,Completed
1084.0,4.0,Aisha Mohammed,143.0,2024-11-11 20:22:15.403,19:47:00,16.0,Very Poor,1.0,Completed
1085.0,4.0,Aisha Mohammed,143.0,2025-01-25 20:22:15.403,19:47:00,21.0,Average,3.0,Completed
1086.0,18.0,Amaka Obi,144.0,2024-09-28 20:22:15.403,11:31:00,3.0,Excellent,5.0,Completed
1087.0,18.0,Amaka Obi,144.0,2024-12-28 20:22:15.403,17:48:00,7.0,Very Poor,1.0,Completed
1088.0,18.0,Amaka Obi,144.0,2024-05-03 20:22:15.403,19:43:00,3.0,Poor,2.0,Completed
1089.0,18.0,Amaka Obi,144.0,2025-01-17 20:22:15.403,09:54:00,9.0,Poor,2.0,Completed
1090.0,18.0,Amaka Obi,144.0,2024-08-10 20:22:15.403,11:02:00,18.0,Good,4.0,Completed
1091.0,19.0,Felix Odion,145.0,2024-12-02 20:22:15.403,08:38:00,20.0,Average,3.0,Completed
1092.0,19.0,Felix Odion,145.0,2024-07-07 20:22:15.403,16:59:00,21.0,Excellent,5.0,Completed
1093.0,19.0,Felix Odion,145.0,2024-05-26 20:22:15.403,16:23:00,27.0,Average,3.0,Completed
1094.0,19.0,Felix Odion,145.0,2024-11-18 20:22:15.403,08:19:00,8.0,Excellent,5.0,Completed
1095.0,19.0,Felix Odion,145.0,2025-02-15 20:22:15.403,10:13:00,14.0,Poor,2.0,Completed
1096.0,19.0,Felix Odion,145.0,2024-09-10 20:22:15.403,12:36:00,13.0,Very Poor,1.0,Completed
1097.0,19.0,Felix Odion,145.0,2024-05-22 20:22:15.403,17:31:00,24.0,Very Poor,1.0,Completed
1098.0,18.0,Amaka Obi,146.0,2024-10-12 20:22:15.403,10:30:00,9.0,Excellent,5.0,Completed
1099.0,18.0,Amaka Obi,146.0,2024-03-25 20:22:15.403,13:53:00,13.0,Average,3.0,Completed
1100.0,18.0,Amaka Obi,146.0,2024-12-01 20:22:15.403,13:54:00,21.0,Poor,2.0,Completed
1101.0,18.0,Amaka Obi,146.0,2025-01-18 20:22:15.403,15:31:00,13.0,Poor,2.0,Completed
1102.0,18.0,Amaka Obi,146.0,2025-01-22 20:22:15.403,13:38:00,7.0,Good,4.0,Completed
1103.0,18.0,Amaka Obi,146.0,2025-02-22 20:22:15.403,17:29:00,18.0,Good,4.0,Completed
1104.0,20.0,Adewale Ogunleye,147.0,2024-06-17 20:22:15.403,14:42:00,18.0,Excellent,5.0,Completed
1105.0,20.0,Adewale Ogunleye,147.0,2024-06-04 20:22:15.403,09:19:00,2.0,Good,4.0,Completed
1106.0,20.0,Adewale Ogunleye,147.0,2024-09-13 20:22:15.403,19:24:00,24.0,Excellent,5.0,Completed
1107.0,20.0,Adewale Ogunleye,147.0,2024-05-28 20:22:15.403,08:19:00,17.0,Excellent,5.0,Completed
1108.0,20.0,Adewale Ogunleye,147.0,2024-03-20 20:22:15.403,19:07:00,20.0,Excellent,5.0,Completed
1109.0,20.0,Adewale Ogunleye,147.0,2025-03-03 20:22:15.403,13:51:00,27.0,Average,3.0,Completed
1110.0,12.0,Yakubu Bello,148.0,2024-07-21 20:22:15.403,08:30:00,27.0,Excellent,5.0,Completed
1111.0,12.0,Yakubu Bello,148.0,2025-03-03 20:22:15.403,10:57:00,10.0,Average,3.0,Completed
1112.0,12.0,Yakubu Bello,148.0,2024-07-31 20:22:15.403,15:15:00,8.0,Good,4.0,Completed
1113.0,12.0,Yakubu Bello,148.0,2025-02-20 20:22:15.403,08:05:00,1.0,Good,4.0,Completed
1114.0,12.0,Yakubu Bello,148.0,2025-01-08 20:22:15.403,09:14:00,18.0,Excellent,5.0,Completed
1115.0,12.0,Yakubu Bello,148.0,2024-05-05 20:22:15.403,14:03:00,3.0,Very Poor,1.0,Completed
1116.0,11.0,Kemi Adebanjo,149.0,2024-04-22 20:22:15.403,13:45:00,17.0,Poor,2.0,Completed
1117.0,11.0,Kemi Adebanjo,149.0,2024-12-07 20:22:15.403,15:13:00,19.0,Average,3.0,Completed
1118.0,11.0,Kemi Adebanjo,149.0,2025-01-02 20:22:15.403,12:01:00,6.0,Poor,2.0,Completed
1119.0,11.0,Kemi Adebanjo,149.0,2024-05-19 20:22:15.403,19:59:00,13.0,Very Poor,1.0,Completed
1120.0,11.0,Kemi Adebanjo,149.0,2024-09-18 20:22:15.403,14:09:00,12.0,Excellent,5.0,Completed
1121.0,20.0,Adewale Ogunleye,150.0,2024-08-30 20:22:15.403,09:26:00,22.0,Average,3.0,Completed
1122.0,20.0,Adewale Ogunleye,150.0,2025-02-04 20:22:15.403,11:51:00,17.0,Excellent,5.0,Completed
1123.0,20.0,Adewale Ogunleye,150.0,2024-11-25 20:22:15.403,19:10:00,6.0,Poor,2.0,Completed
1124.0,20.0,Adewale Ogunleye,150.0,2024-03-22 20:22:15.403,19:19:00,1.0,Very Poor,1.0,Completed
1125.0,20.0,Adewale Ogunleye,150.0,2024-06-10 20:22:15.403,08:40:00,12.0,Poor,2.0,Completed
1126.0,20.0,Adewale Ogunleye,150.0,2025-01-19 20:22:15.403,17:43:00,3.0,Excellent,5.0,Completed
1127.0,20.0,Adewale Ogunleye,150.0,2025-03-02 20:22:15.403,09:17:00,4.0,Excellent,5.0,Completed
1128.0,20.0,Adewale Ogunleye,150.0,2024-03-24 20:22:15.403,14:20:00,14.0,Average,3.0,Completed
1129.0,20.0,Adewale Ogunleye,150.0,2024-09-11 20:22:15.403,16:01:00,24.0,Good,4.0,Completed
1130.0,13.0,Bola Akinwunmi,151.0,2024-11-15 20:22:15.403,12:20:00,20.0,Good,4.0,Completed
1131.0,13.0,Bola Akinwunmi,151.0,2024-07-19 20:22:15.403,19:44:00,27.0,Average,3.0,Completed
1132.0,13.0,Bola Akinwunmi,151.0,2024-12-24 20:22:15.403,10:55:00,10.0,Excellent,5.0,Completed
1133.0,13.0,Bola Akinwunmi,151.0,2024-11-26 20:22:15.403,11:33:00,12.0,Very Poor,1.0,Completed
1134.0,13.0,Bola Akinwunmi,151.0,2025-02-27 20:22:15.403,19:14:00,12.0,Excellent,5.0,Completed
1135.0,13.0,Bola Akinwunmi,151.0,2024-11-18 20:22:15.403,16:00:00,7.0,Average,3.0,Completed
1136.0,13.0,Bola Akinwunmi,151.0,2024-05-07 20:22:15.403,18:14:00,17.0,Very Poor,1.0,Completed
1137.0,13.0,Bola Akinwunmi,151.0,2024-10-12 20:22:15.403,19:56:00,21.0,Very Poor,1.0,Completed
1138.0,13.0,Bola Akinwunmi,151.0,2024-11-21 20:22:15.403,16:08:00,21.0,Excellent,5.0,Completed
1139.0,13.0,Bola Akinwunmi,151.0,2024-09-28 20:22:15.403,15:20:00,18.0,Excellent,5.0,Completed
1140.0,19.0,Felix Odion,152.0,2024-11-20 20:22:15.403,09:04:00,4.0,Poor,2.0,Completed
1141.0,19.0,Felix Odion,152.0,2024-08-24 20:22:15.403,13:29:00,12.0,Good,4.0,Completed
1142.0,19.0,Felix Odion,152.0,2025-01-17 20:22:15.403,18:20:00,26.0,Average,3.0,Completed
1143.0,19.0,Felix Odion,152.0,2025-01-06 20:22:15.403,09:13:00,7.0,Excellent,5.0,Completed
1144.0,19.0,Felix Odion,152.0,2025-02-11 20:22:15.403,08:30:00,7.0,Poor,2.0,Completed
1145.0,9.0,Ibrahim Danjuma,153.0,2025-02-28 20:22:15.403,10:03:00,12.0,Very Poor,1.0,Completed
1146.0,9.0,Ibrahim Danjuma,153.0,2024-07-18 20:22:15.403,12:05:00,19.0,Good,4.0,Completed
1147.0,9.0,Ibrahim Danjuma,153.0,2025-01-30 20:22:15.403,15:54:00,28.0,Poor,2.0,Completed
1148.0,9.0,Ibrahim Danjuma,153.0,2024-12-22 20:22:15.403,12:07:00,13.0,Poor,2.0,Completed
1149.0,9.0,Ibrahim Danjuma,153.0,2025-02-13 20:22:15.403,10:37:00,11.0,Good,4.0,Completed
1150.0,9.0,Ibrahim Danjuma,153.0,2024-12-04 20:22:15.403,17:04:00,4.0,Good,4.0,Completed
1151.0,9.0,Ibrahim Danjuma,153.0,2024-09-07 20:22:15.403,17:24:00,28.0,Poor,2.0,Completed
1152.0,9.0,Ibrahim Danjuma,153.0,2024-06-04 20:22:15.403,16:17:00,1.0,Poor,2.0,Completed
1153.0,13.0,Bola Akinwunmi,154.0,2024-12-20 20:22:15.403,12:18:00,14.0,Poor,2.0,Completed
1154.0,13.0,Bola Akinwunmi,154.0,2024-08-31 20:22:15.403,11:45:00,27.0,Average,3.0,Completed
1155.0,13.0,Bola Akinwunmi,154.0,2024-11-02 20:22:15.403,15:13:00,12.0,Poor,2.0,Completed
1156.0,13.0,Bola Akinwunmi,154.0,2024-11-22 20:22:15.403,09:41:00,22.0,Poor,2.0,Completed
1157.0,13.0,Bola Akinwunmi,154.0,2024-06-07 20:22:15.403,09:11:00,2.0,Average,3.0,Completed
1158.0,13.0,Bola Akinwunmi,154.0,2024-09-24 20:22:15.403,14:58:00,16.0,Excellent,5.0,Completed
1159.0,13.0,Bola Akinwunmi,154.0,2025-02-28 20:22:15.403,13:13:00,18.0,Good,4.0,Completed
1160.0,13.0,Bola Akinwunmi,154.0,2024-05-29 20:22:15.403,14:22:00,19.0,Excellent,5.0,Completed
1161.0,19.0,Felix Odion,155.0,2024-04-18 20:22:15.403,10:21:00,5.0,Poor,2.0,Completed
1162.0,19.0,Felix Odion,155.0,2024-07-03 20:22:15.403,17:13:00,9.0,Poor,2.0,Completed
1163.0,19.0,Felix Odion,155.0,2024-06-27 20:22:15.403,11:12:00,17.0,Average,3.0,Completed
1164.0,19.0,Felix Odion,155.0,2024-10-15 20:22:15.403,09:37:00,18.0,Good,4.0,Completed
1165.0,19.0,Felix Odion,155.0,2024-04-29 20:22:15.403,17:24:00,1.0,Average,3.0,Completed
1166.0,19.0,Felix Odion,155.0,2024-07-26 20:22:15.403,14:51:00,17.0,Excellent,5.0,Completed
1167.0,19.0,Felix Odion,155.0,2024-10-11 20:22:15.403,13:08:00,7.0,Excellent,5.0,Completed
1168.0,19.0,Felix Odion,155.0,2024-12-13 20:22:15.403,09:44:00,25.0,Good,4.0,Completed
1169.0,19.0,Felix Odion,155.0,2024-10-01 20:22:15.403,08:52:00,3.0,Poor,2.0,Completed
1170.0,19.0,Felix Odion,155.0,2024-10-25 20:22:15.403,16:35:00,21.0,Average,3.0,Completed
1171.0,12.0,Yakubu Bello,156.0,2024-08-12 20:22:15.403,17:36:00,9.0,Excellent,5.0,Completed
1172.0,12.0,Yakubu Bello,156.0,2025-01-24 20:22:15.403,14:21:00,13.0,Average,3.0,Completed
1173.0,12.0,Yakubu Bello,156.0,2024-04-13 20:22:15.403,16:38:00,28.0,Very Poor,1.0,Completed
1174.0,12.0,Yakubu Bello,156.0,2024-07-06 20:22:15.403,09:20:00,23.0,Good,4.0,Completed
1175.0,12.0,Yakubu Bello,156.0,2025-02-19 20:22:15.403,10:09:00,21.0,Excellent,5.0,Completed
1176.0,12.0,Yakubu Bello,156.0,2025-02-17 20:22:15.403,10:04:00,28.0,Good,4.0,Completed
1177.0,12.0,Yakubu Bello,156.0,2024-04-03 20:22:15.403,13:29:00,13.0,Good,4.0,Completed
1178.0,12.0,Yakubu Bello,156.0,2024-07-16 20:22:15.403,17:23:00,2.0,Excellent,5.0,Completed
1179.0,13.0,Bola Akinwunmi,157.0,2024-07-25 20:22:15.403,18:57:00,7.0,Poor,2.0,Completed
1180.0,13.0,Bola Akinwunmi,157.0,2024-06-16 20:22:15.403,10:29:00,22.0,Excellent,5.0,Completed
1181.0,13.0,Bola Akinwunmi,157.0,2024-10-11 20:22:15.403,11:01:00,18.0,Good,4.0,Completed
1182.0,13.0,Bola Akinwunmi,157.0,2024-07-04 20:22:15.403,08:33:00,14.0,Excellent,5.0,Completed
1183.0,13.0,Bola Akinwunmi,157.0,2025-02-27 20:22:15.403,12:15:00,21.0,Good,4.0,Completed
1184.0,13.0,Bola Akinwunmi,157.0,2025-02-16 20:22:15.403,18:34:00,14.0,Average,3.0,Completed
1185.0,13.0,Bola Akinwunmi,157.0,2024-12-14 20:22:15.403,14:36:00,12.0,Average,3.0,Completed
1186.0,13.0,Bola Akinwunmi,157.0,2025-01-19 20:22:15.403,14:16:00,18.0,Good,4.0,Completed
1187.0,13.0,Bola Akinwunmi,157.0,2025-02-12 20:22:15.403,17:07:00,1.0,Very Poor,1.0,Completed
1188.0,6.0,Funke Adeyemi,158.0,2024-11-25 20:22:15.403,10:31:00,10.0,Very Poor,1.0,Completed
1189.0,6.0,Funke Adeyemi,158.0,2024-07-17 20:22:15.403,11:58:00,7.0,Good,4.0,Completed
1190.0,6.0,Funke Adeyemi,158.0,2024-03-19 20:22:15.403,12:24:00,7.0,Poor,2.0,Completed
1191.0,6.0,Funke Adeyemi,158.0,2024-10-07 20:22:15.403,16:54:00,16.0,Very Poor,1.0,Completed
1192.0,6.0,Funke Adeyemi,158.0,2024-12-25 20:22:15.403,09:45:00,9.0,Excellent,5.0,Completed
1193.0,6.0,Funke Adeyemi,158.0,2024-10-30 20:22:15.403,18:24:00,2.0,Poor,2.0,Completed
1194.0,6.0,Funke Adeyemi,158.0,2024-10-17 20:22:15.403,14:39:00,14.0,Good,4.0,Completed
1195.0,6.0,Funke Adeyemi,158.0,2024-06-16 20:22:15.403,15:57:00,7.0,Good,4.0,Completed
1196.0,6.0,Funke Adeyemi,158.0,2024-06-27 20:22:15.403,13:53:00,1.0,Excellent,5.0,Completed
1197.0,6.0,Funke Adeyemi,158.0,2025-03-06 20:22:15.403,15:36:00,15.0,Very Poor,1.0,Completed
1198.0,5.0,Obinna Eze,159.0,2024-12-26 20:22:15.403,18:57:00,19.0,Very Poor,1.0,Completed
1199.0,5.0,Obinna Eze,159.0,2024-05-06 20:22:15.403,14:07:00,22.0,Excellent,5.0,Completed
1200.0,5.0,Obinna Eze,159.0,2024-03-27 20:22:15.403,08:39:00,26.0,Average,3.0,Completed
1201.0,5.0,Obinna Eze,159.0,2024-07-04 20:22:15.403,13:44:00,7.0,Average,3.0,Completed
1202.0,5.0,Obinna Eze,159.0,2025-02-05 20:22:15.403,13:30:00,28.0,Average,3.0,Completed
1203.0,5.0,Obinna Eze,159.0,2024-03-18 20:22:15.403,08:02:00,10.0,Excellent,5.0,Completed
1204.0,5.0,Obinna Eze,159.0,2025-03-04 20:22:15.403,17:15:00,6.0,Average,3.0,Completed
1205.0,16.0,Chika Umeh,160.0,2024-11-10 20:22:15.403,19:41:00,7.0,Poor,2.0,Completed
1206.0,16.0,Chika Umeh,160.0,2024-10-29 20:22:15.403,19:47:00,23.0,Excellent,5.0,Completed
1207.0,16.0,Chika Umeh,160.0,2024-08-08 20:22:15.403,13:55:00,3.0,Good,4.0,Completed
1208.0,16.0,Chika Umeh,160.0,2024-08-27 20:22:15.403,16:08:00,3.0,Average,3.0,Completed
1209.0,16.0,Chika Umeh,160.0,2025-01-01 20:22:15.403,11:42:00,19.0,Excellent,5.0,Completed
1210.0,16.0,Chika Umeh,160.0,2024-07-11 20:22:15.403,11:56:00,2.0,Average,3.0,Completed
1211.0,16.0,Chika Umeh,160.0,2024-05-11 20:22:15.403,18:35:00,14.0,Excellent,5.0,Completed
1212.0,16.0,Chika Umeh,160.0,2024-10-26 20:22:15.403,18:14:00,12.0,Very Poor,1.0,Completed
1213.0,16.0,Chika Umeh,160.0,2024-08-10 20:22:15.403,10:56:00,28.0,Good,4.0,Completed
1214.0,16.0,Chika Umeh,160.0,2024-10-14 20:22:15.403,14:46:00,8.0,Excellent,5.0,Completed
1215.0,14.0,Zainab Suleiman,161.0,2025-01-28 20:22:15.403,18:38:00,24.0,Average,3.0,Completed
1216.0,14.0,Zainab Suleiman,161.0,2024-04-24 20:22:15.403,14:22:00,7.0,Very Poor,1.0,Completed
1217.0,14.0,Zainab Suleiman,161.0,2024-11-17 20:22:15.403,15:54:00,3.0,Excellent,5.0,Completed
1218.0,14.0,Zainab Suleiman,161.0,2024-11-16 20:22:15.403,17:17:00,12.0,Excellent,5.0,Completed
1219.0,14.0,Zainab Suleiman,161.0,2024-06-01 20:22:15.403,08:33:00,27.0,Good,4.0,Completed
1220.0,14.0,Zainab Suleiman,161.0,2024-06-22 20:22:15.403,16:59:00,28.0,Good,4.0,Completed
1221.0,14.0,Zainab Suleiman,161.0,2024-07-25 20:22:15.403,17:20:00,28.0,Good,4.0,Completed
1222.0,14.0,Zainab Suleiman,161.0,2024-12-25 20:22:15.403,09:14:00,15.0,Poor,2.0,Completed
1223.0,11.0,Kemi Adebanjo,162.0,2024-08-25 20:22:15.403,09:08:00,26.0,Very Poor,1.0,Completed
1224.0,11.0,Kemi Adebanjo,162.0,2025-01-19 20:22:15.403,13:32:00,2.0,Good,4.0,Completed
1225.0,11.0,Kemi Adebanjo,162.0,2024-12-28 20:22:15.403,17:45:00,23.0,Poor,2.0,Completed
1226.0,11.0,Kemi Adebanjo,162.0,2024-12-29 20:22:15.403,13:38:00,2.0,Very Poor,1.0,Completed
1227.0,11.0,Kemi Adebanjo,162.0,2024-11-07 20:22:15.403,19:00:00,19.0,Average,3.0,Completed
1228.0,11.0,Kemi Adebanjo,162.0,2025-02-24 20:22:15.403,15:09:00,20.0,Average,3.0,Completed
1229.0,11.0,Kemi Adebanjo,162.0,2024-04-06 20:22:15.403,18:23:00,19.0,Very Poor,1.0,Completed
1230.0,11.0,Kemi Adebanjo,162.0,2024-04-30 20:22:15.403,13:35:00,19.0,Excellent,5.0,Completed
1231.0,11.0,Kemi Adebanjo,162.0,2024-09-08 20:22:15.403,12:56:00,8.0,Poor,2.0,Completed
1232.0,11.0,Kemi Adebanjo,162.0,2024-11-14 20:22:15.403,12:08:00,18.0,Very Poor,1.0,Completed
1233.0,3.0,Tunde Balogun,163.0,2024-12-18 20:22:15.403,13:24:00,28.0,Excellent,5.0,Completed
1234.0,3.0,Tunde Balogun,163.0,2024-05-03 20:22:15.403,17:33:00,2.0,Poor,2.0,Completed
1235.0,3.0,Tunde Balogun,163.0,2025-01-25 20:22:15.403,16:36:00,19.0,Excellent,5.0,Completed
1236.0,3.0,Tunde Balogun,163.0,2024-05-17 20:22:15.403,16:08:00,25.0,Average,3.0,Completed
1237.0,3.0,Tunde Balogun,163.0,2024-10-08 20:22:15.403,17:17:00,28.0,Average,3.0,Completed
1238.0,3.0,Tunde Balogun,163.0,2025-01-29 20:22:15.403,12:39:00,21.0,Excellent,5.0,Completed
1239.0,17.0,Rasheed Lawal,164.0,2025-03-04 20:22:15.403,08:19:00,25.0,Good,4.0,Completed
1240.0,17.0,Rasheed Lawal,164.0,2024-10-13 20:22:15.403,16:28:00,29.0,Average,3.0,Completed
1241.0,17.0,Rasheed Lawal,164.0,2024-12-04 20:22:15.403,13:30:00,26.0,Poor,2.0,Completed
1242.0,17.0,Rasheed Lawal,164.0,2024-03-19 20:22:15.403,14:36:00,26.0,Average,3.0,Completed
1243.0,17.0,Rasheed Lawal,164.0,2025-01-05 20:22:15.403,08:51:00,28.0,Very Poor,1.0,Completed
1244.0,11.0,Kemi Adebanjo,165.0,2024-11-06 20:22:15.403,08:11:00,5.0,Poor,2.0,Completed
1245.0,11.0,Kemi Adebanjo,165.0,2024-03-09 20:22:15.403,19:37:00,6.0,Poor,2.0,Completed
1246.0,11.0,Kemi Adebanjo,165.0,2024-09-11 20:22:15.403,10:28:00,2.0,Good,4.0,Completed
1247.0,11.0,Kemi Adebanjo,165.0,2024-06-28 20:22:15.403,11:23:00,26.0,Good,4.0,Completed
1248.0,11.0,Kemi Adebanjo,165.0,2024-06-24 20:22:15.403,16:16:00,28.0,Very Poor,1.0,Completed
1249.0,11.0,Kemi Adebanjo,165.0,2024-06-19 20:22:15.403,14:43:00,18.0,Very Poor,1.0,Completed
1250.0,12.0,Yakubu Bello,166.0,2024-09-26 20:22:15.403,10:38:00,22.0,Poor,2.0,Completed
1251.0,12.0,Yakubu Bello,166.0,2024-12-25 20:22:15.403,15:25:00,11.0,Very Poor,1.0,Completed
1252.0,12.0,Yakubu Bello,166.0,2024-10-08 20:22:15.403,10:45:00,20.0,Average,3.0,Completed
1253.0,12.0,Yakubu Bello,166.0,2024-11-24 20:22:15.403,08:57:00,8.0,Very Poor,1.0,Completed
1254.0,12.0,Yakubu Bello,166.0,2024-08-16 20:22:15.403,13:06:00,6.0,Very Poor,1.0,Completed
1255.0,12.0,Yakubu Bello,166.0,2024-04-28 20:22:15.403,12:25:00,10.0,Average,3.0,Completed
1256.0,14.0,Zainab Suleiman,167.0,2024-11-19 20:22:15.403,10:27:00,19.0,Poor,2.0,Completed
1257.0,14.0,Zainab Suleiman,167.0,2025-02-26 20:22:15.403,11:18:00,12.0,Excellent,5.0,Completed
1258.0,14.0,Zainab Suleiman,167.0,2025-01-21 20:22:15.403,09:06:00,16.0,Excellent,5.0,Completed
1259.0,14.0,Zainab Suleiman,167.0,2024-09-11 20:22:15.403,17:01:00,12.0,Excellent,5.0,Completed
1260.0,14.0,Zainab Suleiman,167.0,2025-02-01 20:22:15.403,17:07:00,10.0,Excellent,5.0,Completed
1261.0,14.0,Zainab Suleiman,167.0,2024-05-01 20:22:15.403,18:03:00,22.0,Excellent,5.0,Completed
1262.0,6.0,Funke Adeyemi,168.0,2024-11-26 20:22:15.403,18:25:00,23.0,Good,4.0,Completed
1263.0,6.0,Funke Adeyemi,168.0,2024-09-15 20:22:15.403,17:12:00,29.0,Excellent,5.0,Completed
1264.0,6.0,Funke Adeyemi,168.0,2024-07-22 20:22:15.403,09:48:00,17.0,Excellent,5.0,Completed
1265.0,6.0,Funke Adeyemi,168.0,2024-05-29 20:22:15.403,13:10:00,17.0,Very Poor,1.0,Completed
1266.0,6.0,Funke Adeyemi,168.0,2025-01-22 20:22:15.403,15:03:00,21.0,Good,4.0,Completed
1267.0,6.0,Funke Adeyemi,168.0,2024-03-17 20:22:15.403,14:55:00,13.0,Excellent,5.0,Completed
1268.0,1.0,Emeka Okafor,169.0,2024-05-07 20:22:15.403,08:22:00,24.0,Average,3.0,Completed
1269.0,1.0,Emeka Okafor,169.0,2024-08-29 20:22:15.403,18:39:00,27.0,Good,4.0,Completed
1270.0,1.0,Emeka Okafor,169.0,2024-12-29 20:22:15.403,13:58:00,11.0,Excellent,5.0,Completed
1271.0,1.0,Emeka Okafor,169.0,2025-01-31 20:22:15.403,16:50:00,23.0,Poor,2.0,Completed
1272.0,1.0,Emeka Okafor,169.0,2024-08-24 20:22:15.403,14:29:00,24.0,Good,4.0,Completed
1273.0,11.0,Kemi Adebanjo,170.0,2024-11-26 20:22:15.403,19:39:00,20.0,Excellent,5.0,Completed
1274.0,11.0,Kemi Adebanjo,170.0,2024-12-21 20:22:15.403,18:42:00,27.0,Very Poor,1.0,Completed
1275.0,11.0,Kemi Adebanjo,170.0,2024-07-18 20:22:15.403,14:08:00,23.0,Good,4.0,Completed
1276.0,11.0,Kemi Adebanjo,170.0,2024-09-12 20:22:15.403,18:03:00,15.0,Very Poor,1.0,Completed
1277.0,11.0,Kemi Adebanjo,170.0,2024-07-25 20:22:15.403,10:11:00,11.0,Good,4.0,Completed
1278.0,11.0,Kemi Adebanjo,170.0,2024-06-02 20:22:15.403,16:55:00,13.0,Very Poor,1.0,Completed
1279.0,11.0,Kemi Adebanjo,170.0,2024-06-23 20:22:15.403,10:13:00,6.0,Excellent,5.0,Completed
1280.0,11.0,Kemi Adebanjo,170.0,2025-02-20 20:22:15.403,19:21:00,27.0,Good,4.0,Completed
1281.0,3.0,Tunde Balogun,171.0,2024-10-14 20:22:15.403,19:09:00,18.0,Poor,2.0,Completed
1282.0,3.0,Tunde Balogun,171.0,2024-04-17 20:22:15.403,13:14:00,10.0,Poor,2.0,Completed
1283.0,3.0,Tunde Balogun,171.0,2024-05-22 20:22:15.403,18:04:00,24.0,Poor,2.0,Completed
1284.0,3.0,Tunde Balogun,171.0,2024-12-07 20:22:15.403,11:55:00,8.0,Very Poor,1.0,Completed
1285.0,3.0,Tunde Balogun,171.0,2025-02-19 20:22:15.403,18:24:00,26.0,Poor,2.0,Completed
1286.0,3.0,Tunde Balogun,171.0,2025-02-26 20:22:15.403,13:23:00,28.0,Poor,2.0,Completed
1287.0,3.0,Tunde Balogun,171.0,2024-08-12 20:22:15.403,19:34:00,21.0,Excellent,5.0,Completed
1288.0,3.0,Tunde Balogun,171.0,2024-12-03 20:22:15.403,11:53:00,7.0,Excellent,5.0,Completed
1289.0,3.0,Tunde Balogun,171.0,2024-11-17 20:22:15.403,10:55:00,20.0,Poor,2.0,Completed
1290.0,16.0,Chika Umeh,172.0,2024-06-02 20:22:15.403,18:15:00,8.0,Good,4.0,Completed
1291.0,16.0,Chika Umeh,172.0,2025-01-01 20:22:15.403,10:02:00,29.0,Poor,2.0,Completed
1292.0,16.0,Chika Umeh,172.0,2024-04-11 20:22:15.403,16:41:00,18.0,Excellent,5.0,Completed
1293.0,16.0,Chika Umeh,172.0,2024-04-02 20:22:15.403,18:12:00,8.0,Good,4.0,Completed
1294.0,16.0,Chika Umeh,172.0,2024-10-26 20:22:15.403,17:55:00,24.0,Poor,2.0,Completed
1295.0,16.0,Chika Umeh,172.0,2025-02-24 20:22:15.403,14:14:00,21.0,Poor,2.0,Completed
1296.0,16.0,Chika Umeh,172.0,2025-03-02 20:22:15.403,16:23:00,25.0,Very Poor,1.0,Completed
1297.0,16.0,Chika Umeh,172.0,2024-06-22 20:22:15.403,09:16:00,24.0,Average,3.0,Completed
1298.0,16.0,Chika Umeh,172.0,2024-08-25 20:22:15.403,16:48:00,16.0,Excellent,5.0,Completed
1299.0,13.0,Bola Akinwunmi,173.0,2024-12-13 20:22:15.403,08:25:00,8.0,Poor,2.0,Completed
1300.0,13.0,Bola Akinwunmi,173.0,2024-05-05 20:22:15.403,16:34:00,6.0,Good,4.0,Completed
1301.0,13.0,Bola Akinwunmi,173.0,2024-05-01 20:22:15.403,11:53:00,22.0,Poor,2.0,Completed
1302.0,13.0,Bola Akinwunmi,173.0,2024-07-11 20:22:15.403,19:10:00,21.0,Excellent,5.0,Completed
1303.0,13.0,Bola Akinwunmi,173.0,2024-07-07 20:22:15.403,19:02:00,10.0,Good,4.0,Completed
1304.0,13.0,Bola Akinwunmi,173.0,2025-02-09 20:22:15.403,15:03:00,14.0,Average,3.0,Completed
1305.0,13.0,Bola Akinwunmi,173.0,2025-02-15 20:22:15.403,08:04:00,28.0,Good,4.0,Completed
1306.0,13.0,Bola Akinwunmi,173.0,2024-08-18 20:22:15.403,18:36:00,2.0,Very Poor,1.0,Completed
1307.0,18.0,Amaka Obi,174.0,2025-02-25 20:22:15.403,10:49:00,16.0,Average,3.0,Completed
1308.0,18.0,Amaka Obi,174.0,2024-07-05 20:22:15.403,12:58:00,27.0,Average,3.0,Completed
1309.0,18.0,Amaka Obi,174.0,2024-06-28 20:22:15.403,15:26:00,19.0,Very Poor,1.0,Completed
1310.0,18.0,Amaka Obi,174.0,2024-12-26 20:22:15.403,16:03:00,26.0,Poor,2.0,Completed
1311.0,18.0,Amaka Obi,174.0,2024-12-26 20:22:15.403,16:03:00,27.0,Poor,2.0,Completed
1312.0,18.0,Amaka Obi,174.0,2024-07-01 20:22:15.403,18:16:00,12.0,Poor,2.0,Completed
1313.0,18.0,Amaka Obi,174.0,2024-11-12 20:22:15.403,12:00:00,21.0,Average,3.0,Completed
1314.0,18.0,Amaka Obi,174.0,2024-07-07 20:22:15.403,17:33:00,21.0,Good,4.0,Completed
1315.0,18.0,Amaka Obi,174.0,2024-10-27 20:22:15.403,12:19:00,4.0,Good,4.0,Completed
1316.0,18.0,Amaka Obi,174.0,2024-04-24 20:22:15.403,18:20:00,23.0,Excellent,5.0,Completed
1317.0,5.0,Obinna Eze,175.0,2024-03-26 20:22:15.403,19:13:00,26.0,Very Poor,1.0,Completed
1318.0,5.0,Obinna Eze,175.0,2024-04-12 20:22:15.403,11:46:00,17.0,Very Poor,1.0,Completed
1319.0,5.0,Obinna Eze,175.0,2025-03-01 20:22:15.403,10:40:00,9.0,Very Poor,1.0,Completed
1320.0,5.0,Obinna Eze,175.0,2024-08-16 20:22:15.403,17:08:00,5.0,Good,4.0,Completed
1321.0,5.0,Obinna Eze,175.0,2024-12-31 20:22:15.403,18:35:00,27.0,Average,3.0,Completed
1322.0,5.0,Obinna Eze,175.0,2025-01-04 20:22:15.403,16:31:00,6.0,Very Poor,1.0,Completed
1323.0,5.0,Obinna Eze,175.0,2024-04-09 20:22:15.403,18:03:00,9.0,Average,3.0,Completed
1324.0,5.0,Obinna Eze,175.0,2024-12-30 20:22:15.403,18:20:00,24.0,Good,4.0,Completed
1325.0,13.0,Bola Akinwunmi,176.0,2024-07-26 20:22:15.403,09:30:00,28.0,Average,3.0,Completed
1326.0,13.0,Bola Akinwunmi,176.0,2024-12-12 20:22:15.403,13:55:00,3.0,Average,3.0,Completed
1327.0,13.0,Bola Akinwunmi,176.0,2025-02-25 20:22:15.403,10:31:00,24.0,Good,4.0,Completed
1328.0,13.0,Bola Akinwunmi,176.0,2024-10-02 20:22:15.403,11:15:00,8.0,Excellent,5.0,Completed
1329.0,13.0,Bola Akinwunmi,176.0,2024-03-09 20:22:15.403,11:37:00,25.0,Very Poor,1.0,Completed
1330.0,13.0,Bola Akinwunmi,176.0,2024-05-19 20:22:15.403,16:24:00,9.0,Average,3.0,Completed
1331.0,13.0,Bola Akinwunmi,176.0,2025-02-02 20:22:15.403,12:57:00,23.0,Very Poor,1.0,Completed
1332.0,13.0,Bola Akinwunmi,176.0,2024-07-16 20:22:15.403,18:56:00,28.0,Poor,2.0,Completed
1333.0,13.0,Bola Akinwunmi,176.0,2024-04-24 20:22:15.403,15:53:00,25.0,Average,3.0,Completed
1334.0,13.0,Bola Akinwunmi,176.0,2025-01-06 20:22:15.403,08:32:00,22.0,Poor,2.0,Completed
1335.0,15.0,Gbenga Adesina,177.0,2024-03-10 20:22:15.403,11:49:00,25.0,Poor,2.0,Completed
1336.0,15.0,Gbenga Adesina,177.0,2024-11-08 20:22:15.403,15:48:00,13.0,Good,4.0,Completed
1337.0,15.0,Gbenga Adesina,177.0,2025-01-13 20:22:15.403,12:09:00,29.0,Poor,2.0,Completed
1338.0,15.0,Gbenga Adesina,177.0,2024-04-10 20:22:15.403,08:01:00,2.0,Good,4.0,Completed
1339.0,15.0,Gbenga Adesina,177.0,2024-03-25 20:22:15.403,16:00:00,3.0,Excellent,5.0,Completed
1340.0,9.0,Ibrahim Danjuma,178.0,2024-04-09 20:22:15.403,18:33:00,7.0,Average,3.0,Completed
1341.0,9.0,Ibrahim Danjuma,178.0,2024-03-23 20:22:15.403,09:29:00,16.0,Very Poor,1.0,Completed
1342.0,9.0,Ibrahim Danjuma,178.0,2024-04-23 20:22:15.403,16:37:00,29.0,Poor,2.0,Completed
1343.0,9.0,Ibrahim Danjuma,178.0,2024-10-26 20:22:15.403,12:19:00,18.0,Very Poor,1.0,Completed
1344.0,9.0,Ibrahim Danjuma,178.0,2024-11-02 20:22:15.403,15:40:00,25.0,Good,4.0,Completed
1345.0,9.0,Ibrahim Danjuma,178.0,2025-02-16 20:22:15.403,17:14:00,12.0,Poor,2.0,Completed
1346.0,9.0,Ibrahim Danjuma,178.0,2024-09-14 20:22:15.403,12:03:00,18.0,Very Poor,1.0,Completed
1347.0,17.0,Rasheed Lawal,179.0,2024-10-28 20:22:15.403,18:14:00,7.0,Very Poor,1.0,Completed
1348.0,17.0,Rasheed Lawal,179.0,2024-05-29 20:22:15.403,16:51:00,13.0,Excellent,5.0,Completed
1349.0,17.0,Rasheed Lawal,179.0,2024-07-17 20:22:15.403,18:34:00,26.0,Average,3.0,Completed
1350.0,17.0,Rasheed Lawal,179.0,2024-04-10 20:22:15.403,11:35:00,16.0,Excellent,5.0,Completed
1351.0,17.0,Rasheed Lawal,179.0,2025-02-24 20:22:15.403,12:36:00,1.0,Average,3.0,Completed
1352.0,17.0,Rasheed Lawal,179.0,2024-09-29 20:22:15.403,16:42:00,19.0,Average,3.0,Completed
1353.0,8.0,Ngozi Okonkwo,180.0,2024-06-17 20:22:15.403,11:11:00,23.0,Average,3.0,Completed
1354.0,8.0,Ngozi Okonkwo,180.0,2024-06-04 20:22:15.403,09:50:00,24.0,Average,3.0,Completed
1355.0,8.0,Ngozi Okonkwo,180.0,2024-08-16 20:22:15.403,18:46:00,7.0,Poor,2.0,Completed
1356.0,8.0,Ngozi Okonkwo,180.0,2025-02-17 20:22:15.403,14:09:00,11.0,Excellent,5.0,Completed
1357.0,8.0,Ngozi Okonkwo,180.0,2024-11-25 20:22:15.403,19:51:00,20.0,Average,3.0,Completed
1358.0,8.0,Ngozi Okonkwo,180.0,2024-04-10 20:22:15.403,17:40:00,10.0,Very Poor,1.0,Completed
1359.0,8.0,Ngozi Okonkwo,180.0,2024-08-24 20:22:15.403,08:27:00,17.0,Average,3.0,Completed
1360.0,8.0,Ngozi Okonkwo,180.0,2025-03-06 20:22:15.403,16:25:00,28.0,Poor,2.0,Completed
1361.0,11.0,Kemi Adebanjo,181.0,2024-10-01 20:22:15.403,11:39:00,27.0,Average,3.0,Completed
1362.0,11.0,Kemi Adebanjo,181.0,2024-08-17 20:22:15.403,19:36:00,12.0,Excellent,5.0,Completed
1363.0,11.0,Kemi Adebanjo,181.0,2024-10-09 20:22:15.403,16:28:00,15.0,Very Poor,1.0,Completed
1364.0,11.0,Kemi Adebanjo,181.0,2024-07-21 20:22:15.403,14:50:00,23.0,Excellent,5.0,Completed
1365.0,11.0,Kemi Adebanjo,181.0,2025-02-25 20:22:15.403,10:21:00,2.0,Average,3.0,Completed
1366.0,11.0,Kemi Adebanjo,181.0,2024-06-15 20:22:15.403,15:35:00,11.0,Excellent,5.0,Completed
1367.0,11.0,Kemi Adebanjo,181.0,2024-06-19 20:22:15.403,17:58:00,3.0,Very Poor,1.0,Completed
1368.0,11.0,Kemi Adebanjo,181.0,2025-01-11 20:22:15.403,13:41:00,10.0,Good,4.0,Completed
1369.0,11.0,Kemi Adebanjo,181.0,2024-05-01 20:22:15.403,19:34:00,6.0,Excellent,5.0,Completed
1370.0,11.0,Kemi Adebanjo,181.0,2025-03-05 20:22:15.403,12:30:00,25.0,Very Poor,1.0,Completed
1371.0,13.0,Bola Akinwunmi,182.0,2024-06-20 20:22:15.403,14:00:00,2.0,Poor,2.0,Completed
1372.0,13.0,Bola Akinwunmi,182.0,2024-06-16 20:22:15.403,12:27:00,6.0,Very Poor,1.0,Completed
1373.0,13.0,Bola Akinwunmi,182.0,2024-07-18 20:22:15.403,14:14:00,29.0,Average,3.0,Completed
1374.0,13.0,Bola Akinwunmi,182.0,2024-09-09 20:22:15.403,11:24:00,19.0,Poor,2.0,Completed
1375.0,13.0,Bola Akinwunmi,182.0,2025-02-23 20:22:15.403,14:21:00,9.0,Poor,2.0,Completed
1376.0,13.0,Bola Akinwunmi,182.0,2024-06-25 20:22:15.403,11:21:00,10.0,Good,4.0,Completed
1377.0,13.0,Bola Akinwunmi,182.0,2024-07-03 20:22:15.403,11:26:00,27.0,Very Poor,1.0,Completed
1378.0,13.0,Bola Akinwunmi,183.0,2025-01-03 20:22:15.403,16:59:00,21.0,Very Poor,1.0,Completed
1379.0,13.0,Bola Akinwunmi,183.0,2024-08-20 20:22:15.403,12:09:00,3.0,Very Poor,1.0,Completed
1380.0,13.0,Bola Akinwunmi,183.0,2024-08-15 20:22:15.403,13:44:00,19.0,Poor,2.0,Completed
1381.0,13.0,Bola Akinwunmi,183.0,2024-09-05 20:22:15.403,11:53:00,7.0,Excellent,5.0,Completed
1382.0,13.0,Bola Akinwunmi,183.0,2024-10-30 20:22:15.403,10:13:00,18.0,Excellent,5.0,Completed
1383.0,13.0,Bola Akinwunmi,183.0,2024-10-10 20:22:15.403,18:19:00,26.0,Average,3.0,Completed
1384.0,13.0,Bola Akinwunmi,183.0,2024-03-29 20:22:15.403,13:23:00,5.0,Average,3.0,Completed
1385.0,13.0,Bola Akinwunmi,183.0,2025-02-24 20:22:15.403,14:52:00,1.0,Excellent,5.0,Completed
1386.0,13.0,Bola Akinwunmi,183.0,2024-09-24 20:22:15.403,19:41:00,20.0,Excellent,5.0,Completed
1387.0,13.0,Bola Akinwunmi,183.0,2024-03-14 20:22:15.403,13:11:00,18.0,Excellent,5.0,Completed
1388.0,14.0,Zainab Suleiman,184.0,2024-12-17 20:22:15.403,10:47:00,24.0,Poor,2.0,Completed
1389.0,14.0,Zainab Suleiman,184.0,2024-08-26 20:22:15.403,18:33:00,27.0,Good,4.0,Completed
1390.0,14.0,Zainab Suleiman,184.0,2024-12-06 20:22:15.403,13:58:00,23.0,Good,4.0,Completed
1391.0,14.0,Zainab Suleiman,184.0,2024-05-31 20:22:15.403,09:27:00,25.0,Average,3.0,Completed
1392.0,14.0,Zainab Suleiman,184.0,2025-02-12 20:22:15.403,17:26:00,27.0,Poor,2.0,Completed
1393.0,14.0,Zainab Suleiman,184.0,2024-08-06 20:22:15.403,11:05:00,26.0,Good,4.0,Completed
1394.0,14.0,Zainab Suleiman,184.0,2024-11-04 20:22:15.403,19:07:00,7.0,Excellent,5.0,Completed
1395.0,17.0,Rasheed Lawal,185.0,2024-12-11 20:22:15.403,15:48:00,23.0,Average,3.0,Completed
1396.0,17.0,Rasheed Lawal,185.0,2024-11-15 20:22:15.403,08:43:00,12.0,Very Poor,1.0,Completed
1397.0,17.0,Rasheed Lawal,185.0,2024-12-09 20:22:15.403,14:28:00,2.0,Average,3.0,Completed
1398.0,17.0,Rasheed Lawal,185.0,2024-05-10 20:22:15.403,11:48:00,6.0,Good,4.0,Completed
1399.0,17.0,Rasheed Lawal,185.0,2024-06-20 20:22:15.403,17:01:00,21.0,Very Poor,1.0,Completed
1400.0,17.0,Rasheed Lawal,185.0,2024-08-27 20:22:15.403,17:01:00,17.0,Good,4.0,Completed
1401.0,17.0,Rasheed Lawal,185.0,2024-12-01 20:22:15.403,10:23:00,16.0,Excellent,5.0,Completed
1402.0,17.0,Rasheed Lawal,185.0,2024-05-30 20:22:15.403,16:51:00,22.0,Excellent,5.0,Completed
1403.0,15.0,Gbenga Adesina,186.0,2024-12-21 20:22:15.403,11:57:00,10.0,Average,3.0,Completed
1404.0,15.0,Gbenga Adesina,186.0,2024-06-22 20:22:15.403,10:42:00,18.0,Poor,2.0,Completed
1405.0,15.0,Gbenga Adesina,186.0,2024-08-22 20:22:15.403,16:57:00,6.0,Poor,2.0,Completed
1406.0,15.0,Gbenga Adesina,186.0,2025-01-27 20:22:15.403,15:22:00,4.0,Average,3.0,Completed
1407.0,15.0,Gbenga Adesina,186.0,2024-09-06 20:22:15.403,08:00:00,24.0,Excellent,5.0,Completed
1408.0,15.0,Gbenga Adesina,186.0,2024-07-05 20:22:15.403,17:00:00,22.0,Poor,2.0,Completed
1409.0,15.0,Gbenga Adesina,186.0,2024-05-27 20:22:15.403,11:22:00,24.0,Average,3.0,Completed
1410.0,3.0,Tunde Balogun,187.0,2024-05-31 20:22:15.403,09:48:00,7.0,Excellent,5.0,Completed
1411.0,3.0,Tunde Balogun,187.0,2024-12-24 20:22:15.403,09:07:00,23.0,Very Poor,1.0,Completed
1412.0,3.0,Tunde Balogun,187.0,2024-09-19 20:22:15.403,10:57:00,26.0,Poor,2.0,Completed
1413.0,3.0,Tunde Balogun,187.0,2024-10-11 20:22:15.403,10:03:00,22.0,Excellent,5.0,Completed
1414.0,3.0,Tunde Balogun,187.0,2024-12-02 20:22:15.403,17:37:00,6.0,Average,3.0,Completed
1415.0,16.0,Chika Umeh,188.0,2024-06-12 20:22:15.403,08:11:00,11.0,Good,4.0,Completed
1416.0,16.0,Chika Umeh,188.0,2024-03-31 20:22:15.403,14:37:00,4.0,Excellent,5.0,Completed
1417.0,16.0,Chika Umeh,188.0,2025-01-26 20:22:15.403,09:47:00,13.0,Poor,2.0,Completed
1418.0,16.0,Chika Umeh,188.0,2024-09-04 20:22:15.403,09:07:00,5.0,Poor,2.0,Completed
1419.0,16.0,Chika Umeh,188.0,2024-04-04 20:22:15.403,11:02:00,19.0,Excellent,5.0,Completed
1420.0,16.0,Chika Umeh,188.0,2024-10-14 20:22:15.403,11:00:00,23.0,Good,4.0,Completed
1421.0,16.0,Chika Umeh,188.0,2024-09-11 20:22:15.403,13:49:00,29.0,Good,4.0,Completed
1422.0,16.0,Chika Umeh,188.0,2024-06-06 20:22:15.403,14:18:00,15.0,Very Poor,1.0,Completed
1423.0,16.0,Chika Umeh,188.0,2024-11-14 20:22:15.403,08:38:00,2.0,Good,4.0,Completed
1424.0,15.0,Gbenga Adesina,189.0,2024-03-16 20:22:15.403,11:10:00,8.0,Good,4.0,Completed
1425.0,15.0,Gbenga Adesina,189.0,2024-09-05 20:22:15.403,14:56:00,23.0,Excellent,5.0,Completed
1426.0,15.0,Gbenga Adesina,189.0,2024-05-06 20:22:15.403,09:11:00,24.0,Very Poor,1.0,Completed
1427.0,15.0,Gbenga Adesina,189.0,2024-11-09 20:22:15.403,10:04:00,25.0,Very Poor,1.0,Completed
1428.0,15.0,Gbenga Adesina,189.0,2024-11-03 20:22:15.403,08:05:00,12.0,Excellent,5.0,Completed
1429.0,15.0,Gbenga Adesina,189.0,2024-06-10 20:22:15.403,09:25:00,9.0,Average,3.0,Completed
1430.0,15.0,Gbenga Adesina,189.0,2024-06-02 20:22:15.403,16:00:00,20.0,Very Poor,1.0,Completed
1431.0,15.0,Gbenga Adesina,189.0,2024-07-20 20:22:15.403,14:48:00,22.0,Good,4.0,Completed
1432.0,17.0,Rasheed Lawal,190.0,2024-05-02 20:22:15.403,08:29:00,16.0,Poor,2.0,Completed
1433.0,17.0,Rasheed Lawal,190.0,2025-02-12 20:22:15.403,14:47:00,25.0,Poor,2.0,Completed
1434.0,17.0,Rasheed Lawal,190.0,2024-09-18 20:22:15.403,18:17:00,1.0,Poor,2.0,Completed
1435.0,17.0,Rasheed Lawal,190.0,2024-11-09 20:22:15.403,08:27:00,8.0,Good,4.0,Completed
1436.0,17.0,Rasheed Lawal,190.0,2025-02-11 20:22:15.403,17:03:00,10.0,Poor,2.0,Completed
1437.0,17.0,Rasheed Lawal,190.0,2024-12-19 20:22:15.403,19:19:00,26.0,Excellent,5.0,Completed
1438.0,17.0,Rasheed Lawal,190.0,2024-07-28 20:22:15.403,10:25:00,27.0,Poor,2.0,Completed
1439.0,17.0,Rasheed Lawal,190.0,2024-10-01 20:22:15.403,10:22:00,14.0,Good,4.0,Completed
1440.0,17.0,Rasheed Lawal,190.0,2025-02-03 20:22:15.403,11:20:00,22.0,Average,3.0,Completed
1441.0,17.0,Rasheed Lawal,190.0,2024-11-14 20:22:15.403,12:14:00,25.0,Excellent,5.0,Completed
1442.0,15.0,Gbenga Adesina,191.0,2025-01-15 20:22:15.403,08:28:00,22.0,Very Poor,1.0,Completed
1443.0,15.0,Gbenga Adesina,191.0,2024-03-31 20:22:15.403,18:36:00,28.0,Excellent,5.0,Completed
1444.0,15.0,Gbenga Adesina,191.0,2024-12-06 20:22:15.403,09:45:00,12.0,Average,3.0,Completed
1445.0,15.0,Gbenga Adesina,191.0,2025-02-11 20:22:15.403,18:21:00,22.0,Very Poor,1.0,Completed
1446.0,15.0,Gbenga Adesina,191.0,2024-04-01 20:22:15.403,15:54:00,1.0,Good,4.0,Completed
1447.0,10.0,Chinedu Opara,192.0,2024-05-31 20:22:15.403,18:18:00,27.0,Excellent,5.0,Completed
1448.0,10.0,Chinedu Opara,192.0,2024-09-10 20:22:15.403,14:01:00,22.0,Average,3.0,Completed
1449.0,10.0,Chinedu Opara,192.0,2024-09-03 20:22:15.403,16:56:00,14.0,Very Poor,1.0,Completed
1450.0,10.0,Chinedu Opara,192.0,2025-01-26 20:22:15.403,16:30:00,24.0,Excellent,5.0,Completed
1451.0,10.0,Chinedu Opara,192.0,2024-08-26 20:22:15.403,15:31:00,8.0,Average,3.0,Completed
1452.0,10.0,Chinedu Opara,192.0,2025-02-07 20:22:15.403,11:31:00,23.0,Good,4.0,Completed
1453.0,9.0,Ibrahim Danjuma,193.0,2024-05-06 20:22:15.403,15:01:00,18.0,Very Poor,1.0,Completed
1454.0,9.0,Ibrahim Danjuma,193.0,2024-05-02 20:22:15.403,13:14:00,29.0,Poor,2.0,Completed
1455.0,9.0,Ibrahim Danjuma,193.0,2024-06-18 20:22:15.403,15:18:00,9.0,Average,3.0,Completed
1456.0,9.0,Ibrahim Danjuma,193.0,2024-11-26 20:22:15.403,10:38:00,29.0,Excellent,5.0,Completed
1457.0,9.0,Ibrahim Danjuma,193.0,2024-12-16 20:22:15.403,08:06:00,2.0,Average,3.0,Completed
1458.0,6.0,Funke Adeyemi,194.0,2024-07-09 20:22:15.403,19:12:00,2.0,Poor,2.0,Completed
1459.0,6.0,Funke Adeyemi,194.0,2024-12-31 20:22:15.403,13:42:00,16.0,Very Poor,1.0,Completed
1460.0,6.0,Funke Adeyemi,194.0,2024-11-03 20:22:15.403,18:28:00,22.0,Very Poor,1.0,Completed
1461.0,6.0,Funke Adeyemi,194.0,2024-11-09 20:22:15.403,16:54:00,24.0,Excellent,5.0,Completed
1462.0,6.0,Funke Adeyemi,194.0,2024-12-04 20:22:15.403,08:04:00,8.0,Very Poor,1.0,Completed
1463.0,6.0,Funke Adeyemi,194.0,2024-12-19 20:22:15.403,16:47:00,18.0,Poor,2.0,Completed
1464.0,7.0,Segun Oladipo,195.0,2024-11-16 20:22:15.403,09:21:00,21.0,Average,3.0,Completed
1465.0,7.0,Segun Oladipo,195.0,2025-01-16 20:22:15.403,18:25:00,29.0,Average,3.0,Completed
1466.0,7.0,Segun Oladipo,195.0,2024-06-05 20:22:15.403,15:34:00,2.0,Average,3.0,Completed
1467.0,7.0,Segun Oladipo,195.0,2024-04-11 20:22:15.403,12:24:00,2.0,Very Poor,1.0,Completed
1468.0,7.0,Segun Oladipo,195.0,2024-11-24 20:22:15.403,14:50:00,7.0,Good,4.0,Completed
1469.0,7.0,Segun Oladipo,195.0,2025-01-05 20:22:15.403,12:58:00,18.0,Good,4.0,Completed
1470.0,7.0,Segun Oladipo,195.0,2024-10-19 20:22:15.403,14:06:00,13.0,Poor,2.0,Completed
1471.0,15.0,Gbenga Adesina,196.0,2024-12-11 20:22:15.403,10:02:00,28.0,Average,3.0,Completed
1472.0,15.0,Gbenga Adesina,196.0,2024-06-02 20:22:15.403,12:58:00,10.0,Very Poor,1.0,Completed
1473.0,15.0,Gbenga Adesina,196.0,2024-08-22 20:22:15.403,18:17:00,22.0,Excellent,5.0,Completed
1474.0,15.0,Gbenga Adesina,196.0,2024-07-24 20:22:15.403,11:39:00,16.0,Good,4.0,Completed
1475.0,15.0,Gbenga Adesina,196.0,2024-03-28 20:22:15.403,13:05:00,15.0,Excellent,5.0,Completed
1476.0,15.0,Gbenga Adesina,196.0,2024-11-25 20:22:15.403,10:01:00,11.0,Good,4.0,Completed
1477.0,15.0,Gbenga Adesina,196.0,2024-09-19 20:22:15.403,12:40:00,15.0,Very Poor,1.0,Completed
1478.0,20.0,Adewale Ogunleye,197.0,2024-05-30 20:22:15.403,18:28:00,12.0,Good,4.0,Completed
1479.0,20.0,Adewale Ogunleye,197.0,2024-09-05 20:22:15.403,16:43:00,25.0,Good,4.0,Completed
1480.0,20.0,Adewale Ogunleye,197.0,2025-02-24 20:22:15.403,13:43:00,5.0,Excellent,5.0,Completed
1481.0,20.0,Adewale Ogunleye,197.0,2024-10-02 20:22:15.403,14:51:00,25.0,Good,4.0,Completed
1482.0,20.0,Adewale Ogunleye,197.0,2024-11-08 20:22:15.403,14:27:00,28.0,Excellent,5.0,Completed
1483.0,20.0,Adewale Ogunleye,197.0,2024-05-29 20:22:15.403,19:21:00,9.0,Average,3.0,Completed
1484.0,20.0,Adewale Ogunleye,197.0,2025-02-10 20:22:15.403,12:48:00,15.0,Very Poor,1.0,Completed
1485.0,4.0,Aisha Mohammed,198.0,2024-04-15 20:22:15.403,17:23:00,21.0,Excellent,5.0,Completed
1486.0,4.0,Aisha Mohammed,198.0,2024-09-13 20:22:15.403,15:35:00,9.0,Average,3.0,Completed
1487.0,4.0,Aisha Mohammed,198.0,2024-12-03 20:22:15.403,09:02:00,2.0,Poor,2.0,Completed
1488.0,4.0,Aisha Mohammed,198.0,2024-06-17 20:22:15.403,18:28:00,17.0,Poor,2.0,Completed
1489.0,4.0,Aisha Mohammed,198.0,2024-03-09 20:22:15.403,15:34:00,2.0,Good,4.0,Completed
1490.0,4.0,Aisha Mohammed,198.0,2024-12-20 20:22:15.403,10:25:00,24.0,Good,4.0,Completed
1491.0,4.0,Aisha Mohammed,198.0,2024-05-13 20:22:15.403,18:15:00,26.0,Very Poor,1.0,Completed
1492.0,4.0,Aisha Mohammed,198.0,2024-03-11 20:22:15.403,13:31:00,23.0,Good,4.0,Completed
1493.0,4.0,Aisha Mohammed,198.0,2024-08-04 20:22:15.403,15:43:00,11.0,Excellent,5.0,Completed
1494.0,16.0,Chika Umeh,199.0,2024-12-12 20:22:15.403,12:54:00,25.0,Very Poor,1.0,Completed
1495.0,16.0,Chika Umeh,199.0,2024-04-13 20:22:15.403,08:25:00,21.0,Poor,2.0,Completed
1496.0,16.0,Chika Umeh,199.0,2024-05-24 20:22:15.403,16:10:00,8.0,Average,3.0,Completed
1497.0,16.0,Chika Umeh,199.0,2024-09-28 20:22:15.403,09:03:00,28.0,Excellent,5.0,Completed
1498.0,16.0,Chika Umeh,199.0,2024-09-30 20:22:15.403,17:51:00,11.0,Poor,2.0,Completed
1499.0,16.0,Chika Umeh,199.0,2024-07-18 20:22:15.403,16:10:00,12.0,Poor,2.0,Completed
1500.0,19.0,Felix Odion,200.0,2025-01-01 20:22:15.403,10:02:00,10.0,Very Poor,1.0,Completed
1501.0,19.0,Felix Odion,200.0,2024-11-27 20:22:15.403,12:35:00,11.0,Excellent,5.0,Completed
1502.0,19.0,Felix Odion,200.0,2024-03-09 20:22:15.403,17:08:00,2.0,Very Poor,1.0,Completed
1503.0,19.0,Felix Odion,200.0,2024-07-15 20:22:15.403,16:55:00,29.0,Good,4.0,Completed
1504.0,19.0,Felix Odion,200.0,2024-11-20 20:22:15.403,09:07:00,3.0,Excellent,5.0,Completed
1505.0,19.0,Felix Odion,200.0,2024-05-01 20:22:15.403,15:54:00,18.0,Poor,2.0,Completed
1506.0,19.0,Felix Odion,200.0,2024-04-28 20:22:15.403,09:13:00,1.0,Excellent,5.0,Completed
1507.0,19.0,Felix Odion,200.0,2024-12-29 20:22:15.403,09:48:00,13.0,Poor,2.0,Completed
1508.0,19.0,Felix Odion,200.0,2024-10-25 20:22:15.403,12:00:00,19.0,Very Poor,1.0,Completed
1509.0,19.0,Felix Odion,200.0,2025-02-04 20:22:15.403,10:14:00,10.0,Good,4.0,Completed
1510.0,13.0,Bola Akinwunmi,201.0,2024-10-10 20:22:15.403,19:05:00,7.0,Average,3.0,Completed
1511.0,13.0,Bola Akinwunmi,201.0,2025-02-09 20:22:15.403,17:09:00,12.0,Average,3.0,Completed
1512.0,13.0,Bola Akinwunmi,201.0,2024-04-21 20:22:15.403,10:47:00,4.0,Poor,2.0,Completed
1513.0,13.0,Bola Akinwunmi,201.0,2025-02-24 20:22:15.403,10:22:00,11.0,Good,4.0,Completed
1514.0,13.0,Bola Akinwunmi,201.0,2024-09-03 20:22:15.403,11:01:00,7.0,Average,3.0,Completed
1515.0,13.0,Bola Akinwunmi,201.0,2024-05-05 20:22:15.403,17:35:00,20.0,Good,4.0,Completed
1516.0,13.0,Bola Akinwunmi,201.0,2025-02-17 20:22:15.403,08:53:00,3.0,Very Poor,1.0,Completed
1517.0,5.0,Obinna Eze,202.0,2024-05-03 20:22:15.403,18:47:00,27.0,Good,4.0,Completed
1518.0,5.0,Obinna Eze,202.0,2024-04-11 20:22:15.403,08:24:00,25.0,Poor,2.0,Completed
1519.0,5.0,Obinna Eze,202.0,2025-03-04 20:22:15.403,13:41:00,6.0,Poor,2.0,Completed
1520.0,5.0,Obinna Eze,202.0,2025-02-09 20:22:15.403,14:38:00,8.0,Poor,2.0,Completed
1521.0,5.0,Obinna Eze,202.0,2025-02-12 20:22:15.403,17:33:00,20.0,Poor,2.0,Completed
1522.0,5.0,Obinna Eze,202.0,2024-04-14 20:22:15.403,08:08:00,9.0,Poor,2.0,Completed
1523.0,5.0,Obinna Eze,202.0,2025-01-03 20:22:15.403,11:23:00,22.0,Poor,2.0,Completed
1524.0,5.0,Obinna Eze,202.0,2024-08-07 20:22:15.403,16:35:00,21.0,Excellent,5.0,Completed
1525.0,5.0,Obinna Eze,202.0,2024-07-21 20:22:15.403,17:03:00,5.0,Very Poor,1.0,Completed
1526.0,5.0,Obinna Eze,202.0,2024-08-21 20:22:15.403,10:05:00,22.0,Excellent,5.0,Completed
1527.0,17.0,Rasheed Lawal,203.0,2025-02-26 20:22:15.403,12:29:00,21.0,Excellent,5.0,Completed
1528.0,17.0,Rasheed Lawal,203.0,2024-04-24 20:22:15.403,14:14:00,26.0,Good,4.0,Completed
1529.0,17.0,Rasheed Lawal,203.0,2024-05-26 20:22:15.403,09:45:00,1.0,Very Poor,1.0,Completed
1530.0,17.0,Rasheed Lawal,203.0,2024-07-14 20:22:15.403,13:56:00,16.0,Excellent,5.0,Completed
1531.0,17.0,Rasheed Lawal,203.0,2024-12-24 20:22:15.403,14:38:00,25.0,Excellent,5.0,Completed
1532.0,17.0,Rasheed Lawal,203.0,2024-08-25 20:22:15.403,11:21:00,27.0,Average,3.0,Completed
1533.0,15.0,Gbenga Adesina,204.0,2024-10-11 20:22:15.403,14:26:00,11.0,Very Poor,1.0,Completed
1534.0,15.0,Gbenga Adesina,204.0,2024-04-29 20:22:15.403,17:17:00,28.0,Excellent,5.0,Completed
1535.0,15.0,Gbenga Adesina,204.0,2024-11-08 20:22:15.403,18:26:00,25.0,Excellent,5.0,Completed
1536.0,15.0,Gbenga Adesina,204.0,2024-12-21 20:22:15.403,08:45:00,17.0,Excellent,5.0,Completed
1537.0,15.0,Gbenga Adesina,204.0,2024-10-27 20:22:15.403,08:23:00,21.0,Average,3.0,Completed
1538.0,8.0,Ngozi Okonkwo,205.0,2024-08-22 20:22:15.403,08:29:00,22.0,Very Poor,1.0,Completed
1539.0,8.0,Ngozi Okonkwo,205.0,2025-01-16 20:22:15.403,13:11:00,2.0,Very Poor,1.0,Completed
1540.0,8.0,Ngozi Okonkwo,205.0,2025-01-05 20:22:15.403,11:08:00,22.0,Average,3.0,Completed
1541.0,8.0,Ngozi Okonkwo,205.0,2024-05-04 20:22:15.403,13:57:00,26.0,Good,4.0,Completed
1542.0,8.0,Ngozi Okonkwo,205.0,2024-07-06 20:22:15.403,16:26:00,1.0,Excellent,5.0,Completed
1543.0,8.0,Ngozi Okonkwo,205.0,2024-04-19 20:22:15.403,14:01:00,24.0,Good,4.0,Completed
1544.0,8.0,Ngozi Okonkwo,205.0,2024-04-08 20:22:15.403,09:07:00,18.0,Poor,2.0,Completed
1545.0,8.0,Ngozi Okonkwo,205.0,2024-12-31 20:22:15.403,09:49:00,9.0,Poor,2.0,Completed
1546.0,8.0,Ngozi Okonkwo,205.0,2024-09-07 20:22:15.403,13:50:00,21.0,Excellent,5.0,Completed
1547.0,6.0,Funke Adeyemi,206.0,2024-07-18 20:22:15.403,15:03:00,23.0,Average,3.0,Completed
1548.0,6.0,Funke Adeyemi,206.0,2024-05-20 20:22:15.403,08:58:00,24.0,Poor,2.0,Completed
1549.0,6.0,Funke Adeyemi,206.0,2024-05-02 20:22:15.403,18:15:00,3.0,Good,4.0,Completed
1550.0,6.0,Funke Adeyemi,206.0,2024-04-04 20:22:15.403,11:58:00,6.0,Very Poor,1.0,Completed
1551.0,6.0,Funke Adeyemi,206.0,2024-05-19 20:22:15.403,17:36:00,20.0,Very Poor,1.0,Completed
1552.0,15.0,Gbenga Adesina,207.0,2025-01-09 20:22:15.403,08:41:00,8.0,Good,4.0,Completed
1553.0,15.0,Gbenga Adesina,207.0,2024-10-09 20:22:15.403,10:47:00,10.0,Very Poor,1.0,Completed
1554.0,15.0,Gbenga Adesina,207.0,2024-08-14 20:22:15.403,12:10:00,6.0,Poor,2.0,Completed
1555.0,15.0,Gbenga Adesina,207.0,2024-03-19 20:22:15.403,18:31:00,6.0,Good,4.0,Completed
1556.0,15.0,Gbenga Adesina,207.0,2024-04-02 20:22:15.403,18:38:00,13.0,Poor,2.0,Completed
1557.0,15.0,Gbenga Adesina,207.0,2025-02-04 20:22:15.403,16:04:00,13.0,Excellent,5.0,Completed
1558.0,15.0,Gbenga Adesina,207.0,2024-03-27 20:22:15.403,15:01:00,15.0,Excellent,5.0,Completed
1559.0,15.0,Gbenga Adesina,207.0,2024-06-28 20:22:15.403,15:42:00,22.0,Excellent,5.0,Completed
1560.0,15.0,Gbenga Adesina,207.0,2024-06-02 20:22:15.403,12:09:00,4.0,Very Poor,1.0,Completed
1561.0,10.0,Chinedu Opara,208.0,2024-09-07 20:22:15.403,11:30:00,11.0,Good,4.0,Completed
1562.0,10.0,Chinedu Opara,208.0,2024-12-28 20:22:15.403,14:57:00,19.0,Excellent,5.0,Completed
1563.0,10.0,Chinedu Opara,208.0,2025-02-15 20:22:15.403,11:58:00,4.0,Good,4.0,Completed
1564.0,10.0,Chinedu Opara,208.0,2024-06-05 20:22:15.403,13:43:00,28.0,Very Poor,1.0,Completed
1565.0,10.0,Chinedu Opara,208.0,2024-04-28 20:22:15.403,14:41:00,21.0,Good,4.0,Completed
1566.0,10.0,Chinedu Opara,208.0,2024-04-01 20:22:15.403,19:25:00,4.0,Poor,2.0,Completed
1567.0,19.0,Felix Odion,209.0,2024-10-11 20:22:15.403,09:07:00,11.0,Good,4.0,Completed
1568.0,19.0,Felix Odion,209.0,2024-08-27 20:22:15.403,13:03:00,25.0,Very Poor,1.0,Completed
1569.0,19.0,Felix Odion,209.0,2024-10-29 20:22:15.403,18:50:00,6.0,Excellent,5.0,Completed
1570.0,19.0,Felix Odion,209.0,2024-04-08 20:22:15.403,12:25:00,10.0,Poor,2.0,Completed
1571.0,19.0,Felix Odion,209.0,2024-12-29 20:22:15.403,12:25:00,20.0,Very Poor,1.0,Completed
1572.0,6.0,Funke Adeyemi,210.0,2025-01-16 20:22:15.403,11:52:00,7.0,Very Poor,1.0,Completed
1573.0,6.0,Funke Adeyemi,210.0,2024-10-25 20:22:15.403,09:05:00,25.0,Average,3.0,Completed
1574.0,6.0,Funke Adeyemi,210.0,2024-03-23 20:22:15.403,11:21:00,14.0,Very Poor,1.0,Completed
1575.0,6.0,Funke Adeyemi,210.0,2024-12-29 20:22:15.403,10:37:00,25.0,Poor,2.0,Completed
1576.0,6.0,Funke Adeyemi,210.0,2024-07-31 20:22:15.403,12:26:00,16.0,Average,3.0,Completed
1577.0,6.0,Funke Adeyemi,210.0,2024-03-16 20:22:15.403,18:11:00,12.0,Very Poor,1.0,Completed
1578.0,18.0,Amaka Obi,211.0,2025-02-20 20:22:15.403,13:17:00,25.0,Poor,2.0,Completed
1579.0,18.0,Amaka Obi,211.0,2024-03-29 20:22:15.403,19:27:00,6.0,Good,4.0,Completed
1580.0,18.0,Amaka Obi,211.0,2024-09-09 20:22:15.403,18:48:00,28.0,Very Poor,1.0,Completed
1581.0,18.0,Amaka Obi,211.0,2024-10-06 20:22:15.403,15:25:00,6.0,Poor,2.0,Completed
1582.0,18.0,Amaka Obi,211.0,2024-06-28 20:22:15.403,12:33:00,6.0,Good,4.0,Completed
1583.0,18.0,Amaka Obi,211.0,2024-06-17 20:22:15.403,18:09:00,4.0,Good,4.0,Completed
1584.0,18.0,Amaka Obi,211.0,2024-11-25 20:22:15.403,11:58:00,5.0,Poor,2.0,Completed
1585.0,1.0,Emeka Okafor,212.0,2024-09-15 20:22:15.403,13:38:00,12.0,Poor,2.0,Completed
1586.0,1.0,Emeka Okafor,212.0,2024-03-31 20:22:15.403,18:56:00,17.0,Poor,2.0,Completed
1587.0,1.0,Emeka Okafor,212.0,2024-09-19 20:22:15.403,14:18:00,25.0,Poor,2.0,Completed
1588.0,1.0,Emeka Okafor,212.0,2024-09-20 20:22:15.403,11:42:00,23.0,Good,4.0,Completed
1589.0,1.0,Emeka Okafor,212.0,2024-12-21 20:22:15.403,10:31:00,10.0,Excellent,5.0,Completed
1590.0,1.0,Emeka Okafor,212.0,2024-10-13 20:22:15.403,18:11:00,10.0,Poor,2.0,Completed
1591.0,1.0,Emeka Okafor,212.0,2024-05-02 20:22:15.403,19:07:00,18.0,Very Poor,1.0,Completed
1592.0,1.0,Emeka Okafor,212.0,2024-03-08 20:22:15.403,14:01:00,7.0,Excellent,5.0,Completed
1593.0,8.0,Ngozi Okonkwo,213.0,2024-10-09 20:22:15.403,19:08:00,12.0,Poor,2.0,Completed
1594.0,8.0,Ngozi Okonkwo,213.0,2025-01-25 20:22:15.403,17:31:00,4.0,Average,3.0,Completed
1595.0,8.0,Ngozi Okonkwo,213.0,2024-12-20 20:22:15.403,15:50:00,4.0,Average,3.0,Completed
1596.0,8.0,Ngozi Okonkwo,213.0,2024-11-04 20:22:15.403,19:13:00,6.0,Excellent,5.0,Completed
1597.0,8.0,Ngozi Okonkwo,213.0,2024-04-05 20:22:15.403,19:35:00,25.0,Good,4.0,Completed
1598.0,8.0,Ngozi Okonkwo,213.0,2024-12-25 20:22:15.403,13:21:00,18.0,Poor,2.0,Completed
1599.0,8.0,Ngozi Okonkwo,213.0,2024-11-30 20:22:15.403,15:19:00,8.0,Very Poor,1.0,Completed
1600.0,8.0,Ngozi Okonkwo,213.0,2025-02-28 20:22:15.403,12:02:00,19.0,Very Poor,1.0,Completed
1601.0,8.0,Ngozi Okonkwo,213.0,2024-05-16 20:22:15.403,09:09:00,6.0,Average,3.0,Completed
1602.0,8.0,Ngozi Okonkwo,213.0,2024-10-01 20:22:15.403,14:43:00,29.0,Excellent,5.0,Completed
1603.0,14.0,Zainab Suleiman,214.0,2024-09-05 20:22:15.403,17:11:00,8.0,Good,4.0,Completed
1604.0,14.0,Zainab Suleiman,214.0,2024-11-27 20:22:15.403,14:08:00,19.0,Very Poor,1.0,Completed
1605.0,14.0,Zainab Suleiman,214.0,2024-08-30 20:22:15.403,13:31:00,17.0,Good,4.0,Completed
1606.0,14.0,Zainab Suleiman,214.0,2024-10-10 20:22:15.403,18:33:00,4.0,Good,4.0,Completed
1607.0,14.0,Zainab Suleiman,214.0,2024-06-11 20:22:15.403,12:53:00,10.0,Excellent,5.0,Completed
1608.0,14.0,Zainab Suleiman,214.0,2024-04-29 20:22:15.403,16:27:00,10.0,Excellent,5.0,Completed
1609.0,14.0,Zainab Suleiman,214.0,2024-04-02 20:22:15.403,11:54:00,17.0,Excellent,5.0,Completed
1610.0,14.0,Zainab Suleiman,214.0,2024-07-21 20:22:15.403,19:57:00,25.0,Excellent,5.0,Completed
1611.0,14.0,Zainab Suleiman,214.0,2024-05-14 20:22:15.403,17:27:00,27.0,Good,4.0,Completed
1612.0,14.0,Zainab Suleiman,214.0,2024-09-05 20:22:15.403,11:07:00,3.0,Very Poor,1.0,Completed
1613.0,16.0,Chika Umeh,215.0,2025-02-06 20:22:15.403,18:57:00,11.0,Poor,2.0,Completed
1614.0,16.0,Chika Umeh,215.0,2024-04-08 20:22:15.403,09:54:00,1.0,Excellent,5.0,Completed
1615.0,16.0,Chika Umeh,215.0,2024-04-04 20:22:15.403,19:41:00,11.0,Very Poor,1.0,Completed
1616.0,16.0,Chika Umeh,215.0,2024-04-29 20:22:15.403,14:11:00,10.0,Average,3.0,Completed
1617.0,16.0,Chika Umeh,215.0,2025-01-25 20:22:15.403,13:02:00,24.0,Average,3.0,Completed
1618.0,16.0,Chika Umeh,215.0,2024-12-19 20:22:15.403,18:46:00,8.0,Excellent,5.0,Completed
1619.0,12.0,Yakubu Bello,216.0,2024-08-31 20:22:15.403,17:53:00,27.0,Average,3.0,Completed
1620.0,12.0,Yakubu Bello,216.0,2024-11-09 20:22:15.403,11:42:00,29.0,Very Poor,1.0,Completed
1621.0,12.0,Yakubu Bello,216.0,2024-07-19 20:22:15.403,16:07:00,4.0,Excellent,5.0,Completed
1622.0,12.0,Yakubu Bello,216.0,2024-04-07 20:22:15.403,19:17:00,29.0,Good,4.0,Completed
1623.0,12.0,Yakubu Bello,216.0,2025-02-17 20:22:15.403,19:44:00,15.0,Good,4.0,Completed
1624.0,12.0,Yakubu Bello,216.0,2025-01-04 20:22:15.403,11:00:00,9.0,Very Poor,1.0,Completed
1625.0,12.0,Yakubu Bello,216.0,2025-01-25 20:22:15.403,13:35:00,14.0,Excellent,5.0,Completed
1626.0,12.0,Yakubu Bello,216.0,2024-07-30 20:22:15.403,15:16:00,19.0,Excellent,5.0,Completed
1627.0,18.0,Amaka Obi,217.0,2024-04-01 20:22:15.403,11:17:00,25.0,Poor,2.0,Completed
1628.0,18.0,Amaka Obi,217.0,2025-01-07 20:22:15.403,11:28:00,10.0,Excellent,5.0,Completed
1629.0,18.0,Amaka Obi,217.0,2024-08-04 20:22:15.403,11:18:00,8.0,Good,4.0,Completed
1630.0,18.0,Amaka Obi,217.0,2024-08-07 20:22:15.403,12:14:00,20.0,Good,4.0,Completed
1631.0,18.0,Amaka Obi,217.0,2024-09-15 20:22:15.403,15:16:00,23.0,Good,4.0,Completed
1632.0,18.0,Amaka Obi,217.0,2024-05-13 20:22:15.403,17:21:00,2.0,Good,4.0,Completed
1633.0,18.0,Amaka Obi,217.0,2024-08-29 20:22:15.403,08:36:00,14.0,Good,4.0,Completed
1634.0,18.0,Amaka Obi,217.0,2024-05-06 20:22:15.403,12:19:00,3.0,Excellent,5.0,Completed
1635.0,10.0,Chinedu Opara,218.0,2024-09-28 20:22:15.403,19:13:00,18.0,Average,3.0,Completed
1636.0,10.0,Chinedu Opara,218.0,2025-01-11 20:22:15.403,17:20:00,1.0,Very Poor,1.0,Completed
1637.0,10.0,Chinedu Opara,218.0,2024-07-30 20:22:15.403,17:19:00,6.0,Poor,2.0,Completed
1638.0,10.0,Chinedu Opara,218.0,2024-03-30 20:22:15.403,12:26:00,3.0,Excellent,5.0,Completed
1639.0,10.0,Chinedu Opara,218.0,2024-08-23 20:22:15.403,08:17:00,24.0,Excellent,5.0,Completed
1640.0,10.0,Chinedu Opara,218.0,2024-05-17 20:22:15.403,11:38:00,15.0,Very Poor,1.0,Completed
1641.0,3.0,Tunde Balogun,219.0,2024-04-11 20:22:15.403,10:37:00,18.0,Very Poor,1.0,Completed
1642.0,3.0,Tunde Balogun,219.0,2024-11-29 20:22:15.403,15:24:00,27.0,Very Poor,1.0,Completed
1643.0,3.0,Tunde Balogun,219.0,2024-03-10 20:22:15.403,10:20:00,11.0,Poor,2.0,Completed
1644.0,3.0,Tunde Balogun,219.0,2025-02-02 20:22:15.403,17:15:00,4.0,Average,3.0,Completed
1645.0,3.0,Tunde Balogun,219.0,2024-10-08 20:22:15.403,13:37:00,6.0,Good,4.0,Completed
1646.0,3.0,Tunde Balogun,219.0,2025-01-16 20:22:15.403,19:39:00,11.0,Good,4.0,Completed
1647.0,2.0,Chioma Nwosu,220.0,2024-04-30 20:22:15.403,10:35:00,3.0,Poor,2.0,Completed
1648.0,2.0,Chioma Nwosu,220.0,2024-04-06 20:22:15.403,16:59:00,28.0,Average,3.0,Completed
1649.0,2.0,Chioma Nwosu,220.0,2025-01-31 20:22:15.403,14:11:00,1.0,Average,3.0,Completed
1650.0,2.0,Chioma Nwosu,220.0,2024-09-18 20:22:15.403,09:06:00,10.0,Excellent,5.0,Completed
1651.0,2.0,Chioma Nwosu,220.0,2024-06-12 20:22:15.403,12:14:00,24.0,Very Poor,1.0,Completed
1652.0,2.0,Chioma Nwosu,220.0,2024-07-25 20:22:15.403,14:55:00,4.0,Very Poor,1.0,Completed
1653.0,2.0,Chioma Nwosu,220.0,2024-05-31 20:22:15.403,12:15:00,29.0,Poor,2.0,Completed
1654.0,2.0,Chioma Nwosu,220.0,2024-10-23 20:22:15.403,09:12:00,1.0,Very Poor,1.0,Completed
1655.0,2.0,Chioma Nwosu,220.0,2024-08-08 20:22:15.403,09:41:00,21.0,Poor,2.0,Completed
1656.0,2.0,Chioma Nwosu,220.0,2024-11-22 20:22:15.403,09:39:00,22.0,Poor,2.0,Completed
1657.0,4.0,Aisha Mohammed,221.0,2024-09-21 20:22:15.403,13:04:00,27.0,Excellent,5.0,Completed
1658.0,4.0,Aisha Mohammed,221.0,2024-08-25 20:22:15.403,15:38:00,4.0,Poor,2.0,Completed
1659.0,4.0,Aisha Mohammed,221.0,2024-04-04 20:22:15.403,15:05:00,23.0,Poor,2.0,Completed
1660.0,4.0,Aisha Mohammed,221.0,2024-06-04 20:22:15.403,12:43:00,18.0,Average,3.0,Completed
1661.0,4.0,Aisha Mohammed,221.0,2024-08-20 20:22:15.403,18:08:00,29.0,Average,3.0,Completed
1662.0,4.0,Aisha Mohammed,221.0,2024-09-11 20:22:15.403,15:14:00,25.0,Average,3.0,Completed
1663.0,4.0,Aisha Mohammed,221.0,2024-12-01 20:22:15.403,19:14:00,17.0,Excellent,5.0,Completed
1664.0,4.0,Aisha Mohammed,221.0,2024-04-04 20:22:15.403,15:38:00,5.0,Very Poor,1.0,Completed
1665.0,4.0,Aisha Mohammed,221.0,2024-12-23 20:22:15.403,11:07:00,18.0,Poor,2.0,Completed
1666.0,16.0,Chika Umeh,222.0,2024-06-27 20:22:15.403,13:59:00,29.0,Excellent,5.0,Completed
1667.0,16.0,Chika Umeh,222.0,2024-04-27 20:22:15.403,13:31:00,26.0,Good,4.0,Completed
1668.0,16.0,Chika Umeh,222.0,2024-06-02 20:22:15.403,10:47:00,29.0,Very Poor,1.0,Completed
1669.0,16.0,Chika Umeh,222.0,2024-05-09 20:22:15.403,16:40:00,28.0,Poor,2.0,Completed
1670.0,16.0,Chika Umeh,222.0,2024-05-11 20:22:15.403,13:22:00,19.0,Good,4.0,Completed
1671.0,16.0,Chika Umeh,222.0,2024-05-16 20:22:15.403,14:21:00,12.0,Very Poor,1.0,Completed
1672.0,11.0,Kemi Adebanjo,223.0,2024-09-26 20:22:15.403,12:11:00,6.0,Very Poor,1.0,Completed
1673.0,11.0,Kemi Adebanjo,223.0,2025-01-07 20:22:15.403,18:37:00,23.0,Excellent,5.0,Completed
1674.0,11.0,Kemi Adebanjo,223.0,2024-10-15 20:22:15.403,13:28:00,23.0,Very Poor,1.0,Completed
1675.0,11.0,Kemi Adebanjo,223.0,2024-09-13 20:22:15.403,11:35:00,29.0,Poor,2.0,Completed
1676.0,11.0,Kemi Adebanjo,223.0,2025-02-27 20:22:15.403,10:42:00,26.0,Excellent,5.0,Completed
1677.0,11.0,Kemi Adebanjo,223.0,2025-02-10 20:22:15.403,08:42:00,17.0,Very Poor,1.0,Completed
1678.0,11.0,Kemi Adebanjo,223.0,2025-01-09 20:22:15.403,09:30:00,22.0,Excellent,5.0,Completed
1679.0,9.0,Ibrahim Danjuma,224.0,2024-03-11 20:22:15.403,16:36:00,5.0,Good,4.0,Completed
1680.0,9.0,Ibrahim Danjuma,224.0,2024-04-12 20:22:15.403,08:37:00,1.0,Very Poor,1.0,Completed
1681.0,9.0,Ibrahim Danjuma,224.0,2024-05-26 20:22:15.403,14:03:00,16.0,Very Poor,1.0,Completed
1682.0,9.0,Ibrahim Danjuma,224.0,2024-10-14 20:22:15.403,10:54:00,16.0,Poor,2.0,Completed
1683.0,9.0,Ibrahim Danjuma,224.0,2024-07-27 20:22:15.403,10:47:00,18.0,Poor,2.0,Completed
1684.0,8.0,Ngozi Okonkwo,225.0,2024-12-15 20:22:15.403,17:30:00,27.0,Good,4.0,Completed
1685.0,8.0,Ngozi Okonkwo,225.0,2025-02-06 20:22:15.403,14:37:00,6.0,Poor,2.0,Completed
1686.0,8.0,Ngozi Okonkwo,225.0,2024-05-02 20:22:15.403,12:43:00,28.0,Poor,2.0,Completed
1687.0,8.0,Ngozi Okonkwo,225.0,2024-04-05 20:22:15.403,14:58:00,23.0,Good,4.0,Completed
1688.0,8.0,Ngozi Okonkwo,225.0,2024-09-07 20:22:15.403,11:36:00,20.0,Poor,2.0,Completed
1689.0,8.0,Ngozi Okonkwo,225.0,2025-02-14 20:22:15.403,17:16:00,11.0,Good,4.0,Completed
1690.0,8.0,Ngozi Okonkwo,225.0,2025-02-15 20:22:15.403,13:53:00,6.0,Excellent,5.0,Completed
1691.0,20.0,Adewale Ogunleye,226.0,2024-03-14 20:22:15.403,17:51:00,3.0,Poor,2.0,Completed
1692.0,20.0,Adewale Ogunleye,226.0,2025-03-05 20:22:15.403,15:55:00,20.0,Good,4.0,Completed
1693.0,20.0,Adewale Ogunleye,226.0,2024-12-11 20:22:15.403,19:54:00,6.0,Good,4.0,Completed
1694.0,20.0,Adewale Ogunleye,226.0,2024-06-28 20:22:15.403,19:33:00,26.0,Excellent,5.0,Completed
1695.0,20.0,Adewale Ogunleye,226.0,2024-09-23 20:22:15.403,09:56:00,14.0,Excellent,5.0,Completed
1696.0,20.0,Adewale Ogunleye,226.0,2024-09-15 20:22:15.403,10:29:00,13.0,Average,3.0,Completed
1697.0,2.0,Chioma Nwosu,227.0,2024-12-11 20:22:15.403,08:14:00,8.0,Very Poor,1.0,Completed
1698.0,2.0,Chioma Nwosu,227.0,2024-04-24 20:22:15.403,08:49:00,17.0,Poor,2.0,Completed
1699.0,2.0,Chioma Nwosu,227.0,2024-06-15 20:22:15.403,19:37:00,9.0,Excellent,5.0,Completed
1700.0,2.0,Chioma Nwosu,227.0,2025-02-05 20:22:15.403,09:45:00,24.0,Poor,2.0,Completed
1701.0,2.0,Chioma Nwosu,227.0,2024-10-24 20:22:15.403,14:32:00,21.0,Excellent,5.0,Completed
1702.0,2.0,Chioma Nwosu,227.0,2024-04-10 20:22:15.403,13:37:00,27.0,Very Poor,1.0,Completed
1703.0,3.0,Tunde Balogun,228.0,2024-10-26 20:22:15.403,09:03:00,8.0,Average,3.0,Completed
1704.0,3.0,Tunde Balogun,228.0,2024-06-01 20:22:15.403,12:51:00,19.0,Good,4.0,Completed
1705.0,3.0,Tunde Balogun,228.0,2024-06-12 20:22:15.403,12:39:00,13.0,Poor,2.0,Completed
1706.0,3.0,Tunde Balogun,228.0,2024-05-23 20:22:15.403,17:13:00,19.0,Poor,2.0,Completed
1707.0,3.0,Tunde Balogun,228.0,2024-04-22 20:22:15.403,11:59:00,23.0,Poor,2.0,Completed
1708.0,3.0,Tunde Balogun,228.0,2024-03-28 20:22:15.403,10:43:00,26.0,Poor,2.0,Completed
1709.0,2.0,Chioma Nwosu,229.0,2024-10-18 20:22:15.403,16:02:00,24.0,Very Poor,1.0,Completed
1710.0,2.0,Chioma Nwosu,229.0,2025-03-05 20:22:15.403,12:11:00,17.0,Good,4.0,Completed
1711.0,2.0,Chioma Nwosu,229.0,2024-09-13 20:22:15.403,13:44:00,1.0,Good,4.0,Completed
1712.0,2.0,Chioma Nwosu,229.0,2024-08-21 20:22:15.403,09:36:00,29.0,Poor,2.0,Completed
1713.0,2.0,Chioma Nwosu,229.0,2024-08-15 20:22:15.403,09:03:00,27.0,Poor,2.0,Completed
1714.0,2.0,Chioma Nwosu,229.0,2025-01-22 20:22:15.403,17:34:00,8.0,Excellent,5.0,Completed
1715.0,2.0,Chioma Nwosu,229.0,2024-03-08 20:22:15.403,10:54:00,7.0,Average,3.0,Completed
1716.0,2.0,Chioma Nwosu,229.0,2025-02-15 20:22:15.403,08:38:00,26.0,Average,3.0,Completed
1717.0,5.0,Obinna Eze,230.0,2024-10-29 20:22:15.403,16:13:00,11.0,Average,3.0,Completed
1718.0,5.0,Obinna Eze,230.0,2024-10-24 20:22:15.403,08:06:00,12.0,Poor,2.0,Completed
1719.0,5.0,Obinna Eze,230.0,2024-08-30 20:22:15.403,13:25:00,2.0,Very Poor,1.0,Completed
1720.0,5.0,Obinna Eze,230.0,2024-12-29 20:22:15.403,13:26:00,3.0,Very Poor,1.0,Completed
1721.0,5.0,Obinna Eze,230.0,2024-12-12 20:22:15.403,13:07:00,11.0,Very Poor,1.0,Completed
1722.0,5.0,Obinna Eze,230.0,2025-01-24 20:22:15.403,19:24:00,1.0,Average,3.0,Completed
1723.0,20.0,Adewale Ogunleye,231.0,2024-06-23 20:22:15.403,17:03:00,24.0,Good,4.0,Completed
1724.0,20.0,Adewale Ogunleye,231.0,2024-05-13 20:22:15.403,12:09:00,26.0,Good,4.0,Completed
1725.0,20.0,Adewale Ogunleye,231.0,2024-05-10 20:22:15.403,13:06:00,6.0,Very Poor,1.0,Completed
1726.0,20.0,Adewale Ogunleye,231.0,2024-05-11 20:22:15.403,12:02:00,20.0,Poor,2.0,Completed
1727.0,20.0,Adewale Ogunleye,231.0,2024-09-07 20:22:15.403,16:28:00,19.0,Poor,2.0,Completed
1728.0,20.0,Adewale Ogunleye,231.0,2024-10-05 20:22:15.403,14:51:00,10.0,Good,4.0,Completed
1729.0,14.0,Zainab Suleiman,232.0,2024-09-12 20:22:15.403,15:18:00,27.0,Very Poor,1.0,Completed
1730.0,14.0,Zainab Suleiman,232.0,2024-11-04 20:22:15.403,11:00:00,16.0,Very Poor,1.0,Completed
1731.0,14.0,Zainab Suleiman,232.0,2025-03-05 20:22:15.403,12:52:00,25.0,Very Poor,1.0,Completed
1732.0,14.0,Zainab Suleiman,232.0,2024-12-12 20:22:15.403,19:46:00,23.0,Excellent,5.0,Completed
1733.0,14.0,Zainab Suleiman,232.0,2024-06-20 20:22:15.403,14:26:00,14.0,Very Poor,1.0,Completed
1734.0,3.0,Tunde Balogun,233.0,2025-02-15 20:22:15.403,11:33:00,6.0,Poor,2.0,Completed
1735.0,3.0,Tunde Balogun,233.0,2024-06-03 20:22:15.403,11:09:00,27.0,Excellent,5.0,Completed
1736.0,3.0,Tunde Balogun,233.0,2024-07-05 20:22:15.403,12:19:00,1.0,Very Poor,1.0,Completed
1737.0,3.0,Tunde Balogun,233.0,2024-08-22 20:22:15.403,14:28:00,21.0,Very Poor,1.0,Completed
1738.0,3.0,Tunde Balogun,233.0,2024-04-10 20:22:15.403,18:49:00,27.0,Poor,2.0,Completed
1739.0,3.0,Tunde Balogun,233.0,2024-06-08 20:22:15.403,17:05:00,7.0,Good,4.0,Completed
1740.0,3.0,Tunde Balogun,233.0,2024-11-22 20:22:15.403,09:29:00,24.0,Poor,2.0,Completed
1741.0,3.0,Tunde Balogun,233.0,2024-11-01 20:22:15.403,13:47:00,3.0,Poor,2.0,Completed
1742.0,3.0,Tunde Balogun,233.0,2025-01-11 20:22:15.403,19:14:00,13.0,Good,4.0,Completed
1743.0,16.0,Chika Umeh,234.0,2024-08-10 20:22:15.403,16:04:00,14.0,Very Poor,1.0,Completed
1744.0,16.0,Chika Umeh,234.0,2024-07-20 20:22:15.403,17:22:00,9.0,Very Poor,1.0,Completed
1745.0,16.0,Chika Umeh,234.0,2024-10-22 20:22:15.403,15:38:00,29.0,Average,3.0,Completed
1746.0,16.0,Chika Umeh,234.0,2025-02-28 20:22:15.403,17:54:00,23.0,Excellent,5.0,Completed
1747.0,16.0,Chika Umeh,234.0,2024-03-14 20:22:15.403,09:01:00,4.0,Good,4.0,Completed
1748.0,16.0,Chika Umeh,234.0,2024-09-11 20:22:15.403,17:51:00,20.0,Average,3.0,Completed
1749.0,16.0,Chika Umeh,234.0,2025-02-04 20:22:15.403,14:50:00,18.0,Good,4.0,Completed
1750.0,16.0,Chika Umeh,234.0,2024-04-08 20:22:15.403,13:10:00,12.0,Average,3.0,Completed
1751.0,20.0,Adewale Ogunleye,235.0,2024-12-31 20:22:15.403,17:09:00,9.0,Good,4.0,Completed
1752.0,20.0,Adewale Ogunleye,235.0,2024-07-31 20:22:15.403,13:43:00,22.0,Excellent,5.0,Completed
1753.0,20.0,Adewale Ogunleye,235.0,2024-03-25 20:22:15.403,09:29:00,27.0,Good,4.0,Completed
1754.0,20.0,Adewale Ogunleye,235.0,2024-04-13 20:22:15.403,11:19:00,21.0,Very Poor,1.0,Completed
1755.0,20.0,Adewale Ogunleye,235.0,2024-07-27 20:22:15.403,11:55:00,1.0,Average,3.0,Completed
1756.0,20.0,Adewale Ogunleye,235.0,2024-11-27 20:22:15.403,10:57:00,19.0,Good,4.0,Completed
1757.0,20.0,Adewale Ogunleye,235.0,2025-01-30 20:22:15.403,19:59:00,24.0,Average,3.0,Completed
1758.0,20.0,Adewale Ogunleye,235.0,2024-10-28 20:22:15.403,08:30:00,27.0,Average,3.0,Completed
1759.0,16.0,Chika Umeh,236.0,2024-12-13 20:22:15.403,15:29:00,22.0,Good,4.0,Completed
1760.0,16.0,Chika Umeh,236.0,2024-12-08 20:22:15.403,08:08:00,22.0,Average,3.0,Completed
1761.0,16.0,Chika Umeh,236.0,2025-03-05 20:22:15.403,11:48:00,6.0,Average,3.0,Completed
1762.0,16.0,Chika Umeh,236.0,2024-10-31 20:22:15.403,10:13:00,9.0,Very Poor,1.0,Completed
1763.0,16.0,Chika Umeh,236.0,2024-05-03 20:22:15.403,11:00:00,4.0,Excellent,5.0,Completed
1764.0,16.0,Chika Umeh,236.0,2024-04-30 20:22:15.403,12:54:00,4.0,Excellent,5.0,Completed
1765.0,16.0,Chika Umeh,237.0,2024-07-04 20:22:15.403,12:21:00,13.0,Poor,2.0,Completed
1766.0,16.0,Chika Umeh,237.0,2024-09-25 20:22:15.403,08:27:00,5.0,Poor,2.0,Completed
1767.0,16.0,Chika Umeh,237.0,2024-03-09 20:22:15.403,19:58:00,21.0,Very Poor,1.0,Completed
1768.0,16.0,Chika Umeh,237.0,2024-04-08 20:22:15.403,14:27:00,2.0,Excellent,5.0,Completed
1769.0,16.0,Chika Umeh,237.0,2024-08-18 20:22:15.403,16:57:00,17.0,Very Poor,1.0,Completed
1770.0,4.0,Aisha Mohammed,238.0,2024-08-12 20:22:15.403,10:10:00,17.0,Good,4.0,Completed
1771.0,4.0,Aisha Mohammed,238.0,2024-07-23 20:22:15.403,13:50:00,14.0,Very Poor,1.0,Completed
1772.0,4.0,Aisha Mohammed,238.0,2024-08-04 20:22:15.403,17:11:00,23.0,Very Poor,1.0,Completed
1773.0,4.0,Aisha Mohammed,238.0,2024-11-19 20:22:15.403,09:10:00,28.0,Poor,2.0,Completed
1774.0,4.0,Aisha Mohammed,238.0,2024-04-27 20:22:15.403,19:21:00,15.0,Poor,2.0,Completed
1775.0,6.0,Funke Adeyemi,239.0,2024-11-05 20:22:15.403,08:17:00,20.0,Excellent,5.0,Completed
1776.0,6.0,Funke Adeyemi,239.0,2025-01-14 20:22:15.403,08:13:00,8.0,Poor,2.0,Completed
1777.0,6.0,Funke Adeyemi,239.0,2024-09-26 20:22:15.403,12:00:00,2.0,Very Poor,1.0,Completed
1778.0,6.0,Funke Adeyemi,239.0,2024-05-11 20:22:15.403,12:25:00,28.0,Poor,2.0,Completed
1779.0,6.0,Funke Adeyemi,239.0,2024-06-02 20:22:15.403,14:58:00,17.0,Excellent,5.0,Completed
1780.0,6.0,Funke Adeyemi,239.0,2025-03-02 20:22:15.403,14:34:00,13.0,Excellent,5.0,Completed
1781.0,6.0,Funke Adeyemi,239.0,2024-03-09 20:22:15.403,17:31:00,3.0,Average,3.0,Completed
1782.0,6.0,Funke Adeyemi,239.0,2025-03-06 20:22:15.403,17:45:00,17.0,Good,4.0,Completed
1783.0,6.0,Funke Adeyemi,239.0,2024-12-18 20:22:15.403,13:47:00,2.0,Poor,2.0,Completed
1784.0,6.0,Funke Adeyemi,239.0,2025-01-11 20:22:15.403,10:13:00,19.0,Poor,2.0,Completed
1785.0,1.0,Emeka Okafor,240.0,2025-01-25 20:22:15.403,19:59:00,10.0,Average,3.0,Completed
1786.0,1.0,Emeka Okafor,240.0,2024-06-21 20:22:15.403,15:12:00,12.0,Very Poor,1.0,Completed
1787.0,1.0,Emeka Okafor,240.0,2024-03-30 20:22:15.403,13:28:00,23.0,Very Poor,1.0,Completed
1788.0,1.0,Emeka Okafor,240.0,2025-02-23 20:22:15.403,17:02:00,17.0,Poor,2.0,Completed
1789.0,1.0,Emeka Okafor,240.0,2025-01-29 20:22:15.403,10:40:00,17.0,Very Poor,1.0,Completed
1790.0,14.0,Zainab Suleiman,241.0,2024-08-24 20:22:15.403,19:02:00,23.0,Excellent,5.0,Completed
1791.0,14.0,Zainab Suleiman,241.0,2024-08-24 20:22:15.403,10:26:00,22.0,Very Poor,1.0,Completed
1792.0,14.0,Zainab Suleiman,241.0,2024-07-09 20:22:15.403,08:07:00,8.0,Poor,2.0,Completed
1793.0,14.0,Zainab Suleiman,241.0,2024-03-19 20:22:15.403,14:29:00,11.0,Good,4.0,Completed
1794.0,14.0,Zainab Suleiman,241.0,2024-09-06 20:22:15.403,08:39:00,15.0,Poor,2.0,Completed
1795.0,14.0,Zainab Suleiman,241.0,2025-02-04 20:22:15.403,19:37:00,7.0,Poor,2.0,Completed
1796.0,14.0,Zainab Suleiman,241.0,2024-12-22 20:22:15.403,13:36:00,10.0,Excellent,5.0,Completed
1797.0,7.0,Segun Oladipo,242.0,2025-02-18 20:22:15.403,13:09:00,13.0,Average,3.0,Completed
1798.0,7.0,Segun Oladipo,242.0,2025-01-11 20:22:15.403,15:17:00,16.0,Poor,2.0,Completed
1799.0,7.0,Segun Oladipo,242.0,2024-05-08 20:22:15.403,11:46:00,25.0,Poor,2.0,Completed
1800.0,7.0,Segun Oladipo,242.0,2024-07-13 20:22:15.403,10:24:00,15.0,Very Poor,1.0,Completed
1801.0,7.0,Segun Oladipo,242.0,2025-01-01 20:22:15.403,09:02:00,23.0,Very Poor,1.0,Completed
1802.0,7.0,Segun Oladipo,242.0,2024-07-20 20:22:15.403,17:40:00,14.0,Very Poor,1.0,Completed
1803.0,7.0,Segun Oladipo,242.0,2024-08-12 20:22:15.403,16:33:00,12.0,Good,4.0,Completed
1804.0,7.0,Segun Oladipo,242.0,2024-08-25 20:22:15.403,11:04:00,14.0,Very Poor,1.0,Completed
1805.0,19.0,Felix Odion,243.0,2025-02-27 20:22:15.403,19:40:00,3.0,Very Poor,1.0,Completed
1806.0,19.0,Felix Odion,243.0,2025-02-05 20:22:15.403,12:24:00,9.0,Average,3.0,Completed
1807.0,19.0,Felix Odion,243.0,2024-05-16 20:22:15.403,09:02:00,18.0,Poor,2.0,Completed
1808.0,19.0,Felix Odion,243.0,2024-04-28 20:22:15.403,16:44:00,22.0,Good,4.0,Completed
1809.0,19.0,Felix Odion,243.0,2024-05-26 20:22:15.403,15:57:00,7.0,Excellent,5.0,Completed
1810.0,17.0,Rasheed Lawal,244.0,2024-09-26 20:22:15.403,11:35:00,11.0,Very Poor,1.0,Completed
1811.0,17.0,Rasheed Lawal,244.0,2024-11-20 20:22:15.403,16:30:00,8.0,Good,4.0,Completed
1812.0,17.0,Rasheed Lawal,244.0,2024-05-16 20:22:15.403,13:53:00,26.0,Excellent,5.0,Completed
1813.0,17.0,Rasheed Lawal,244.0,2024-06-12 20:22:15.403,12:11:00,23.0,Poor,2.0,Completed
1814.0,17.0,Rasheed Lawal,244.0,2025-01-25 20:22:15.403,14:00:00,9.0,Average,3.0,Completed
1815.0,17.0,Rasheed Lawal,244.0,2024-04-27 20:22:15.403,19:54:00,21.0,Average,3.0,Completed
1816.0,17.0,Rasheed Lawal,244.0,2024-09-20 20:22:15.403,10:02:00,2.0,Excellent,5.0,Completed
1817.0,17.0,Rasheed Lawal,244.0,2024-12-04 20:22:15.403,12:10:00,28.0,Good,4.0,Completed
1818.0,7.0,Segun Oladipo,245.0,2025-01-31 20:22:15.403,11:20:00,16.0,Average,3.0,Completed
1819.0,7.0,Segun Oladipo,245.0,2024-05-03 20:22:15.403,13:17:00,13.0,Average,3.0,Completed
1820.0,7.0,Segun Oladipo,245.0,2025-01-20 20:22:15.403,12:04:00,28.0,Good,4.0,Completed
1821.0,7.0,Segun Oladipo,245.0,2024-04-24 20:22:15.403,18:10:00,25.0,Very Poor,1.0,Completed
1822.0,7.0,Segun Oladipo,245.0,2024-08-20 20:22:15.403,10:37:00,1.0,Very Poor,1.0,Completed
1823.0,7.0,Segun Oladipo,245.0,2025-02-28 20:22:15.403,16:01:00,16.0,Very Poor,1.0,Completed
1824.0,7.0,Segun Oladipo,245.0,2024-04-26 20:22:15.403,16:42:00,26.0,Poor,2.0,Completed
1825.0,7.0,Segun Oladipo,245.0,2024-10-18 20:22:15.403,09:52:00,4.0,Good,4.0,Completed
1826.0,12.0,Yakubu Bello,246.0,2024-05-14 20:22:15.403,08:57:00,11.0,Excellent,5.0,Completed
1827.0,12.0,Yakubu Bello,246.0,2024-03-12 20:22:15.403,18:13:00,12.0,Average,3.0,Completed
1828.0,12.0,Yakubu Bello,246.0,2024-08-02 20:22:15.403,09:31:00,3.0,Good,4.0,Completed
1829.0,12.0,Yakubu Bello,246.0,2024-10-03 20:22:15.403,14:16:00,9.0,Good,4.0,Completed
1830.0,12.0,Yakubu Bello,246.0,2025-03-07 20:22:15.403,18:22:00,2.0,Poor,2.0,Completed
1831.0,12.0,Yakubu Bello,246.0,2024-05-24 20:22:15.403,17:33:00,21.0,Poor,2.0,Completed
1832.0,12.0,Yakubu Bello,246.0,2024-05-05 20:22:15.403,15:27:00,10.0,Excellent,5.0,Completed
1833.0,17.0,Rasheed Lawal,247.0,2024-07-12 20:22:15.403,14:34:00,18.0,Excellent,5.0,Completed
1834.0,17.0,Rasheed Lawal,247.0,2025-03-01 20:22:15.403,16:01:00,23.0,Very Poor,1.0,Completed
1835.0,17.0,Rasheed Lawal,247.0,2024-07-26 20:22:15.403,12:18:00,20.0,Good,4.0,Completed
1836.0,17.0,Rasheed Lawal,247.0,2024-07-18 20:22:15.403,09:51:00,23.0,Average,3.0,Completed
1837.0,17.0,Rasheed Lawal,247.0,2024-05-18 20:22:15.403,14:02:00,18.0,Good,4.0,Completed
1838.0,17.0,Rasheed Lawal,247.0,2024-06-21 20:22:15.403,08:56:00,15.0,Average,3.0,Completed
1839.0,17.0,Rasheed Lawal,247.0,2024-11-11 20:22:15.403,08:17:00,20.0,Poor,2.0,Completed
1840.0,17.0,Rasheed Lawal,247.0,2024-11-27 20:22:15.403,17:47:00,13.0,Average,3.0,Completed
1841.0,16.0,Chika Umeh,248.0,2024-10-21 20:22:15.403,11:02:00,17.0,Poor,2.0,Completed
1842.0,16.0,Chika Umeh,248.0,2024-03-23 20:22:15.403,13:16:00,26.0,Average,3.0,Completed
1843.0,16.0,Chika Umeh,248.0,2024-03-15 20:22:15.403,08:54:00,10.0,Average,3.0,Completed
1844.0,16.0,Chika Umeh,248.0,2024-05-26 20:22:15.403,19:23:00,16.0,Average,3.0,Completed
1845.0,16.0,Chika Umeh,248.0,2024-04-07 20:22:15.403,14:14:00,27.0,Good,4.0,Completed
1846.0,16.0,Chika Umeh,248.0,2025-02-12 20:22:15.403,17:52:00,27.0,Poor,2.0,Completed
1847.0,16.0,Chika Umeh,248.0,2024-08-05 20:22:15.403,10:10:00,22.0,Excellent,5.0,Completed
1848.0,16.0,Chika Umeh,248.0,2024-06-03 20:22:15.403,10:30:00,5.0,Very Poor,1.0,Completed
1849.0,20.0,Adewale Ogunleye,249.0,2024-10-12 20:22:15.403,17:54:00,12.0,Very Poor,1.0,Completed
1850.0,20.0,Adewale Ogunleye,249.0,2024-10-27 20:22:15.403,15:12:00,24.0,Good,4.0,Completed
1851.0,20.0,Adewale Ogunleye,249.0,2024-03-20 20:22:15.403,18:36:00,2.0,Average,3.0,Completed
1852.0,20.0,Adewale Ogunleye,249.0,2024-12-13 20:22:15.403,13:09:00,2.0,Excellent,5.0,Completed
1853.0,20.0,Adewale Ogunleye,249.0,2024-05-11 20:22:15.403,19:03:00,18.0,Excellent,5.0,Completed
1854.0,20.0,Adewale Ogunleye,249.0,2024-12-14 20:22:15.403,14:23:00,4.0,Poor,2.0,Completed
1855.0,20.0,Adewale Ogunleye,249.0,2024-04-25 20:22:15.403,10:27:00,28.0,Average,3.0,Completed
1856.0,20.0,Adewale Ogunleye,249.0,2024-06-08 20:22:15.403,18:04:00,18.0,Poor,2.0,Completed
1857.0,11.0,Kemi Adebanjo,250.0,2024-10-06 20:22:15.403,10:45:00,3.0,Very Poor,1.0,Completed
1858.0,11.0,Kemi Adebanjo,250.0,2024-05-13 20:22:15.403,13:06:00,21.0,Very Poor,1.0,Completed
1859.0,11.0,Kemi Adebanjo,250.0,2025-02-07 20:22:15.403,09:46:00,15.0,Average,3.0,Completed
1860.0,11.0,Kemi Adebanjo,250.0,2024-12-26 20:22:15.403,19:54:00,4.0,Good,4.0,Completed
1861.0,11.0,Kemi Adebanjo,250.0,2025-01-31 20:22:15.403,12:52:00,5.0,Poor,2.0,Completed
1862.0,11.0,Kemi Adebanjo,250.0,2024-03-22 20:22:15.403,16:31:00,23.0,Average,3.0,Completed
1863.0,11.0,Kemi Adebanjo,250.0,2024-12-30 20:22:15.403,19:39:00,10.0,Average,3.0,Completed
1864.0,7.0,Segun Oladipo,251.0,2024-05-18 20:22:15.403,10:21:00,9.0,Excellent,5.0,Completed
1865.0,7.0,Segun Oladipo,251.0,2024-12-31 20:22:15.403,13:04:00,27.0,Average,3.0,Completed
1866.0,7.0,Segun Oladipo,251.0,2024-10-31 20:22:15.403,09:33:00,10.0,Average,3.0,Completed
1867.0,7.0,Segun Oladipo,251.0,2024-08-22 20:22:15.403,19:17:00,7.0,Very Poor,1.0,Completed
1868.0,7.0,Segun Oladipo,251.0,2024-07-11 20:22:15.403,11:02:00,8.0,Good,4.0,Completed
1869.0,7.0,Segun Oladipo,251.0,2024-04-20 20:22:15.403,09:27:00,3.0,Excellent,5.0,Completed
1870.0,7.0,Segun Oladipo,251.0,2025-01-24 20:22:15.403,18:39:00,13.0,Average,3.0,Completed
1871.0,7.0,Segun Oladipo,251.0,2025-02-25 20:22:15.403,14:23:00,3.0,Very Poor,1.0,Completed
1872.0,4.0,Aisha Mohammed,252.0,2024-07-17 20:22:15.403,13:27:00,24.0,Excellent,5.0,Completed
1873.0,4.0,Aisha Mohammed,252.0,2024-11-22 20:22:15.403,13:31:00,16.0,Very Poor,1.0,Completed
1874.0,4.0,Aisha Mohammed,252.0,2024-09-28 20:22:15.403,17:28:00,16.0,Excellent,5.0,Completed
1875.0,4.0,Aisha Mohammed,252.0,2024-04-26 20:22:15.403,17:55:00,18.0,Poor,2.0,Completed
1876.0,4.0,Aisha Mohammed,252.0,2024-12-19 20:22:15.403,16:36:00,5.0,Average,3.0,Completed
1877.0,13.0,Bola Akinwunmi,253.0,2024-10-15 20:22:15.403,15:17:00,5.0,Poor,2.0,Completed
1878.0,13.0,Bola Akinwunmi,253.0,2025-02-17 20:22:15.403,16:02:00,28.0,Average,3.0,Completed
1879.0,13.0,Bola Akinwunmi,253.0,2024-03-27 20:22:15.403,13:51:00,3.0,Very Poor,1.0,Completed
1880.0,13.0,Bola Akinwunmi,253.0,2024-05-24 20:22:15.403,12:28:00,26.0,Poor,2.0,Completed
1881.0,13.0,Bola Akinwunmi,253.0,2025-02-03 20:22:15.403,08:42:00,3.0,Good,4.0,Completed
1882.0,13.0,Bola Akinwunmi,253.0,2024-12-23 20:22:15.403,09:42:00,3.0,Excellent,5.0,Completed
1883.0,20.0,Adewale Ogunleye,254.0,2024-08-21 20:22:15.403,08:43:00,12.0,Average,3.0,Completed
1884.0,20.0,Adewale Ogunleye,254.0,2024-04-24 20:22:15.403,12:05:00,26.0,Excellent,5.0,Completed
1885.0,20.0,Adewale Ogunleye,254.0,2024-12-09 20:22:15.403,13:15:00,24.0,Average,3.0,Completed
1886.0,20.0,Adewale Ogunleye,254.0,2025-02-14 20:22:15.403,13:48:00,16.0,Very Poor,1.0,Completed
1887.0,20.0,Adewale Ogunleye,254.0,2024-05-04 20:22:15.403,10:58:00,21.0,Poor,2.0,Completed
1888.0,20.0,Adewale Ogunleye,254.0,2024-12-19 20:22:15.403,16:14:00,2.0,Excellent,5.0,Completed
1889.0,15.0,Gbenga Adesina,255.0,2024-12-20 20:22:15.403,14:45:00,17.0,Very Poor,1.0,Completed
1890.0,15.0,Gbenga Adesina,255.0,2025-01-30 20:22:15.403,08:53:00,17.0,Excellent,5.0,Completed
1891.0,15.0,Gbenga Adesina,255.0,2024-06-15 20:22:15.403,14:39:00,29.0,Poor,2.0,Completed
1892.0,15.0,Gbenga Adesina,255.0,2024-05-10 20:22:15.403,12:07:00,6.0,Good,4.0,Completed
1893.0,15.0,Gbenga Adesina,255.0,2024-06-03 20:22:15.403,08:00:00,1.0,Average,3.0,Completed
1894.0,15.0,Gbenga Adesina,255.0,2024-09-24 20:22:15.403,08:59:00,14.0,Excellent,5.0,Completed
1895.0,15.0,Gbenga Adesina,255.0,2024-03-18 20:22:15.403,11:51:00,24.0,Good,4.0,Completed
1896.0,15.0,Gbenga Adesina,255.0,2025-01-31 20:22:15.403,12:39:00,4.0,Poor,2.0,Completed
1897.0,15.0,Gbenga Adesina,255.0,2024-05-28 20:22:15.403,11:06:00,16.0,Excellent,5.0,Completed
1898.0,15.0,Gbenga Adesina,255.0,2024-04-24 20:22:15.403,10:43:00,20.0,Good,4.0,Completed
1899.0,18.0,Amaka Obi,256.0,2025-01-22 20:22:15.403,13:38:00,9.0,Very Poor,1.0,Completed
1900.0,18.0,Amaka Obi,256.0,2025-01-19 20:22:15.403,14:31:00,21.0,Average,3.0,Completed
1901.0,18.0,Amaka Obi,256.0,2024-06-09 20:22:15.403,08:31:00,17.0,Average,3.0,Completed
1902.0,18.0,Amaka Obi,256.0,2024-12-09 20:22:15.403,17:19:00,20.0,Very Poor,1.0,Completed
1903.0,18.0,Amaka Obi,256.0,2024-11-25 20:22:15.403,18:20:00,1.0,Average,3.0,Completed
1904.0,19.0,Felix Odion,257.0,2024-03-13 20:22:15.403,11:17:00,12.0,Good,4.0,Completed
1905.0,19.0,Felix Odion,257.0,2024-04-02 20:22:15.403,11:13:00,25.0,Poor,2.0,Completed
1906.0,19.0,Felix Odion,257.0,2024-03-14 20:22:15.403,19:19:00,16.0,Excellent,5.0,Completed
1907.0,19.0,Felix Odion,257.0,2024-08-23 20:22:15.403,11:59:00,19.0,Good,4.0,Completed
1908.0,19.0,Felix Odion,257.0,2024-06-09 20:22:15.403,08:54:00,13.0,Good,4.0,Completed
1909.0,19.0,Felix Odion,257.0,2024-06-02 20:22:15.403,15:23:00,25.0,Poor,2.0,Completed
1910.0,19.0,Felix Odion,257.0,2024-06-02 20:22:15.403,12:10:00,3.0,Very Poor,1.0,Completed
1911.0,19.0,Felix Odion,257.0,2024-09-27 20:22:15.403,10:25:00,17.0,Poor,2.0,Completed
1912.0,19.0,Felix Odion,257.0,2025-01-23 20:22:15.403,09:58:00,8.0,Very Poor,1.0,Completed
1913.0,7.0,Segun Oladipo,258.0,2025-03-06 20:22:15.403,15:28:00,14.0,Average,3.0,Completed
1914.0,7.0,Segun Oladipo,258.0,2024-09-08 20:22:15.403,10:03:00,13.0,Average,3.0,Completed
1915.0,7.0,Segun Oladipo,258.0,2025-02-07 20:22:15.403,17:33:00,22.0,Average,3.0,Completed
1916.0,7.0,Segun Oladipo,258.0,2024-03-08 20:22:15.403,08:02:00,20.0,Poor,2.0,Completed
1917.0,7.0,Segun Oladipo,258.0,2024-12-23 20:22:15.403,16:54:00,10.0,Very Poor,1.0,Completed
1918.0,7.0,Segun Oladipo,258.0,2024-05-22 20:22:15.403,08:17:00,21.0,Excellent,5.0,Completed
1919.0,7.0,Segun Oladipo,258.0,2024-08-16 20:22:15.403,14:08:00,3.0,Poor,2.0,Completed
1920.0,14.0,Zainab Suleiman,259.0,2024-07-20 20:22:15.403,10:43:00,28.0,Poor,2.0,Completed
1921.0,14.0,Zainab Suleiman,259.0,2024-06-11 20:22:15.403,12:08:00,14.0,Very Poor,1.0,Completed
1922.0,14.0,Zainab Suleiman,259.0,2024-08-05 20:22:15.403,19:30:00,19.0,Good,4.0,Completed
1923.0,14.0,Zainab Suleiman,259.0,2024-05-22 20:22:15.403,12:14:00,14.0,Excellent,5.0,Completed
1924.0,14.0,Zainab Suleiman,259.0,2024-08-13 20:22:15.403,15:02:00,28.0,Poor,2.0,Completed
1925.0,14.0,Zainab Suleiman,259.0,2024-08-27 20:22:15.403,14:50:00,27.0,Very Poor,1.0,Completed
1926.0,14.0,Zainab Suleiman,259.0,2024-04-14 20:22:15.403,18:10:00,5.0,Very Poor,1.0,Completed
1927.0,14.0,Zainab Suleiman,259.0,2024-03-28 20:22:15.403,14:41:00,29.0,Good,4.0,Completed
1928.0,14.0,Zainab Suleiman,259.0,2024-09-18 20:22:15.403,17:42:00,28.0,Excellent,5.0,Completed
1929.0,14.0,Zainab Suleiman,259.0,2024-08-22 20:22:15.403,18:11:00,17.0,Poor,2.0,Completed
1930.0,14.0,Zainab Suleiman,260.0,2024-06-13 20:22:15.403,19:40:00,16.0,Poor,2.0,Completed
1931.0,14.0,Zainab Suleiman,260.0,2024-07-05 20:22:15.403,09:15:00,8.0,Good,4.0,Completed
1932.0,14.0,Zainab Suleiman,260.0,2024-12-20 20:22:15.403,11:23:00,27.0,Excellent,5.0,Completed
1933.0,14.0,Zainab Suleiman,260.0,2024-08-23 20:22:15.403,11:04:00,11.0,Good,4.0,Completed
1934.0,14.0,Zainab Suleiman,260.0,2025-02-04 20:22:15.403,08:12:00,1.0,Excellent,5.0,Completed
1935.0,14.0,Zainab Suleiman,260.0,2024-09-15 20:22:15.403,09:19:00,10.0,Poor,2.0,Completed
1936.0,14.0,Zainab Suleiman,260.0,2024-04-26 20:22:15.403,19:50:00,27.0,Excellent,5.0,Completed
1937.0,14.0,Zainab Suleiman,260.0,2024-10-25 20:22:15.403,09:18:00,26.0,Good,4.0,Completed
1938.0,16.0,Chika Umeh,261.0,2024-09-07 20:22:15.403,13:51:00,20.0,Average,3.0,Completed
1939.0,16.0,Chika Umeh,261.0,2024-11-13 20:22:15.403,14:56:00,3.0,Good,4.0,Completed
1940.0,16.0,Chika Umeh,261.0,2025-02-10 20:22:15.403,13:38:00,29.0,Very Poor,1.0,Completed
1941.0,16.0,Chika Umeh,261.0,2024-05-10 20:22:15.403,15:10:00,15.0,Poor,2.0,Completed
1942.0,16.0,Chika Umeh,261.0,2024-08-21 20:22:15.403,19:00:00,5.0,Good,4.0,Completed
1943.0,13.0,Bola Akinwunmi,262.0,2024-05-26 20:22:15.403,09:04:00,4.0,Very Poor,1.0,Completed
1944.0,13.0,Bola Akinwunmi,262.0,2024-11-19 20:22:15.403,11:15:00,17.0,Average,3.0,Completed
1945.0,13.0,Bola Akinwunmi,262.0,2024-07-30 20:22:15.403,15:11:00,3.0,Good,4.0,Completed
1946.0,13.0,Bola Akinwunmi,262.0,2025-02-10 20:22:15.403,14:35:00,13.0,Good,4.0,Completed
1947.0,13.0,Bola Akinwunmi,262.0,2024-06-13 20:22:15.403,15:03:00,13.0,Good,4.0,Completed
1948.0,13.0,Bola Akinwunmi,262.0,2025-01-25 20:22:15.403,10:41:00,19.0,Poor,2.0,Completed
1949.0,19.0,Felix Odion,263.0,2024-05-18 20:22:15.403,13:25:00,9.0,Average,3.0,Completed
1950.0,19.0,Felix Odion,263.0,2024-11-07 20:22:15.403,15:32:00,11.0,Excellent,5.0,Completed
1951.0,19.0,Felix Odion,263.0,2024-06-09 20:22:15.403,11:30:00,11.0,Good,4.0,Completed
1952.0,19.0,Felix Odion,263.0,2024-06-17 20:22:15.403,13:20:00,1.0,Poor,2.0,Completed
1953.0,19.0,Felix Odion,263.0,2024-05-12 20:22:15.403,17:12:00,24.0,Excellent,5.0,Completed
1954.0,10.0,Chinedu Opara,264.0,2024-09-14 20:22:15.403,18:35:00,7.0,Very Poor,1.0,Completed
1955.0,10.0,Chinedu Opara,264.0,2025-02-23 20:22:15.403,12:10:00,15.0,Good,4.0,Completed
1956.0,10.0,Chinedu Opara,264.0,2025-03-07 20:22:15.403,17:12:00,28.0,Good,4.0,Completed
1957.0,10.0,Chinedu Opara,264.0,2024-07-04 20:22:15.403,19:41:00,13.0,Poor,2.0,Completed
1958.0,10.0,Chinedu Opara,264.0,2024-10-18 20:22:15.403,08:05:00,8.0,Average,3.0,Completed
1959.0,10.0,Chinedu Opara,264.0,2025-01-22 20:22:15.403,15:35:00,22.0,Excellent,5.0,Completed
1960.0,10.0,Chinedu Opara,264.0,2024-12-06 20:22:15.403,18:37:00,11.0,Good,4.0,Completed
1961.0,10.0,Chinedu Opara,264.0,2024-09-12 20:22:15.403,18:37:00,25.0,Excellent,5.0,Completed
1962.0,10.0,Chinedu Opara,264.0,2024-11-29 20:22:15.403,16:34:00,6.0,Very Poor,1.0,Completed
1963.0,2.0,Chioma Nwosu,265.0,2024-07-26 20:22:15.403,18:28:00,19.0,Average,3.0,Completed
1964.0,2.0,Chioma Nwosu,265.0,2024-11-28 20:22:15.403,17:34:00,15.0,Good,4.0,Completed
1965.0,2.0,Chioma Nwosu,265.0,2025-02-27 20:22:15.403,16:16:00,20.0,Very Poor,1.0,Completed
1966.0,2.0,Chioma Nwosu,265.0,2024-04-24 20:22:15.403,17:02:00,1.0,Good,4.0,Completed
1967.0,2.0,Chioma Nwosu,265.0,2024-03-31 20:22:15.403,10:00:00,22.0,Good,4.0,Completed
1968.0,2.0,Chioma Nwosu,265.0,2025-01-11 20:22:15.403,12:34:00,8.0,Very Poor,1.0,Completed
1969.0,14.0,Zainab Suleiman,266.0,2025-02-20 20:22:15.403,13:02:00,5.0,Poor,2.0,Completed
1970.0,14.0,Zainab Suleiman,266.0,2025-01-17 20:22:15.403,10:47:00,18.0,Good,4.0,Completed
1971.0,14.0,Zainab Suleiman,266.0,2024-10-22 20:22:15.403,15:39:00,8.0,Very Poor,1.0,Completed
1972.0,14.0,Zainab Suleiman,266.0,2024-12-10 20:22:15.403,18:36:00,4.0,Average,3.0,Completed
1973.0,14.0,Zainab Suleiman,266.0,2024-12-21 20:22:15.403,16:47:00,12.0,Very Poor,1.0,Completed
1974.0,14.0,Zainab Suleiman,266.0,2024-05-04 20:22:15.403,09:41:00,24.0,Excellent,5.0,Completed
1975.0,14.0,Zainab Suleiman,266.0,2024-12-03 20:22:15.403,12:01:00,5.0,Average,3.0,Completed
1976.0,14.0,Zainab Suleiman,266.0,2024-05-17 20:22:15.403,10:10:00,12.0,Excellent,5.0,Completed
1977.0,14.0,Zainab Suleiman,266.0,2024-06-08 20:22:15.403,14:44:00,21.0,Excellent,5.0,Completed
1978.0,14.0,Zainab Suleiman,266.0,2024-10-24 20:22:15.403,13:50:00,2.0,Good,4.0,Completed
1979.0,15.0,Gbenga Adesina,267.0,2024-11-23 20:22:15.403,18:54:00,2.0,Poor,2.0,Completed
1980.0,15.0,Gbenga Adesina,267.0,2024-05-28 20:22:15.403,17:55:00,4.0,Very Poor,1.0,Completed
1981.0,15.0,Gbenga Adesina,267.0,2025-02-02 20:22:15.403,09:13:00,23.0,Good,4.0,Completed
1982.0,15.0,Gbenga Adesina,267.0,2024-08-07 20:22:15.403,18:46:00,22.0,Very Poor,1.0,Completed
1983.0,15.0,Gbenga Adesina,267.0,2024-08-12 20:22:15.403,16:27:00,10.0,Average,3.0,Completed
1984.0,15.0,Gbenga Adesina,267.0,2024-05-24 20:22:15.403,13:11:00,27.0,Good,4.0,Completed
1985.0,15.0,Gbenga Adesina,267.0,2024-10-17 20:22:15.403,12:08:00,9.0,Very Poor,1.0,Completed
1986.0,15.0,Gbenga Adesina,267.0,2025-02-20 20:22:15.403,08:43:00,2.0,Excellent,5.0,Completed
1987.0,20.0,Adewale Ogunleye,268.0,2025-01-16 20:22:15.403,12:08:00,27.0,Excellent,5.0,Completed
1988.0,20.0,Adewale Ogunleye,268.0,2024-07-10 20:22:15.403,08:32:00,5.0,Excellent,5.0,Completed
1989.0,20.0,Adewale Ogunleye,268.0,2024-07-11 20:22:15.403,19:00:00,13.0,Poor,2.0,Completed
1990.0,20.0,Adewale Ogunleye,268.0,2024-09-08 20:22:15.403,13:40:00,1.0,Excellent,5.0,Completed
1991.0,20.0,Adewale Ogunleye,268.0,2024-12-20 20:22:15.403,11:35:00,6.0,Good,4.0,Completed
1992.0,20.0,Adewale Ogunleye,268.0,2025-03-03 20:22:15.403,18:04:00,4.0,Excellent,5.0,Completed
1993.0,20.0,Adewale Ogunleye,268.0,2024-11-03 20:22:15.403,11:01:00,3.0,Good,4.0,Completed
1994.0,2.0,Chioma Nwosu,269.0,2024-11-22 20:22:15.403,17:09:00,19.0,Average,3.0,Completed
1995.0,2.0,Chioma Nwosu,269.0,2024-10-30 20:22:15.403,12:43:00,13.0,Excellent,5.0,Completed
1996.0,2.0,Chioma Nwosu,269.0,2024-12-14 20:22:15.403,13:40:00,26.0,Excellent,5.0,Completed
1997.0,2.0,Chioma Nwosu,269.0,2024-11-14 20:22:15.403,12:15:00,14.0,Very Poor,1.0,Completed
1998.0,2.0,Chioma Nwosu,269.0,2024-09-01 20:22:15.403,19:34:00,5.0,Average,3.0,Completed
1999.0,2.0,Chioma Nwosu,269.0,2025-02-08 20:22:15.403,15:08:00,9.0,Very Poor,1.0,Completed
2000.0,2.0,Chioma Nwosu,269.0,2024-11-20 20:22:15.403,18:39:00,7.0,Good,4.0,Completed
2001.0,2.0,Chioma Nwosu,269.0,2024-12-22 20:22:15.403,12:00:00,21.0,Poor,2.0,Completed
2002.0,2.0,Chioma Nwosu,269.0,2024-08-19 20:22:15.403,10:44:00,10.0,Good,4.0,Completed
2003.0,1.0,Emeka Okafor,270.0,2024-10-06 20:22:15.403,08:44:00,21.0,Average,3.0,Completed
2004.0,1.0,Emeka Okafor,270.0,2024-06-17 20:22:15.403,17:38:00,23.0,Average,3.0,Completed
2005.0,1.0,Emeka Okafor,270.0,2025-02-02 20:22:15.403,18:35:00,8.0,Average,3.0,Completed
2006.0,1.0,Emeka Okafor,270.0,2025-02-15 20:22:15.403,16:26:00,6.0,Poor,2.0,Completed
2007.0,1.0,Emeka Okafor,270.0,2024-08-12 20:22:15.403,08:30:00,1.0,Excellent,5.0,Completed
2008.0,1.0,Emeka Okafor,270.0,2024-09-12 20:22:15.403,19:42:00,10.0,Excellent,5.0,Completed
2009.0,1.0,Emeka Okafor,270.0,2024-10-19 20:22:15.403,11:01:00,5.0,Average,3.0,Completed
2010.0,1.0,Emeka Okafor,270.0,2024-06-03 20:22:15.403,08:57:00,4.0,Average,3.0,Completed
2011.0,1.0,Emeka Okafor,270.0,2024-05-13 20:22:15.403,09:10:00,13.0,Excellent,5.0,Completed
2012.0,17.0,Rasheed Lawal,271.0,2024-05-09 20:22:15.403,10:44:00,26.0,Poor,2.0,Completed
2013.0,17.0,Rasheed Lawal,271.0,2025-01-14 20:22:15.403,11:10:00,29.0,Average,3.0,Completed
2014.0,17.0,Rasheed Lawal,271.0,2025-02-05 20:22:15.403,16:01:00,8.0,Poor,2.0,Completed
2015.0,17.0,Rasheed Lawal,271.0,2024-03-21 20:22:15.403,10:35:00,7.0,Average,3.0,Completed
2016.0,17.0,Rasheed Lawal,271.0,2024-03-27 20:22:15.403,13:51:00,27.0,Excellent,5.0,Completed
2017.0,17.0,Rasheed Lawal,271.0,2024-09-12 20:22:15.403,09:30:00,13.0,Poor,2.0,Completed
2018.0,17.0,Rasheed Lawal,271.0,2024-09-12 20:22:15.403,12:04:00,17.0,Poor,2.0,Completed
2019.0,3.0,Tunde Balogun,272.0,2024-12-17 20:22:15.403,16:29:00,6.0,Very Poor,1.0,Completed
2020.0,3.0,Tunde Balogun,272.0,2024-07-06 20:22:15.403,18:31:00,12.0,Poor,2.0,Completed
2021.0,3.0,Tunde Balogun,272.0,2025-02-23 20:22:15.403,14:59:00,25.0,Very Poor,1.0,Completed
2022.0,3.0,Tunde Balogun,272.0,2024-04-06 20:22:15.403,10:46:00,15.0,Poor,2.0,Completed
2023.0,3.0,Tunde Balogun,272.0,2024-06-11 20:22:15.403,12:44:00,13.0,Average,3.0,Completed
2024.0,3.0,Tunde Balogun,272.0,2024-07-22 20:22:15.403,19:10:00,16.0,Average,3.0,Completed
2025.0,3.0,Tunde Balogun,272.0,2024-05-01 20:22:15.403,08:43:00,21.0,Excellent,5.0,Completed
2026.0,3.0,Tunde Balogun,272.0,2025-01-10 20:22:15.403,16:22:00,23.0,Average,3.0,Completed
2027.0,3.0,Tunde Balogun,272.0,2024-04-26 20:22:15.403,08:12:00,12.0,Excellent,5.0,Completed
2028.0,10.0,Chinedu Opara,273.0,2024-07-19 20:22:15.403,10:55:00,29.0,Average,3.0,Completed
2029.0,10.0,Chinedu Opara,273.0,2024-06-12 20:22:15.403,11:44:00,27.0,Very Poor,1.0,Completed
2030.0,10.0,Chinedu Opara,273.0,2024-09-01 20:22:15.403,09:27:00,5.0,Very Poor,1.0,Completed
2031.0,10.0,Chinedu Opara,273.0,2024-04-29 20:22:15.403,09:43:00,4.0,Very Poor,1.0,Completed
2032.0,10.0,Chinedu Opara,273.0,2025-01-19 20:22:15.403,12:22:00,23.0,Good,4.0,Completed
2033.0,1.0,Emeka Okafor,274.0,2024-10-23 20:22:15.403,17:50:00,26.0,Excellent,5.0,Completed
2034.0,1.0,Emeka Okafor,274.0,2024-11-11 20:22:15.403,12:17:00,23.0,Poor,2.0,Completed
2035.0,1.0,Emeka Okafor,274.0,2024-04-11 20:22:15.403,11:57:00,6.0,Excellent,5.0,Completed
2036.0,1.0,Emeka Okafor,274.0,2025-02-02 20:22:15.403,08:49:00,21.0,Average,3.0,Completed
2037.0,1.0,Emeka Okafor,274.0,2024-11-23 20:22:15.403,15:28:00,4.0,Average,3.0,Completed
2038.0,1.0,Emeka Okafor,274.0,2024-06-03 20:22:15.403,15:52:00,19.0,Excellent,5.0,Completed
2039.0,1.0,Emeka Okafor,274.0,2025-01-28 20:22:15.403,11:18:00,26.0,Very Poor,1.0,Completed
2040.0,1.0,Emeka Okafor,274.0,2024-12-31 20:22:15.403,16:39:00,16.0,Poor,2.0,Completed
2041.0,1.0,Emeka Okafor,274.0,2025-02-03 20:22:15.403,08:49:00,19.0,Good,4.0,Completed
2042.0,1.0,Emeka Okafor,274.0,2024-10-31 20:22:15.403,14:26:00,6.0,Poor,2.0,Completed
2043.0,2.0,Chioma Nwosu,275.0,2024-07-25 20:22:15.403,19:07:00,13.0,Excellent,5.0,Completed
2044.0,2.0,Chioma Nwosu,275.0,2024-10-06 20:22:15.403,08:27:00,28.0,Very Poor,1.0,Completed
2045.0,2.0,Chioma Nwosu,275.0,2024-04-15 20:22:15.403,13:25:00,9.0,Poor,2.0,Completed
2046.0,2.0,Chioma Nwosu,275.0,2024-05-22 20:22:15.403,18:24:00,17.0,Poor,2.0,Completed
2047.0,2.0,Chioma Nwosu,275.0,2024-05-23 20:22:15.403,13:20:00,29.0,Poor,2.0,Completed
2048.0,2.0,Chioma Nwosu,275.0,2024-08-12 20:22:15.403,19:04:00,4.0,Excellent,5.0,Completed
2049.0,2.0,Chioma Nwosu,275.0,2025-01-30 20:22:15.403,12:49:00,28.0,Excellent,5.0,Completed
2050.0,8.0,Ngozi Okonkwo,276.0,2024-12-16 20:22:15.403,13:36:00,20.0,Poor,2.0,Completed
2051.0,8.0,Ngozi Okonkwo,276.0,2024-03-20 20:22:15.403,19:46:00,12.0,Very Poor,1.0,Completed
2052.0,8.0,Ngozi Okonkwo,276.0,2024-07-03 20:22:15.403,13:45:00,10.0,Average,3.0,Completed
2053.0,8.0,Ngozi Okonkwo,276.0,2024-11-29 20:22:15.403,17:15:00,16.0,Excellent,5.0,Completed
2054.0,8.0,Ngozi Okonkwo,276.0,2025-01-24 20:22:15.403,09:25:00,17.0,Good,4.0,Completed
2055.0,8.0,Ngozi Okonkwo,276.0,2024-03-20 20:22:15.403,16:48:00,6.0,Excellent,5.0,Completed
2056.0,8.0,Ngozi Okonkwo,276.0,2024-08-26 20:22:15.403,09:29:00,3.0,Excellent,5.0,Completed
2057.0,8.0,Ngozi Okonkwo,276.0,2024-06-05 20:22:15.403,09:12:00,6.0,Good,4.0,Completed
2058.0,8.0,Ngozi Okonkwo,276.0,2025-01-18 20:22:15.403,14:33:00,20.0,Excellent,5.0,Completed
2059.0,16.0,Chika Umeh,277.0,2024-12-19 20:22:15.403,14:26:00,14.0,Average,3.0,Completed
2060.0,16.0,Chika Umeh,277.0,2024-05-03 20:22:15.403,17:57:00,13.0,Very Poor,1.0,Completed
2061.0,16.0,Chika Umeh,277.0,2024-08-12 20:22:15.403,09:54:00,21.0,Good,4.0,Completed
2062.0,16.0,Chika Umeh,277.0,2024-05-20 20:22:15.403,19:14:00,26.0,Excellent,5.0,Completed
2063.0,16.0,Chika Umeh,277.0,2024-08-26 20:22:15.403,11:50:00,12.0,Very Poor,1.0,Completed
2064.0,16.0,Chika Umeh,277.0,2024-10-06 20:22:15.403,11:36:00,1.0,Average,3.0,Completed
2065.0,16.0,Chika Umeh,277.0,2024-09-13 20:22:15.403,15:44:00,8.0,Average,3.0,Completed
2066.0,16.0,Chika Umeh,277.0,2024-04-26 20:22:15.403,11:41:00,12.0,Excellent,5.0,Completed
2067.0,16.0,Chika Umeh,277.0,2024-11-05 20:22:15.403,19:02:00,14.0,Very Poor,1.0,Completed
2068.0,9.0,Ibrahim Danjuma,278.0,2024-12-30 20:22:15.403,13:46:00,29.0,Very Poor,1.0,Completed
2069.0,9.0,Ibrahim Danjuma,278.0,2024-09-20 20:22:15.403,13:40:00,25.0,Excellent,5.0,Completed
2070.0,9.0,Ibrahim Danjuma,278.0,2024-03-29 20:22:15.403,16:54:00,20.0,Average,3.0,Completed
2071.0,9.0,Ibrahim Danjuma,278.0,2024-05-01 20:22:15.403,10:23:00,5.0,Excellent,5.0,Completed
2072.0,9.0,Ibrahim Danjuma,278.0,2024-07-31 20:22:15.403,11:06:00,12.0,Very Poor,1.0,Completed
2073.0,15.0,Gbenga Adesina,279.0,2024-09-28 20:22:15.403,13:56:00,29.0,Very Poor,1.0,Completed
2074.0,15.0,Gbenga Adesina,279.0,2024-05-31 20:22:15.403,10:01:00,26.0,Excellent,5.0,Completed
2075.0,15.0,Gbenga Adesina,279.0,2025-03-02 20:22:15.403,08:05:00,29.0,Excellent,5.0,Completed
2076.0,15.0,Gbenga Adesina,279.0,2024-12-02 20:22:15.403,13:50:00,20.0,Average,3.0,Completed
2077.0,15.0,Gbenga Adesina,279.0,2025-02-14 20:22:15.403,19:44:00,16.0,Poor,2.0,Completed
2078.0,7.0,Segun Oladipo,280.0,2024-09-24 20:22:15.403,17:19:00,4.0,Good,4.0,Completed
2079.0,7.0,Segun Oladipo,280.0,2024-08-27 20:22:15.403,08:01:00,15.0,Excellent,5.0,Completed
2080.0,7.0,Segun Oladipo,280.0,2024-03-23 20:22:15.403,19:01:00,23.0,Good,4.0,Completed
2081.0,7.0,Segun Oladipo,280.0,2024-05-10 20:22:15.403,16:51:00,9.0,Very Poor,1.0,Completed
2082.0,7.0,Segun Oladipo,280.0,2024-11-16 20:22:15.403,13:05:00,7.0,Poor,2.0,Completed
2083.0,7.0,Segun Oladipo,280.0,2025-01-20 20:22:15.403,14:01:00,10.0,Average,3.0,Completed
2084.0,7.0,Segun Oladipo,280.0,2024-08-03 20:22:15.403,15:02:00,27.0,Poor,2.0,Completed
2085.0,7.0,Segun Oladipo,280.0,2024-06-20 20:22:15.403,18:33:00,13.0,Average,3.0,Completed
2086.0,7.0,Segun Oladipo,280.0,2024-10-11 20:22:15.403,16:27:00,17.0,Poor,2.0,Completed
2087.0,9.0,Ibrahim Danjuma,281.0,2025-01-14 20:22:15.403,17:46:00,4.0,Very Poor,1.0,Completed
2088.0,9.0,Ibrahim Danjuma,281.0,2024-10-14 20:22:15.403,18:43:00,16.0,Average,3.0,Completed
2089.0,9.0,Ibrahim Danjuma,281.0,2024-07-26 20:22:15.403,18:42:00,4.0,Very Poor,1.0,Completed
2090.0,9.0,Ibrahim Danjuma,281.0,2025-01-23 20:22:15.403,09:57:00,24.0,Average,3.0,Completed
2091.0,9.0,Ibrahim Danjuma,281.0,2024-12-15 20:22:15.403,17:23:00,26.0,Very Poor,1.0,Completed
2092.0,9.0,Ibrahim Danjuma,281.0,2024-03-20 20:22:15.403,08:30:00,15.0,Average,3.0,Completed
2093.0,9.0,Ibrahim Danjuma,281.0,2024-12-22 20:22:15.403,11:47:00,2.0,Good,4.0,Completed
2094.0,9.0,Ibrahim Danjuma,281.0,2024-09-13 20:22:15.403,19:26:00,19.0,Poor,2.0,Completed
2095.0,18.0,Amaka Obi,282.0,2024-04-17 20:22:15.403,18:42:00,24.0,Excellent,5.0,Completed
2096.0,18.0,Amaka Obi,282.0,2024-10-14 20:22:15.403,13:11:00,27.0,Good,4.0,Completed
2097.0,18.0,Amaka Obi,282.0,2024-03-28 20:22:15.403,18:25:00,5.0,Excellent,5.0,Completed
2098.0,18.0,Amaka Obi,282.0,2024-08-19 20:22:15.403,15:16:00,24.0,Poor,2.0,Completed
2099.0,18.0,Amaka Obi,282.0,2025-02-09 20:22:15.403,13:04:00,22.0,Excellent,5.0,Completed
2100.0,18.0,Amaka Obi,282.0,2024-10-09 20:22:15.403,09:11:00,4.0,Good,4.0,Completed
2101.0,18.0,Amaka Obi,282.0,2024-05-21 20:22:15.403,13:50:00,2.0,Good,4.0,Completed
2102.0,18.0,Amaka Obi,283.0,2024-08-12 20:22:15.403,12:15:00,23.0,Good,4.0,Completed
2103.0,18.0,Amaka Obi,283.0,2024-05-01 20:22:15.403,09:33:00,2.0,Good,4.0,Completed
2104.0,18.0,Amaka Obi,283.0,2024-03-27 20:22:15.403,11:34:00,3.0,Very Poor,1.0,Completed
2105.0,18.0,Amaka Obi,283.0,2025-01-13 20:22:15.403,19:43:00,5.0,Excellent,5.0,Completed
2106.0,18.0,Amaka Obi,283.0,2025-02-28 20:22:15.403,08:29:00,18.0,Good,4.0,Completed
2107.0,18.0,Amaka Obi,283.0,2024-12-18 20:22:15.403,18:50:00,7.0,Poor,2.0,Completed
2108.0,18.0,Amaka Obi,283.0,2025-01-01 20:22:15.403,18:44:00,12.0,Excellent,5.0,Completed
2109.0,18.0,Amaka Obi,283.0,2024-10-09 20:22:15.403,13:21:00,11.0,Poor,2.0,Completed
2110.0,18.0,Amaka Obi,283.0,2024-07-16 20:22:15.403,16:36:00,17.0,Good,4.0,Completed
2111.0,18.0,Amaka Obi,283.0,2024-12-31 20:22:15.403,10:17:00,9.0,Good,4.0,Completed
2112.0,9.0,Ibrahim Danjuma,284.0,2025-03-05 20:22:15.403,08:20:00,5.0,Poor,2.0,Completed
2113.0,9.0,Ibrahim Danjuma,284.0,2024-07-01 20:22:15.403,15:54:00,8.0,Poor,2.0,Completed
2114.0,9.0,Ibrahim Danjuma,284.0,2024-11-22 20:22:15.403,09:07:00,21.0,Good,4.0,Completed
2115.0,9.0,Ibrahim Danjuma,284.0,2024-11-05 20:22:15.403,10:09:00,14.0,Good,4.0,Completed
2116.0,9.0,Ibrahim Danjuma,284.0,2024-10-19 20:22:15.403,16:45:00,4.0,Very Poor,1.0,Completed
2117.0,9.0,Ibrahim Danjuma,284.0,2024-07-02 20:22:15.403,10:48:00,14.0,Average,3.0,Completed
2118.0,9.0,Ibrahim Danjuma,284.0,2024-06-23 20:22:15.403,09:29:00,20.0,Very Poor,1.0,Completed
2119.0,9.0,Ibrahim Danjuma,284.0,2025-02-12 20:22:15.403,13:26:00,1.0,Very Poor,1.0,Completed
2120.0,9.0,Ibrahim Danjuma,284.0,2024-05-22 20:22:15.403,17:20:00,27.0,Very Poor,1.0,Completed
2121.0,9.0,Ibrahim Danjuma,284.0,2024-11-14 20:22:15.403,12:08:00,13.0,Poor,2.0,Completed
2122.0,19.0,Felix Odion,285.0,2024-05-03 20:22:15.403,14:57:00,9.0,Poor,2.0,Completed
2123.0,19.0,Felix Odion,285.0,2024-10-08 20:22:15.403,18:20:00,21.0,Excellent,5.0,Completed
2124.0,19.0,Felix Odion,285.0,2024-08-11 20:22:15.403,11:34:00,1.0,Excellent,5.0,Completed
2125.0,19.0,Felix Odion,285.0,2024-07-07 20:22:15.403,15:08:00,15.0,Average,3.0,Completed
2126.0,19.0,Felix Odion,285.0,2024-04-23 20:22:15.403,18:50:00,1.0,Average,3.0,Completed
2127.0,19.0,Felix Odion,285.0,2024-10-21 20:22:15.403,10:07:00,8.0,Very Poor,1.0,Completed
2128.0,20.0,Adewale Ogunleye,286.0,2024-04-18 20:22:15.403,09:04:00,3.0,Good,4.0,Completed
2129.0,20.0,Adewale Ogunleye,286.0,2024-12-30 20:22:15.403,16:17:00,14.0,Average,3.0,Completed
2130.0,20.0,Adewale Ogunleye,286.0,2025-02-09 20:22:15.403,11:02:00,20.0,Very Poor,1.0,Completed
2131.0,20.0,Adewale Ogunleye,286.0,2024-07-14 20:22:15.403,11:07:00,13.0,Poor,2.0,Completed
2132.0,20.0,Adewale Ogunleye,286.0,2025-03-03 20:22:15.403,13:44:00,4.0,Good,4.0,Completed
2133.0,20.0,Adewale Ogunleye,286.0,2024-08-27 20:22:15.403,08:21:00,11.0,Excellent,5.0,Completed
2134.0,20.0,Adewale Ogunleye,286.0,2024-10-24 20:22:15.403,16:13:00,27.0,Good,4.0,Completed
2135.0,20.0,Adewale Ogunleye,286.0,2024-04-25 20:22:15.403,16:25:00,8.0,Very Poor,1.0,Completed
2136.0,9.0,Ibrahim Danjuma,287.0,2024-06-30 20:22:15.403,10:15:00,9.0,Average,3.0,Completed
2137.0,9.0,Ibrahim Danjuma,287.0,2024-05-17 20:22:15.403,11:49:00,26.0,Average,3.0,Completed
2138.0,9.0,Ibrahim Danjuma,287.0,2024-09-10 20:22:15.403,12:06:00,1.0,Very Poor,1.0,Completed
2139.0,9.0,Ibrahim Danjuma,287.0,2024-05-21 20:22:15.403,16:57:00,27.0,Excellent,5.0,Completed
2140.0,9.0,Ibrahim Danjuma,287.0,2024-04-09 20:22:15.403,17:09:00,21.0,Good,4.0,Completed
2141.0,6.0,Funke Adeyemi,288.0,2024-04-25 20:22:15.403,09:37:00,13.0,Very Poor,1.0,Completed
2142.0,6.0,Funke Adeyemi,288.0,2024-03-08 20:22:15.403,11:50:00,29.0,Excellent,5.0,Completed
2143.0,6.0,Funke Adeyemi,288.0,2024-06-15 20:22:15.403,18:17:00,2.0,Excellent,5.0,Completed
2144.0,6.0,Funke Adeyemi,288.0,2025-01-10 20:22:15.403,14:32:00,23.0,Excellent,5.0,Completed
2145.0,6.0,Funke Adeyemi,288.0,2024-07-08 20:22:15.403,19:39:00,20.0,Good,4.0,Completed
2146.0,1.0,Emeka Okafor,289.0,2024-03-15 20:22:15.403,13:24:00,28.0,Excellent,5.0,Completed
2147.0,1.0,Emeka Okafor,289.0,2025-02-24 20:22:15.403,16:04:00,7.0,Good,4.0,Completed
2148.0,1.0,Emeka Okafor,289.0,2024-05-23 20:22:15.403,09:58:00,12.0,Excellent,5.0,Completed
2149.0,1.0,Emeka Okafor,289.0,2024-12-15 20:22:15.403,13:43:00,25.0,Very Poor,1.0,Completed
2150.0,1.0,Emeka Okafor,289.0,2025-01-18 20:22:15.403,12:42:00,9.0,Very Poor,1.0,Completed
2151.0,1.0,Emeka Okafor,289.0,2025-03-01 20:22:15.403,12:51:00,6.0,Very Poor,1.0,Completed
2152.0,1.0,Emeka Okafor,289.0,2024-11-25 20:22:15.403,18:57:00,12.0,Poor,2.0,Completed
2153.0,1.0,Emeka Okafor,289.0,2024-09-11 20:22:15.403,12:47:00,15.0,Excellent,5.0,Completed
2154.0,1.0,Emeka Okafor,289.0,2024-07-22 20:22:15.403,12:05:00,21.0,Poor,2.0,Completed
2155.0,19.0,Felix Odion,290.0,2024-08-08 20:22:15.403,09:51:00,9.0,Very Poor,1.0,Completed
2156.0,19.0,Felix Odion,290.0,2024-05-23 20:22:15.403,19:52:00,19.0,Very Poor,1.0,Completed
2157.0,19.0,Felix Odion,290.0,2024-05-28 20:22:15.403,13:58:00,1.0,Average,3.0,Completed
2158.0,19.0,Felix Odion,290.0,2024-06-28 20:22:15.403,13:57:00,9.0,Very Poor,1.0,Completed
2159.0,19.0,Felix Odion,290.0,2025-02-25 20:22:15.403,12:40:00,15.0,Very Poor,1.0,Completed
2160.0,19.0,Felix Odion,290.0,2024-04-01 20:22:15.403,11:05:00,26.0,Very Poor,1.0,Completed
2161.0,19.0,Felix Odion,290.0,2024-10-04 20:22:15.403,09:53:00,22.0,Good,4.0,Completed
2162.0,4.0,Aisha Mohammed,291.0,2024-11-17 20:22:15.403,14:08:00,5.0,Average,3.0,Completed
2163.0,4.0,Aisha Mohammed,291.0,2024-07-10 20:22:15.403,17:12:00,15.0,Good,4.0,Completed
2164.0,4.0,Aisha Mohammed,291.0,2025-01-31 20:22:15.403,19:01:00,15.0,Very Poor,1.0,Completed
2165.0,4.0,Aisha Mohammed,291.0,2024-10-06 20:22:15.403,18:51:00,27.0,Poor,2.0,Completed
2166.0,4.0,Aisha Mohammed,291.0,2024-09-03 20:22:15.403,13:40:00,11.0,Good,4.0,Completed
2167.0,4.0,Aisha Mohammed,291.0,2024-03-30 20:22:15.403,17:39:00,21.0,Poor,2.0,Completed
2168.0,4.0,Aisha Mohammed,291.0,2025-01-16 20:22:15.403,09:56:00,4.0,Poor,2.0,Completed
2169.0,4.0,Aisha Mohammed,291.0,2024-07-20 20:22:15.403,16:23:00,2.0,Very Poor,1.0,Completed
2170.0,4.0,Aisha Mohammed,291.0,2024-04-07 20:22:15.403,13:26:00,23.0,Excellent,5.0,Completed
2171.0,4.0,Aisha Mohammed,291.0,2025-01-14 20:22:15.403,17:20:00,23.0,Poor,2.0,Completed
2172.0,18.0,Amaka Obi,292.0,2024-06-19 20:22:15.403,12:11:00,14.0,Good,4.0,Completed
2173.0,18.0,Amaka Obi,292.0,2024-04-29 20:22:15.403,19:44:00,17.0,Excellent,5.0,Completed
2174.0,18.0,Amaka Obi,292.0,2024-06-26 20:22:15.403,08:26:00,25.0,Very Poor,1.0,Completed
2175.0,18.0,Amaka Obi,292.0,2024-10-16 20:22:15.403,09:19:00,10.0,Very Poor,1.0,Completed
2176.0,18.0,Amaka Obi,292.0,2025-01-13 20:22:15.403,18:31:00,4.0,Good,4.0,Completed
2177.0,18.0,Amaka Obi,292.0,2024-03-30 20:22:15.403,15:10:00,21.0,Good,4.0,Completed
2178.0,18.0,Amaka Obi,292.0,2024-05-18 20:22:15.403,10:32:00,10.0,Poor,2.0,Completed
2179.0,2.0,Chioma Nwosu,293.0,2024-04-12 20:22:15.403,09:37:00,21.0,Good,4.0,Completed
2180.0,2.0,Chioma Nwosu,293.0,2024-11-07 20:22:15.403,16:05:00,12.0,Poor,2.0,Completed
2181.0,2.0,Chioma Nwosu,293.0,2024-11-24 20:22:15.403,09:43:00,29.0,Poor,2.0,Completed
2182.0,2.0,Chioma Nwosu,293.0,2024-11-14 20:22:15.403,17:14:00,2.0,Poor,2.0,Completed
2183.0,2.0,Chioma Nwosu,293.0,2024-05-20 20:22:15.403,19:12:00,5.0,Average,3.0,Completed
2184.0,2.0,Chioma Nwosu,293.0,2024-06-08 20:22:15.403,16:54:00,26.0,Very Poor,1.0,Completed
2185.0,2.0,Chioma Nwosu,293.0,2024-06-03 20:22:15.403,15:11:00,18.0,Very Poor,1.0,Completed
2186.0,2.0,Chioma Nwosu,293.0,2024-04-15 20:22:15.403,08:38:00,26.0,Very Poor,1.0,Completed
2187.0,2.0,Chioma Nwosu,293.0,2024-07-04 20:22:15.403,19:12:00,3.0,Good,4.0,Completed
2188.0,12.0,Yakubu Bello,294.0,2024-12-24 20:22:15.403,13:21:00,18.0,Good,4.0,Completed
2189.0,12.0,Yakubu Bello,294.0,2024-10-13 20:22:15.403,12:10:00,7.0,Average,3.0,Completed
2190.0,12.0,Yakubu Bello,294.0,2024-04-19 20:22:15.403,12:30:00,3.0,Excellent,5.0,Completed
2191.0,12.0,Yakubu Bello,294.0,2024-05-02 20:22:15.403,12:41:00,21.0,Excellent,5.0,Completed
2192.0,12.0,Yakubu Bello,294.0,2025-01-28 20:22:15.403,10:49:00,18.0,Good,4.0,Completed
2193.0,12.0,Yakubu Bello,294.0,2024-04-13 20:22:15.403,11:22:00,4.0,Excellent,5.0,Completed
2194.0,12.0,Yakubu Bello,294.0,2024-05-07 20:22:15.403,11:01:00,9.0,Very Poor,1.0,Completed
2195.0,12.0,Yakubu Bello,294.0,2024-07-28 20:22:15.403,15:16:00,26.0,Very Poor,1.0,Completed
2196.0,12.0,Yakubu Bello,294.0,2024-09-30 20:22:15.403,19:11:00,26.0,Excellent,5.0,Completed
2197.0,5.0,Obinna Eze,295.0,2024-11-15 20:22:15.403,19:03:00,3.0,Excellent,5.0,Completed
2198.0,5.0,Obinna Eze,295.0,2024-12-24 20:22:15.403,10:40:00,1.0,Average,3.0,Completed
2199.0,5.0,Obinna Eze,295.0,2024-12-27 20:22:15.403,19:05:00,13.0,Very Poor,1.0,Completed
2200.0,5.0,Obinna Eze,295.0,2024-09-08 20:22:15.403,18:51:00,22.0,Average,3.0,Completed
2201.0,5.0,Obinna Eze,295.0,2025-01-11 20:22:15.403,14:56:00,20.0,Excellent,5.0,Completed
2202.0,5.0,Obinna Eze,295.0,2024-05-27 20:22:15.403,14:36:00,3.0,Very Poor,1.0,Completed
2203.0,5.0,Obinna Eze,295.0,2024-09-02 20:22:15.403,18:58:00,28.0,Very Poor,1.0,Completed
2204.0,5.0,Obinna Eze,295.0,2024-09-07 20:22:15.403,11:23:00,6.0,Excellent,5.0,Completed
2205.0,5.0,Obinna Eze,295.0,2025-01-11 20:22:15.403,08:49:00,16.0,Good,4.0,Completed
2206.0,5.0,Obinna Eze,296.0,2024-04-22 20:22:15.403,13:13:00,27.0,Good,4.0,Completed
2207.0,5.0,Obinna Eze,296.0,2024-05-31 20:22:15.403,17:26:00,1.0,Poor,2.0,Completed
2208.0,5.0,Obinna Eze,296.0,2024-11-30 20:22:15.403,13:39:00,8.0,Poor,2.0,Completed
2209.0,5.0,Obinna Eze,296.0,2024-05-15 20:22:15.403,13:21:00,22.0,Good,4.0,Completed
2210.0,5.0,Obinna Eze,296.0,2025-03-02 20:22:15.403,12:22:00,29.0,Very Poor,1.0,Completed
2211.0,5.0,Obinna Eze,296.0,2024-04-26 20:22:15.403,16:37:00,11.0,Very Poor,1.0,Completed
2212.0,5.0,Obinna Eze,296.0,2024-03-28 20:22:15.403,10:40:00,22.0,Average,3.0,Completed
2213.0,5.0,Obinna Eze,296.0,2024-12-30 20:22:15.403,19:31:00,17.0,Very Poor,1.0,Completed
2214.0,5.0,Obinna Eze,296.0,2025-01-31 20:22:15.403,19:37:00,20.0,Average,3.0,Completed
2215.0,3.0,Tunde Balogun,297.0,2024-11-21 20:22:15.403,18:32:00,3.0,Excellent,5.0,Completed
2216.0,3.0,Tunde Balogun,297.0,2024-12-25 20:22:15.403,13:35:00,10.0,Average,3.0,Completed
2217.0,3.0,Tunde Balogun,297.0,2025-01-16 20:22:15.403,16:35:00,12.0,Very Poor,1.0,Completed
2218.0,3.0,Tunde Balogun,297.0,2024-05-12 20:22:15.403,08:30:00,5.0,Poor,2.0,Completed
2219.0,3.0,Tunde Balogun,297.0,2024-09-25 20:22:15.403,08:24:00,15.0,Very Poor,1.0,Completed
2220.0,3.0,Tunde Balogun,297.0,2024-05-29 20:22:15.403,15:54:00,8.0,Good,4.0,Completed
2221.0,3.0,Tunde Balogun,297.0,2024-04-14 20:22:15.403,12:55:00,14.0,Poor,2.0,Completed
2222.0,3.0,Tunde Balogun,297.0,2024-09-08 20:22:15.403,12:20:00,6.0,Very Poor,1.0,Completed
2223.0,3.0,Tunde Balogun,297.0,2024-03-19 20:22:15.403,13:22:00,22.0,Excellent,5.0,Completed
2224.0,6.0,Funke Adeyemi,298.0,2024-06-25 20:22:15.403,19:05:00,9.0,Very Poor,1.0,Completed
2225.0,6.0,Funke Adeyemi,298.0,2024-09-14 20:22:15.403,18:07:00,29.0,Very Poor,1.0,Completed
2226.0,6.0,Funke Adeyemi,298.0,2024-03-31 20:22:15.403,17:03:00,23.0,Good,4.0,Completed
2227.0,6.0,Funke Adeyemi,298.0,2024-12-25 20:22:15.403,11:16:00,8.0,Good,4.0,Completed
2228.0,6.0,Funke Adeyemi,298.0,2025-02-16 20:22:15.403,09:48:00,1.0,Very Poor,1.0,Completed
2229.0,6.0,Funke Adeyemi,298.0,2025-02-08 20:22:15.403,19:57:00,2.0,Very Poor,1.0,Completed
2230.0,6.0,Funke Adeyemi,298.0,2024-05-01 20:22:15.403,11:31:00,28.0,Poor,2.0,Completed
2231.0,6.0,Funke Adeyemi,298.0,2024-09-26 20:22:15.403,12:28:00,16.0,Poor,2.0,Completed
2232.0,6.0,Funke Adeyemi,298.0,2024-05-04 20:22:15.403,18:00:00,9.0,Average,3.0,Completed
2233.0,7.0,Segun Oladipo,299.0,2024-08-13 20:22:15.403,09:13:00,11.0,Poor,2.0,Completed
2234.0,7.0,Segun Oladipo,299.0,2024-10-05 20:22:15.403,16:40:00,14.0,Very Poor,1.0,Completed
2235.0,7.0,Segun Oladipo,299.0,2024-12-12 20:22:15.403,11:23:00,17.0,Average,3.0,Completed
2236.0,7.0,Segun Oladipo,299.0,2024-10-10 20:22:15.403,13:11:00,10.0,Poor,2.0,Completed
2237.0,7.0,Segun Oladipo,299.0,2025-01-16 20:22:15.403,17:15:00,21.0,Excellent,5.0,Completed
2238.0,3.0,Tunde Balogun,300.0,2024-10-31 20:22:15.403,15:28:00,24.0,Excellent,5.0,Completed
2239.0,3.0,Tunde Balogun,300.0,2024-08-19 20:22:15.403,09:44:00,28.0,Average,3.0,Completed
2240.0,3.0,Tunde Balogun,300.0,2025-01-30 20:22:15.403,12:44:00,23.0,Very Poor,1.0,Completed
2241.0,3.0,Tunde Balogun,300.0,2025-01-05 20:22:15.403,10:12:00,9.0,Good,4.0,Completed
2242.0,3.0,Tunde Balogun,300.0,2024-10-22 20:22:15.403,12:26:00,20.0,Average,3.0,Completed
2243.0,18.0,Amaka Obi,301.0,2024-04-26 20:22:15.403,11:27:00,20.0,Very Poor,1.0,Completed
2244.0,18.0,Amaka Obi,301.0,2024-05-28 20:22:15.403,10:33:00,29.0,Poor,2.0,Completed
2245.0,18.0,Amaka Obi,301.0,2024-08-29 20:22:15.403,09:59:00,1.0,Good,4.0,Completed
2246.0,18.0,Amaka Obi,301.0,2024-09-12 20:22:15.403,19:25:00,28.0,Poor,2.0,Completed
2247.0,18.0,Amaka Obi,301.0,2024-12-24 20:22:15.403,09:51:00,8.0,Good,4.0,Completed
2248.0,18.0,Amaka Obi,301.0,2024-03-30 20:22:15.403,12:23:00,1.0,Excellent,5.0,Completed
2249.0,18.0,Amaka Obi,301.0,2024-07-19 20:22:15.403,17:32:00,25.0,Poor,2.0,Completed
2250.0,18.0,Amaka Obi,301.0,2025-02-08 20:22:15.403,11:54:00,29.0,Good,4.0,Completed
2251.0,18.0,Amaka Obi,301.0,2024-03-12 20:22:15.403,16:53:00,7.0,Poor,2.0,Completed
2252.0,18.0,Amaka Obi,301.0,2024-11-07 20:22:15.403,13:12:00,12.0,Excellent,5.0,Completed
2253.0,19.0,Felix Odion,302.0,2024-05-15 20:22:15.403,11:17:00,8.0,Very Poor,1.0,Completed
2254.0,19.0,Felix Odion,302.0,2024-11-26 20:22:15.403,08:48:00,7.0,Poor,2.0,Completed
2255.0,19.0,Felix Odion,302.0,2024-09-27 20:22:15.403,17:42:00,25.0,Poor,2.0,Completed
2256.0,19.0,Felix Odion,302.0,2024-10-31 20:22:15.403,08:19:00,15.0,Excellent,5.0,Completed
2257.0,19.0,Felix Odion,302.0,2025-01-13 20:22:15.403,12:33:00,9.0,Excellent,5.0,Completed
2258.0,19.0,Felix Odion,302.0,2024-12-03 20:22:15.403,18:12:00,4.0,Excellent,5.0,Completed
2259.0,19.0,Felix Odion,302.0,2025-02-15 20:22:15.403,16:54:00,26.0,Good,4.0,Completed
2260.0,19.0,Felix Odion,302.0,2024-03-14 20:22:15.403,14:04:00,18.0,Average,3.0,Completed
2261.0,19.0,Felix Odion,302.0,2025-01-04 20:22:15.403,12:18:00,16.0,Average,3.0,Completed
2262.0,19.0,Felix Odion,302.0,2024-08-09 20:22:15.403,08:26:00,20.0,Average,3.0,Completed
2263.0,14.0,Zainab Suleiman,303.0,2024-08-04 20:22:15.403,14:17:00,19.0,Very Poor,1.0,Completed
2264.0,14.0,Zainab Suleiman,303.0,2024-05-02 20:22:15.403,10:30:00,8.0,Very Poor,1.0,Completed
2265.0,14.0,Zainab Suleiman,303.0,2024-09-22 20:22:15.403,14:25:00,13.0,Very Poor,1.0,Completed
2266.0,14.0,Zainab Suleiman,303.0,2024-03-31 20:22:15.403,19:38:00,29.0,Excellent,5.0,Completed
2267.0,14.0,Zainab Suleiman,303.0,2024-04-17 20:22:15.403,18:59:00,22.0,Average,3.0,Completed
2268.0,14.0,Zainab Suleiman,303.0,2024-05-28 20:22:15.403,17:26:00,24.0,Very Poor,1.0,Completed
2269.0,14.0,Zainab Suleiman,303.0,2024-03-21 20:22:15.403,17:02:00,27.0,Excellent,5.0,Completed
2270.0,14.0,Zainab Suleiman,303.0,2025-01-25 20:22:15.403,09:39:00,16.0,Poor,2.0,Completed
2271.0,4.0,Aisha Mohammed,304.0,2024-07-27 20:22:15.403,16:59:00,28.0,Excellent,5.0,Completed
2272.0,4.0,Aisha Mohammed,304.0,2024-09-17 20:22:15.403,13:00:00,22.0,Excellent,5.0,Completed
2273.0,4.0,Aisha Mohammed,304.0,2024-10-27 20:22:15.403,08:56:00,28.0,Poor,2.0,Completed
2274.0,4.0,Aisha Mohammed,304.0,2025-03-02 20:22:15.403,14:08:00,11.0,Very Poor,1.0,Completed
2275.0,4.0,Aisha Mohammed,304.0,2024-12-10 20:22:15.403,10:41:00,4.0,Average,3.0,Completed
2276.0,4.0,Aisha Mohammed,304.0,2024-07-20 20:22:15.403,16:52:00,27.0,Good,4.0,Completed
2277.0,12.0,Yakubu Bello,305.0,2024-07-29 20:22:15.403,15:17:00,1.0,Excellent,5.0,Completed
2278.0,12.0,Yakubu Bello,305.0,2025-02-23 20:22:15.403,16:37:00,16.0,Excellent,5.0,Completed
2279.0,12.0,Yakubu Bello,305.0,2024-08-03 20:22:15.403,11:19:00,27.0,Good,4.0,Completed
2280.0,12.0,Yakubu Bello,305.0,2024-12-25 20:22:15.403,11:04:00,24.0,Excellent,5.0,Completed
2281.0,12.0,Yakubu Bello,305.0,2025-01-06 20:22:15.403,19:02:00,15.0,Good,4.0,Completed
2282.0,12.0,Yakubu Bello,305.0,2024-08-12 20:22:15.403,19:36:00,27.0,Poor,2.0,Completed
2283.0,12.0,Yakubu Bello,305.0,2024-08-03 20:22:15.403,09:47:00,23.0,Poor,2.0,Completed
2284.0,12.0,Yakubu Bello,305.0,2024-11-11 20:22:15.403,16:04:00,16.0,Poor,2.0,Completed
2285.0,11.0,Kemi Adebanjo,306.0,2024-07-26 20:22:15.403,11:24:00,9.0,Excellent,5.0,Completed
2286.0,11.0,Kemi Adebanjo,306.0,2024-11-28 20:22:15.403,11:45:00,18.0,Poor,2.0,Completed
2287.0,11.0,Kemi Adebanjo,306.0,2024-05-12 20:22:15.403,09:38:00,24.0,Poor,2.0,Completed
2288.0,11.0,Kemi Adebanjo,306.0,2025-01-29 20:22:15.403,19:01:00,27.0,Poor,2.0,Completed
2289.0,11.0,Kemi Adebanjo,306.0,2024-04-26 20:22:15.403,15:56:00,19.0,Very Poor,1.0,Completed
2290.0,11.0,Kemi Adebanjo,306.0,2024-05-28 20:22:15.403,09:38:00,8.0,Good,4.0,Completed
2291.0,11.0,Kemi Adebanjo,307.0,2024-07-04 20:22:15.403,19:55:00,2.0,Very Poor,1.0,Completed
2292.0,11.0,Kemi Adebanjo,307.0,2024-12-21 20:22:15.403,15:23:00,16.0,Average,3.0,Completed
2293.0,11.0,Kemi Adebanjo,307.0,2025-01-11 20:22:15.403,14:00:00,4.0,Excellent,5.0,Completed
2294.0,11.0,Kemi Adebanjo,307.0,2025-01-14 20:22:15.403,14:24:00,23.0,Excellent,5.0,Completed
2295.0,11.0,Kemi Adebanjo,307.0,2025-02-24 20:22:15.403,17:36:00,6.0,Good,4.0,Completed
2296.0,11.0,Kemi Adebanjo,307.0,2025-02-21 20:22:15.403,12:14:00,21.0,Average,3.0,Completed
2297.0,11.0,Kemi Adebanjo,307.0,2025-02-17 20:22:15.403,10:37:00,14.0,Excellent,5.0,Completed
2298.0,11.0,Kemi Adebanjo,307.0,2024-03-18 20:22:15.403,14:09:00,2.0,Excellent,5.0,Completed
2299.0,12.0,Yakubu Bello,308.0,2024-08-14 20:22:15.403,19:46:00,3.0,Very Poor,1.0,Completed
2300.0,12.0,Yakubu Bello,308.0,2024-04-17 20:22:15.403,14:00:00,10.0,Poor,2.0,Completed
2301.0,12.0,Yakubu Bello,308.0,2024-04-15 20:22:15.403,19:16:00,14.0,Very Poor,1.0,Completed
2302.0,12.0,Yakubu Bello,308.0,2024-08-01 20:22:15.403,14:51:00,29.0,Poor,2.0,Completed
2303.0,12.0,Yakubu Bello,308.0,2025-02-17 20:22:15.403,19:28:00,4.0,Average,3.0,Completed
2304.0,12.0,Yakubu Bello,308.0,2024-03-20 20:22:15.403,10:15:00,26.0,Average,3.0,Completed
2305.0,12.0,Yakubu Bello,308.0,2024-11-24 20:22:15.403,12:42:00,15.0,Excellent,5.0,Completed
2306.0,17.0,Rasheed Lawal,309.0,2024-06-17 20:22:15.403,18:06:00,2.0,Very Poor,1.0,Completed
2307.0,17.0,Rasheed Lawal,309.0,2025-01-02 20:22:15.403,16:11:00,26.0,Average,3.0,Completed
2308.0,17.0,Rasheed Lawal,309.0,2024-12-29 20:22:15.403,18:51:00,8.0,Very Poor,1.0,Completed
2309.0,17.0,Rasheed Lawal,309.0,2024-11-20 20:22:15.403,08:09:00,9.0,Very Poor,1.0,Completed
2310.0,17.0,Rasheed Lawal,309.0,2024-12-01 20:22:15.403,18:43:00,17.0,Poor,2.0,Completed
2311.0,17.0,Rasheed Lawal,309.0,2024-08-21 20:22:15.403,18:32:00,21.0,Average,3.0,Completed
2312.0,1.0,Emeka Okafor,310.0,2024-10-13 20:22:15.403,13:23:00,23.0,Poor,2.0,Completed
2313.0,1.0,Emeka Okafor,310.0,2024-04-30 20:22:15.403,19:40:00,11.0,Excellent,5.0,Completed
2314.0,1.0,Emeka Okafor,310.0,2024-10-08 20:22:15.403,16:10:00,13.0,Excellent,5.0,Completed
2315.0,1.0,Emeka Okafor,310.0,2024-05-23 20:22:15.403,18:50:00,14.0,Average,3.0,Completed
2316.0,1.0,Emeka Okafor,310.0,2024-10-27 20:22:15.403,18:40:00,4.0,Average,3.0,Completed
2317.0,1.0,Emeka Okafor,310.0,2024-03-10 20:22:15.403,16:49:00,26.0,Very Poor,1.0,Completed
2318.0,1.0,Emeka Okafor,310.0,2024-04-09 20:22:15.403,10:18:00,22.0,Very Poor,1.0,Completed
2319.0,1.0,Emeka Okafor,310.0,2024-12-25 20:22:15.403,12:12:00,20.0,Excellent,5.0,Completed
2320.0,1.0,Emeka Okafor,310.0,2024-09-14 20:22:15.403,14:24:00,4.0,Average,3.0,Completed
2321.0,17.0,Rasheed Lawal,311.0,2025-01-08 20:22:15.403,11:58:00,15.0,Poor,2.0,Completed
2322.0,17.0,Rasheed Lawal,311.0,2024-11-20 20:22:15.403,16:36:00,11.0,Poor,2.0,Completed
2323.0,17.0,Rasheed Lawal,311.0,2025-01-27 20:22:15.403,12:17:00,22.0,Poor,2.0,Completed
2324.0,17.0,Rasheed Lawal,311.0,2024-07-10 20:22:15.403,10:12:00,6.0,Good,4.0,Completed
2325.0,17.0,Rasheed Lawal,311.0,2024-09-08 20:22:15.403,09:27:00,23.0,Very Poor,1.0,Completed
2326.0,17.0,Rasheed Lawal,311.0,2024-04-06 20:22:15.403,19:09:00,17.0,Poor,2.0,Completed
2327.0,17.0,Rasheed Lawal,311.0,2025-02-11 20:22:15.403,08:06:00,19.0,Good,4.0,Completed
2328.0,17.0,Rasheed Lawal,311.0,2024-06-19 20:22:15.403,09:09:00,24.0,Very Poor,1.0,Completed
2329.0,17.0,Rasheed Lawal,311.0,2025-01-26 20:22:15.403,09:28:00,10.0,Average,3.0,Completed
2330.0,18.0,Amaka Obi,312.0,2024-12-18 20:22:15.403,13:03:00,13.0,Average,3.0,Completed
2331.0,18.0,Amaka Obi,312.0,2024-07-14 20:22:15.403,09:58:00,16.0,Good,4.0,Completed
2332.0,18.0,Amaka Obi,312.0,2024-11-02 20:22:15.403,09:44:00,26.0,Poor,2.0,Completed
2333.0,18.0,Amaka Obi,312.0,2024-11-23 20:22:15.403,18:31:00,7.0,Average,3.0,Completed
2334.0,18.0,Amaka Obi,312.0,2024-12-24 20:22:15.403,09:11:00,20.0,Average,3.0,Completed
2335.0,18.0,Amaka Obi,312.0,2024-06-25 20:22:15.403,14:04:00,16.0,Good,4.0,Completed
2336.0,18.0,Amaka Obi,312.0,2024-04-19 20:22:15.403,11:45:00,19.0,Excellent,5.0,Completed
2337.0,18.0,Amaka Obi,312.0,2025-02-21 20:22:15.403,17:56:00,29.0,Excellent,5.0,Completed
2338.0,18.0,Amaka Obi,312.0,2024-11-03 20:22:15.403,17:59:00,16.0,Average,3.0,Completed
2339.0,18.0,Amaka Obi,312.0,2024-10-07 20:22:15.403,11:38:00,13.0,Poor,2.0,Completed
2340.0,14.0,Zainab Suleiman,313.0,2024-11-18 20:22:15.403,10:09:00,7.0,Average,3.0,Completed
2341.0,14.0,Zainab Suleiman,313.0,2025-02-05 20:22:15.403,17:33:00,6.0,Poor,2.0,Completed
2342.0,14.0,Zainab Suleiman,313.0,2024-10-14 20:22:15.403,18:17:00,11.0,Very Poor,1.0,Completed
2343.0,14.0,Zainab Suleiman,313.0,2024-07-16 20:22:15.403,14:50:00,23.0,Average,3.0,Completed
2344.0,14.0,Zainab Suleiman,313.0,2024-07-21 20:22:15.403,10:43:00,17.0,Poor,2.0,Completed
2345.0,14.0,Zainab Suleiman,313.0,2024-10-26 20:22:15.403,19:50:00,16.0,Good,4.0,Completed
2346.0,20.0,Adewale Ogunleye,314.0,2024-07-09 20:22:15.403,11:54:00,28.0,Poor,2.0,Completed
2347.0,20.0,Adewale Ogunleye,314.0,2024-11-05 20:22:15.403,18:03:00,22.0,Excellent,5.0,Completed
2348.0,20.0,Adewale Ogunleye,314.0,2024-05-19 20:22:15.403,10:51:00,26.0,Average,3.0,Completed
2349.0,20.0,Adewale Ogunleye,314.0,2024-08-23 20:22:15.403,16:52:00,16.0,Excellent,5.0,Completed
2350.0,20.0,Adewale Ogunleye,314.0,2024-09-24 20:22:15.403,11:38:00,17.0,Good,4.0,Completed
2351.0,4.0,Aisha Mohammed,315.0,2024-11-16 20:22:15.403,16:58:00,7.0,Average,3.0,Completed
2352.0,4.0,Aisha Mohammed,315.0,2024-07-03 20:22:15.403,10:05:00,24.0,Very Poor,1.0,Completed
2353.0,4.0,Aisha Mohammed,315.0,2024-06-20 20:22:15.403,16:33:00,10.0,Good,4.0,Completed
2354.0,4.0,Aisha Mohammed,315.0,2025-02-08 20:22:15.403,13:39:00,6.0,Very Poor,1.0,Completed
2355.0,4.0,Aisha Mohammed,315.0,2024-06-17 20:22:15.403,14:38:00,17.0,Average,3.0,Completed
2356.0,4.0,Aisha Mohammed,315.0,2024-04-21 20:22:15.403,10:12:00,13.0,Very Poor,1.0,Completed
2357.0,4.0,Aisha Mohammed,315.0,2024-03-20 20:22:15.403,15:15:00,4.0,Very Poor,1.0,Completed
2358.0,4.0,Aisha Mohammed,315.0,2025-01-15 20:22:15.403,14:23:00,20.0,Poor,2.0,Completed
2359.0,4.0,Aisha Mohammed,315.0,2024-12-13 20:22:15.403,13:49:00,3.0,Good,4.0,Completed
2360.0,1.0,Emeka Okafor,316.0,2024-08-06 20:22:15.403,16:58:00,28.0,Average,3.0,Completed
2361.0,1.0,Emeka Okafor,316.0,2024-12-04 20:22:15.403,16:29:00,15.0,Average,3.0,Completed
2362.0,1.0,Emeka Okafor,316.0,2024-04-24 20:22:15.403,09:30:00,27.0,Very Poor,1.0,Completed
2363.0,1.0,Emeka Okafor,316.0,2024-11-11 20:22:15.403,08:04:00,11.0,Very Poor,1.0,Completed
2364.0,1.0,Emeka Okafor,316.0,2024-12-18 20:22:15.403,18:50:00,1.0,Good,4.0,Completed
2365.0,1.0,Emeka Okafor,316.0,2024-11-09 20:22:15.403,10:21:00,7.0,Excellent,5.0,Completed
2366.0,1.0,Emeka Okafor,316.0,2024-11-01 20:22:15.403,19:26:00,6.0,Poor,2.0,Completed
2367.0,1.0,Emeka Okafor,316.0,2024-04-11 20:22:15.403,18:15:00,29.0,Poor,2.0,Completed
2368.0,1.0,Emeka Okafor,316.0,2025-02-24 20:22:15.403,10:33:00,25.0,Very Poor,1.0,Completed
2369.0,7.0,Segun Oladipo,317.0,2024-04-24 20:22:15.403,19:05:00,4.0,Very Poor,1.0,Completed
2370.0,7.0,Segun Oladipo,317.0,2024-10-20 20:22:15.403,12:00:00,19.0,Very Poor,1.0,Completed
2371.0,7.0,Segun Oladipo,317.0,2024-09-15 20:22:15.403,08:17:00,19.0,Poor,2.0,Completed
2372.0,7.0,Segun Oladipo,317.0,2024-04-03 20:22:15.403,10:24:00,10.0,Poor,2.0,Completed
2373.0,7.0,Segun Oladipo,317.0,2025-02-08 20:22:15.403,16:10:00,24.0,Very Poor,1.0,Completed
2374.0,7.0,Segun Oladipo,317.0,2024-06-20 20:22:15.403,15:58:00,15.0,Average,3.0,Completed
2375.0,7.0,Segun Oladipo,317.0,2024-07-11 20:22:15.403,19:03:00,15.0,Good,4.0,Completed
2376.0,7.0,Segun Oladipo,317.0,2024-12-02 20:22:15.403,11:32:00,1.0,Good,4.0,Completed
2377.0,7.0,Segun Oladipo,317.0,2024-10-29 20:22:15.403,18:56:00,15.0,Average,3.0,Completed
2378.0,7.0,Segun Oladipo,317.0,2024-08-30 20:22:15.403,11:04:00,26.0,Poor,2.0,Completed
2379.0,2.0,Chioma Nwosu,318.0,2024-09-10 20:22:15.403,17:17:00,25.0,Average,3.0,Completed
2380.0,2.0,Chioma Nwosu,318.0,2025-02-28 20:22:15.403,18:37:00,19.0,Very Poor,1.0,Completed
2381.0,2.0,Chioma Nwosu,318.0,2024-09-05 20:22:15.403,13:56:00,2.0,Very Poor,1.0,Completed
2382.0,2.0,Chioma Nwosu,318.0,2024-04-13 20:22:15.403,12:23:00,22.0,Excellent,5.0,Completed
2383.0,2.0,Chioma Nwosu,318.0,2024-05-16 20:22:15.403,13:18:00,11.0,Good,4.0,Completed
2384.0,14.0,Zainab Suleiman,319.0,2024-06-03 20:22:15.403,18:30:00,19.0,Good,4.0,Completed
2385.0,14.0,Zainab Suleiman,319.0,2025-02-11 20:22:15.403,12:46:00,4.0,Very Poor,1.0,Completed
2386.0,14.0,Zainab Suleiman,319.0,2024-08-11 20:22:15.403,11:41:00,23.0,Very Poor,1.0,Completed
2387.0,14.0,Zainab Suleiman,319.0,2025-01-10 20:22:15.403,15:21:00,27.0,Excellent,5.0,Completed
2388.0,14.0,Zainab Suleiman,319.0,2024-08-08 20:22:15.403,15:37:00,24.0,Average,3.0,Completed
2389.0,14.0,Zainab Suleiman,319.0,2024-09-06 20:22:15.403,11:59:00,25.0,Very Poor,1.0,Completed
2390.0,14.0,Zainab Suleiman,319.0,2024-07-05 20:22:15.403,11:22:00,8.0,Poor,2.0,Completed
2391.0,14.0,Zainab Suleiman,319.0,2024-06-29 20:22:15.403,14:03:00,12.0,Very Poor,1.0,Completed
2392.0,10.0,Chinedu Opara,320.0,2025-01-30 20:22:15.403,10:11:00,26.0,Good,4.0,Completed
2393.0,10.0,Chinedu Opara,320.0,2024-05-20 20:22:15.403,15:52:00,9.0,Good,4.0,Completed
2394.0,10.0,Chinedu Opara,320.0,2024-07-01 20:22:15.403,10:43:00,6.0,Poor,2.0,Completed
2395.0,10.0,Chinedu Opara,320.0,2024-07-11 20:22:15.403,11:05:00,29.0,Poor,2.0,Completed
2396.0,10.0,Chinedu Opara,320.0,2024-08-29 20:22:15.403,16:02:00,3.0,Good,4.0,Completed
2397.0,10.0,Chinedu Opara,320.0,2025-01-08 20:22:15.403,09:36:00,19.0,Very Poor,1.0,Completed
2398.0,10.0,Chinedu Opara,320.0,2024-09-07 20:22:15.403,09:59:00,20.0,Poor,2.0,Completed
2399.0,10.0,Chinedu Opara,320.0,2024-11-07 20:22:15.403,18:57:00,9.0,Average,3.0,Completed
2400.0,10.0,Chinedu Opara,320.0,2024-06-17 20:22:15.403,16:31:00,28.0,Good,4.0,Completed
2401.0,10.0,Chinedu Opara,320.0,2024-10-01 20:22:15.403,10:58:00,2.0,Good,4.0,Completed
2402.0,2.0,Chioma Nwosu,321.0,2024-09-19 20:22:15.403,12:55:00,7.0,Good,4.0,Completed
2403.0,2.0,Chioma Nwosu,321.0,2025-01-12 20:22:15.403,10:10:00,10.0,Excellent,5.0,Completed
2404.0,2.0,Chioma Nwosu,321.0,2024-10-13 20:22:15.403,16:29:00,3.0,Poor,2.0,Completed
2405.0,2.0,Chioma Nwosu,321.0,2025-02-13 20:22:15.403,10:06:00,14.0,Poor,2.0,Completed
2406.0,2.0,Chioma Nwosu,321.0,2025-02-11 20:22:15.403,14:28:00,21.0,Poor,2.0,Completed
2407.0,2.0,Chioma Nwosu,321.0,2024-06-12 20:22:15.403,13:09:00,5.0,Average,3.0,Completed
2408.0,10.0,Chinedu Opara,322.0,2024-09-06 20:22:15.403,17:12:00,17.0,Excellent,5.0,Completed
2409.0,10.0,Chinedu Opara,322.0,2024-04-03 20:22:15.403,19:44:00,20.0,Average,3.0,Completed
2410.0,10.0,Chinedu Opara,322.0,2024-05-01 20:22:15.403,16:45:00,11.0,Average,3.0,Completed
2411.0,10.0,Chinedu Opara,322.0,2024-11-14 20:22:15.403,16:36:00,4.0,Excellent,5.0,Completed
2412.0,10.0,Chinedu Opara,322.0,2024-05-31 20:22:15.403,16:51:00,23.0,Excellent,5.0,Completed
2413.0,10.0,Chinedu Opara,322.0,2025-01-12 20:22:15.403,11:04:00,7.0,Poor,2.0,Completed
2414.0,10.0,Chinedu Opara,322.0,2025-02-18 20:22:15.403,19:50:00,26.0,Average,3.0,Completed
2415.0,6.0,Funke Adeyemi,323.0,2024-08-06 20:22:15.403,12:04:00,14.0,Very Poor,1.0,Completed
2416.0,6.0,Funke Adeyemi,323.0,2025-03-07 20:22:15.403,08:09:00,12.0,Poor,2.0,Completed
2417.0,6.0,Funke Adeyemi,323.0,2024-09-23 20:22:15.403,11:32:00,17.0,Very Poor,1.0,Completed
2418.0,6.0,Funke Adeyemi,323.0,2024-11-29 20:22:15.403,14:38:00,3.0,Average,3.0,Completed
2419.0,6.0,Funke Adeyemi,323.0,2025-02-23 20:22:15.403,14:11:00,13.0,Good,4.0,Completed
2420.0,6.0,Funke Adeyemi,323.0,2024-06-10 20:22:15.403,17:10:00,16.0,Excellent,5.0,Completed
2421.0,6.0,Funke Adeyemi,323.0,2024-08-22 20:22:15.403,08:38:00,27.0,Poor,2.0,Completed
2422.0,6.0,Funke Adeyemi,323.0,2024-12-23 20:22:15.403,18:54:00,13.0,Poor,2.0,Completed
2423.0,6.0,Funke Adeyemi,323.0,2025-02-11 20:22:15.403,14:50:00,22.0,Poor,2.0,Completed
2424.0,6.0,Funke Adeyemi,323.0,2024-06-10 20:22:15.403,16:36:00,15.0,Average,3.0,Completed
2425.0,7.0,Segun Oladipo,324.0,2025-02-28 20:22:15.403,09:26:00,21.0,Poor,2.0,Completed
2426.0,7.0,Segun Oladipo,324.0,2024-11-05 20:22:15.403,09:50:00,14.0,Good,4.0,Completed
2427.0,7.0,Segun Oladipo,324.0,2024-10-12 20:22:15.403,14:44:00,6.0,Poor,2.0,Completed
2428.0,7.0,Segun Oladipo,324.0,2024-08-09 20:22:15.403,15:00:00,5.0,Very Poor,1.0,Completed
2429.0,7.0,Segun Oladipo,324.0,2025-02-10 20:22:15.403,08:07:00,17.0,Good,4.0,Completed
2430.0,1.0,Emeka Okafor,325.0,2024-05-05 20:22:15.403,08:48:00,22.0,Very Poor,1.0,Completed
2431.0,1.0,Emeka Okafor,325.0,2024-03-24 20:22:15.403,16:36:00,6.0,Very Poor,1.0,Completed
2432.0,1.0,Emeka Okafor,325.0,2024-07-03 20:22:15.403,16:53:00,24.0,Poor,2.0,Completed
2433.0,1.0,Emeka Okafor,325.0,2024-05-09 20:22:15.403,11:55:00,24.0,Very Poor,1.0,Completed
2434.0,1.0,Emeka Okafor,325.0,2025-01-04 20:22:15.403,17:04:00,20.0,Poor,2.0,Completed
2435.0,1.0,Emeka Okafor,325.0,2024-11-15 20:22:15.403,14:31:00,1.0,Excellent,5.0,Completed
2436.0,1.0,Emeka Okafor,325.0,2024-10-28 20:22:15.403,13:47:00,3.0,Average,3.0,Completed
2437.0,4.0,Aisha Mohammed,326.0,2024-11-05 20:22:15.403,12:55:00,10.0,Excellent,5.0,Completed
2438.0,4.0,Aisha Mohammed,326.0,2024-11-11 20:22:15.403,19:26:00,12.0,Poor,2.0,Completed
2439.0,4.0,Aisha Mohammed,326.0,2024-09-20 20:22:15.403,10:06:00,1.0,Average,3.0,Completed
2440.0,4.0,Aisha Mohammed,326.0,2024-05-26 20:22:15.403,17:05:00,1.0,Good,4.0,Completed
2441.0,4.0,Aisha Mohammed,326.0,2025-01-14 20:22:15.403,13:26:00,26.0,Very Poor,1.0,Completed
2442.0,4.0,Aisha Mohammed,326.0,2024-05-29 20:22:15.403,19:13:00,5.0,Excellent,5.0,Completed
2443.0,4.0,Aisha Mohammed,326.0,2024-09-11 20:22:15.403,13:09:00,3.0,Poor,2.0,Completed
2444.0,10.0,Chinedu Opara,327.0,2024-10-12 20:22:15.403,13:19:00,23.0,Good,4.0,Completed
2445.0,10.0,Chinedu Opara,327.0,2024-11-08 20:22:15.403,17:18:00,2.0,Poor,2.0,Completed
2446.0,10.0,Chinedu Opara,327.0,2024-03-11 20:22:15.403,19:49:00,20.0,Poor,2.0,Completed
2447.0,10.0,Chinedu Opara,327.0,2024-11-17 20:22:15.403,17:04:00,29.0,Good,4.0,Completed
2448.0,10.0,Chinedu Opara,327.0,2024-12-15 20:22:15.403,14:24:00,25.0,Poor,2.0,Completed
2449.0,10.0,Chinedu Opara,327.0,2024-03-25 20:22:15.403,15:52:00,9.0,Poor,2.0,Completed
2450.0,18.0,Amaka Obi,328.0,2025-01-01 20:22:15.403,19:08:00,16.0,Poor,2.0,Completed
2451.0,18.0,Amaka Obi,328.0,2024-11-09 20:22:15.403,14:12:00,9.0,Excellent,5.0,Completed
2452.0,18.0,Amaka Obi,328.0,2024-08-16 20:22:15.403,10:09:00,16.0,Very Poor,1.0,Completed
2453.0,18.0,Amaka Obi,328.0,2024-09-12 20:22:15.403,19:19:00,17.0,Very Poor,1.0,Completed
2454.0,18.0,Amaka Obi,328.0,2025-01-01 20:22:15.403,14:21:00,9.0,Poor,2.0,Completed
2455.0,18.0,Amaka Obi,328.0,2024-07-08 20:22:15.403,08:37:00,12.0,Good,4.0,Completed
2456.0,20.0,Adewale Ogunleye,329.0,2024-09-26 20:22:15.403,15:07:00,23.0,Good,4.0,Completed
2457.0,20.0,Adewale Ogunleye,329.0,2024-06-12 20:22:15.403,16:19:00,7.0,Excellent,5.0,Completed
2458.0,20.0,Adewale Ogunleye,329.0,2024-12-30 20:22:15.403,10:58:00,18.0,Very Poor,1.0,Completed
2459.0,20.0,Adewale Ogunleye,329.0,2024-06-24 20:22:15.403,17:12:00,21.0,Very Poor,1.0,Completed
2460.0,20.0,Adewale Ogunleye,329.0,2025-02-01 20:22:15.403,12:47:00,14.0,Average,3.0,Completed
2461.0,20.0,Adewale Ogunleye,329.0,2024-11-29 20:22:15.403,11:43:00,13.0,Good,4.0,Completed
2462.0,2.0,Chioma Nwosu,330.0,2024-10-16 20:22:15.403,15:33:00,22.0,Good,4.0,Completed
2463.0,2.0,Chioma Nwosu,330.0,2024-03-08 20:22:15.403,11:16:00,16.0,Average,3.0,Completed
2464.0,2.0,Chioma Nwosu,330.0,2024-10-04 20:22:15.403,16:17:00,22.0,Good,4.0,Completed
2465.0,2.0,Chioma Nwosu,330.0,2024-04-17 20:22:15.403,15:58:00,4.0,Very Poor,1.0,Completed
2466.0,2.0,Chioma Nwosu,330.0,2024-04-01 20:22:15.403,09:39:00,11.0,Poor,2.0,Completed
2467.0,2.0,Chioma Nwosu,330.0,2024-08-15 20:22:15.403,08:44:00,4.0,Good,4.0,Completed
2468.0,9.0,Ibrahim Danjuma,331.0,2024-07-20 20:22:15.403,09:15:00,21.0,Very Poor,1.0,Completed
2469.0,9.0,Ibrahim Danjuma,331.0,2024-08-28 20:22:15.403,08:13:00,8.0,Average,3.0,Completed
2470.0,9.0,Ibrahim Danjuma,331.0,2024-11-23 20:22:15.403,11:45:00,11.0,Excellent,5.0,Completed
2471.0,9.0,Ibrahim Danjuma,331.0,2025-02-20 20:22:15.403,16:53:00,16.0,Very Poor,1.0,Completed
2472.0,9.0,Ibrahim Danjuma,331.0,2024-07-26 20:22:15.403,19:54:00,24.0,Good,4.0,Completed
2473.0,9.0,Ibrahim Danjuma,331.0,2024-06-03 20:22:15.403,13:55:00,16.0,Average,3.0,Completed
2474.0,9.0,Ibrahim Danjuma,331.0,2024-08-29 20:22:15.403,14:07:00,25.0,Good,4.0,Completed
2475.0,10.0,Chinedu Opara,332.0,2024-03-14 20:22:15.403,13:53:00,21.0,Good,4.0,Completed
2476.0,10.0,Chinedu Opara,332.0,2024-11-12 20:22:15.403,09:10:00,15.0,Good,4.0,Completed
2477.0,10.0,Chinedu Opara,332.0,2024-06-18 20:22:15.403,17:37:00,1.0,Very Poor,1.0,Completed
2478.0,10.0,Chinedu Opara,332.0,2024-09-07 20:22:15.403,19:57:00,1.0,Average,3.0,Completed
2479.0,10.0,Chinedu Opara,332.0,2025-01-02 20:22:15.403,09:43:00,6.0,Poor,2.0,Completed
2480.0,10.0,Chinedu Opara,332.0,2024-03-13 20:22:15.403,10:05:00,24.0,Good,4.0,Completed
2481.0,10.0,Chinedu Opara,332.0,2024-11-29 20:22:15.403,17:29:00,29.0,Very Poor,1.0,Completed
2482.0,16.0,Chika Umeh,333.0,2024-10-15 20:22:15.403,14:54:00,26.0,Good,4.0,Completed
2483.0,16.0,Chika Umeh,333.0,2024-08-01 20:22:15.403,11:22:00,6.0,Average,3.0,Completed
2484.0,16.0,Chika Umeh,333.0,2024-04-22 20:22:15.403,19:00:00,18.0,Excellent,5.0,Completed
2485.0,16.0,Chika Umeh,333.0,2024-07-02 20:22:15.403,17:08:00,29.0,Very Poor,1.0,Completed
2486.0,16.0,Chika Umeh,333.0,2024-09-06 20:22:15.403,18:21:00,18.0,Poor,2.0,Completed
2487.0,16.0,Chika Umeh,333.0,2024-04-09 20:22:15.403,15:25:00,4.0,Average,3.0,Completed
2488.0,16.0,Chika Umeh,333.0,2024-06-26 20:22:15.403,16:04:00,27.0,Excellent,5.0,Completed
2489.0,16.0,Chika Umeh,333.0,2024-07-30 20:22:15.403,18:10:00,20.0,Average,3.0,Completed
2490.0,16.0,Chika Umeh,333.0,2025-02-04 20:22:15.403,12:56:00,15.0,Very Poor,1.0,Completed
2491.0,16.0,Chika Umeh,333.0,2024-08-26 20:22:15.403,18:26:00,6.0,Average,3.0,Completed
2492.0,15.0,Gbenga Adesina,334.0,2024-09-17 20:22:15.403,17:59:00,16.0,Very Poor,1.0,Completed
2493.0,15.0,Gbenga Adesina,334.0,2024-05-03 20:22:15.403,14:23:00,6.0,Average,3.0,Completed
2494.0,15.0,Gbenga Adesina,334.0,2024-08-16 20:22:15.403,19:50:00,25.0,Very Poor,1.0,Completed
2495.0,15.0,Gbenga Adesina,334.0,2024-08-08 20:22:15.403,16:09:00,28.0,Excellent,5.0,Completed
2496.0,15.0,Gbenga Adesina,334.0,2024-05-19 20:22:15.403,14:07:00,20.0,Poor,2.0,Completed
2497.0,14.0,Zainab Suleiman,335.0,2024-04-29 20:22:15.403,08:24:00,16.0,Average,3.0,Completed
2498.0,14.0,Zainab Suleiman,335.0,2024-08-31 20:22:15.403,15:55:00,8.0,Poor,2.0,Completed
2499.0,14.0,Zainab Suleiman,335.0,2024-10-04 20:22:15.403,15:18:00,3.0,Very Poor,1.0,Completed
2500.0,14.0,Zainab Suleiman,335.0,2024-07-18 20:22:15.403,12:19:00,9.0,Excellent,5.0,Completed
2501.0,14.0,Zainab Suleiman,335.0,2024-12-07 20:22:15.403,11:46:00,8.0,Average,3.0,Completed
2502.0,14.0,Zainab Suleiman,335.0,2024-06-09 20:22:15.403,10:02:00,26.0,Poor,2.0,Completed
2503.0,3.0,Tunde Balogun,336.0,2025-01-03 20:22:15.403,11:45:00,25.0,Poor,2.0,Completed
2504.0,3.0,Tunde Balogun,336.0,2024-11-11 20:22:15.403,13:22:00,7.0,Good,4.0,Completed
2505.0,3.0,Tunde Balogun,336.0,2024-07-02 20:22:15.403,17:11:00,18.0,Good,4.0,Completed
2506.0,3.0,Tunde Balogun,336.0,2024-11-07 20:22:15.403,19:13:00,18.0,Poor,2.0,Completed
2507.0,3.0,Tunde Balogun,336.0,2024-08-01 20:22:15.403,11:23:00,29.0,Excellent,5.0,Completed
2508.0,3.0,Tunde Balogun,337.0,2025-01-15 20:22:15.403,19:45:00,25.0,Very Poor,1.0,Completed
2509.0,3.0,Tunde Balogun,337.0,2024-04-20 20:22:15.403,14:31:00,3.0,Very Poor,1.0,Completed
2510.0,3.0,Tunde Balogun,337.0,2024-05-14 20:22:15.403,12:03:00,29.0,Very Poor,1.0,Completed
2511.0,3.0,Tunde Balogun,337.0,2024-11-30 20:22:15.403,11:38:00,5.0,Good,4.0,Completed
2512.0,3.0,Tunde Balogun,337.0,2024-06-14 20:22:15.403,10:24:00,29.0,Good,4.0,Completed
2513.0,11.0,Kemi Adebanjo,338.0,2024-04-13 20:22:15.403,14:33:00,22.0,Poor,2.0,Completed
2514.0,11.0,Kemi Adebanjo,338.0,2025-01-20 20:22:15.403,14:55:00,19.0,Good,4.0,Completed
2515.0,11.0,Kemi Adebanjo,338.0,2024-04-08 20:22:15.403,08:59:00,6.0,Excellent,5.0,Completed
2516.0,11.0,Kemi Adebanjo,338.0,2024-10-16 20:22:15.403,09:35:00,22.0,Average,3.0,Completed
2517.0,11.0,Kemi Adebanjo,338.0,2024-12-09 20:22:15.403,16:58:00,26.0,Excellent,5.0,Completed
2518.0,11.0,Kemi Adebanjo,338.0,2024-07-13 20:22:15.403,12:08:00,2.0,Poor,2.0,Completed
2519.0,11.0,Kemi Adebanjo,338.0,2024-07-14 20:22:15.403,13:01:00,5.0,Good,4.0,Completed
2520.0,11.0,Kemi Adebanjo,338.0,2024-05-17 20:22:15.403,15:28:00,13.0,Poor,2.0,Completed
2521.0,20.0,Adewale Ogunleye,339.0,2024-10-24 20:22:15.403,14:19:00,4.0,Very Poor,1.0,Completed
2522.0,20.0,Adewale Ogunleye,339.0,2024-07-23 20:22:15.403,18:57:00,6.0,Very Poor,1.0,Completed
2523.0,20.0,Adewale Ogunleye,339.0,2024-06-09 20:22:15.403,19:37:00,14.0,Poor,2.0,Completed
2524.0,20.0,Adewale Ogunleye,339.0,2024-09-22 20:22:15.403,12:50:00,29.0,Good,4.0,Completed
2525.0,20.0,Adewale Ogunleye,339.0,2024-06-28 20:22:15.403,08:35:00,14.0,Excellent,5.0,Completed
2526.0,20.0,Adewale Ogunleye,339.0,2024-04-19 20:22:15.403,12:11:00,19.0,Poor,2.0,Completed
2527.0,14.0,Zainab Suleiman,340.0,2024-11-21 20:22:15.403,09:08:00,9.0,Excellent,5.0,Completed
2528.0,14.0,Zainab Suleiman,340.0,2024-04-23 20:22:15.403,14:29:00,20.0,Very Poor,1.0,Completed
2529.0,14.0,Zainab Suleiman,340.0,2024-06-23 20:22:15.403,16:58:00,13.0,Average,3.0,Completed
2530.0,14.0,Zainab Suleiman,340.0,2024-05-15 20:22:15.403,19:08:00,14.0,Good,4.0,Completed
2531.0,14.0,Zainab Suleiman,340.0,2024-11-20 20:22:15.403,08:24:00,12.0,Poor,2.0,Completed
2532.0,3.0,Tunde Balogun,341.0,2024-11-09 20:22:15.403,09:25:00,22.0,Average,3.0,Completed
2533.0,3.0,Tunde Balogun,341.0,2024-05-03 20:22:15.403,17:57:00,25.0,Excellent,5.0,Completed
2534.0,3.0,Tunde Balogun,341.0,2024-08-30 20:22:15.403,13:26:00,22.0,Poor,2.0,Completed
2535.0,3.0,Tunde Balogun,341.0,2024-09-11 20:22:15.403,08:13:00,21.0,Average,3.0,Completed
2536.0,3.0,Tunde Balogun,341.0,2025-02-10 20:22:15.403,10:16:00,23.0,Average,3.0,Completed
2537.0,5.0,Obinna Eze,342.0,2024-03-09 20:22:15.403,16:56:00,25.0,Poor,2.0,Completed
2538.0,5.0,Obinna Eze,342.0,2024-07-30 20:22:15.403,16:32:00,1.0,Very Poor,1.0,Completed
2539.0,5.0,Obinna Eze,342.0,2024-07-02 20:22:15.403,18:28:00,22.0,Good,4.0,Completed
2540.0,5.0,Obinna Eze,342.0,2025-01-08 20:22:15.403,12:09:00,13.0,Excellent,5.0,Completed
2541.0,5.0,Obinna Eze,342.0,2024-06-11 20:22:15.403,18:06:00,19.0,Very Poor,1.0,Completed
2542.0,5.0,Obinna Eze,342.0,2025-01-11 20:22:15.403,08:44:00,5.0,Excellent,5.0,Completed
2543.0,5.0,Obinna Eze,342.0,2024-10-11 20:22:15.403,15:29:00,14.0,Average,3.0,Completed
2544.0,5.0,Obinna Eze,342.0,2024-12-15 20:22:15.403,10:40:00,21.0,Good,4.0,Completed
2545.0,5.0,Obinna Eze,342.0,2025-01-30 20:22:15.403,12:59:00,19.0,Very Poor,1.0,Completed
2546.0,5.0,Obinna Eze,343.0,2024-07-21 20:22:15.403,17:59:00,26.0,Average,3.0,Completed
2547.0,5.0,Obinna Eze,343.0,2024-03-23 20:22:15.403,19:27:00,6.0,Very Poor,1.0,Completed
2548.0,5.0,Obinna Eze,343.0,2024-10-19 20:22:15.403,09:17:00,14.0,Very Poor,1.0,Completed
2549.0,5.0,Obinna Eze,343.0,2024-12-28 20:22:15.403,16:14:00,29.0,Very Poor,1.0,Completed
2550.0,5.0,Obinna Eze,343.0,2024-11-22 20:22:15.403,18:42:00,23.0,Good,4.0,Completed
2551.0,5.0,Obinna Eze,343.0,2024-10-15 20:22:15.403,11:17:00,2.0,Very Poor,1.0,Completed
2552.0,5.0,Obinna Eze,343.0,2025-01-08 20:22:15.403,09:11:00,13.0,Poor,2.0,Completed
2553.0,5.0,Obinna Eze,343.0,2024-08-17 20:22:15.403,16:46:00,7.0,Excellent,5.0,Completed
2554.0,5.0,Obinna Eze,343.0,2025-01-19 20:22:15.403,19:18:00,1.0,Poor,2.0,Completed
2555.0,18.0,Amaka Obi,344.0,2024-05-31 20:22:15.403,19:11:00,8.0,Very Poor,1.0,Completed
2556.0,18.0,Amaka Obi,344.0,2024-08-28 20:22:15.403,15:10:00,19.0,Very Poor,1.0,Completed
2557.0,18.0,Amaka Obi,344.0,2024-08-22 20:22:15.403,10:44:00,6.0,Average,3.0,Completed
2558.0,18.0,Amaka Obi,344.0,2024-07-13 20:22:15.403,12:03:00,14.0,Poor,2.0,Completed
2559.0,18.0,Amaka Obi,344.0,2024-04-29 20:22:15.403,09:51:00,1.0,Excellent,5.0,Completed
2560.0,18.0,Amaka Obi,344.0,2024-12-29 20:22:15.403,09:35:00,25.0,Poor,2.0,Completed
2561.0,17.0,Rasheed Lawal,345.0,2024-09-16 20:22:15.403,10:03:00,5.0,Poor,2.0,Completed
2562.0,17.0,Rasheed Lawal,345.0,2024-11-09 20:22:15.403,12:27:00,22.0,Poor,2.0,Completed
2563.0,17.0,Rasheed Lawal,345.0,2024-06-19 20:22:15.403,13:05:00,24.0,Good,4.0,Completed
2564.0,17.0,Rasheed Lawal,345.0,2024-04-24 20:22:15.403,08:15:00,10.0,Very Poor,1.0,Completed
2565.0,17.0,Rasheed Lawal,345.0,2024-06-30 20:22:15.403,14:18:00,11.0,Good,4.0,Completed
2566.0,17.0,Rasheed Lawal,345.0,2024-12-29 20:22:15.403,09:13:00,19.0,Very Poor,1.0,Completed
2567.0,17.0,Rasheed Lawal,345.0,2024-06-26 20:22:15.403,16:41:00,27.0,Average,3.0,Completed
2568.0,17.0,Rasheed Lawal,345.0,2025-02-02 20:22:15.403,16:59:00,27.0,Good,4.0,Completed
2569.0,20.0,Adewale Ogunleye,346.0,2024-12-03 20:22:15.403,13:25:00,25.0,Average,3.0,Completed
2570.0,20.0,Adewale Ogunleye,346.0,2025-01-16 20:22:15.403,12:03:00,12.0,Poor,2.0,Completed
2571.0,20.0,Adewale Ogunleye,346.0,2024-07-03 20:22:15.403,18:02:00,26.0,Good,4.0,Completed
2572.0,20.0,Adewale Ogunleye,346.0,2025-01-26 20:22:15.403,13:24:00,12.0,Very Poor,1.0,Completed
2573.0,20.0,Adewale Ogunleye,346.0,2024-09-27 20:22:15.403,16:50:00,6.0,Good,4.0,Completed
2574.0,20.0,Adewale Ogunleye,346.0,2024-07-15 20:22:15.403,16:22:00,24.0,Average,3.0,Completed
2575.0,20.0,Adewale Ogunleye,346.0,2024-11-23 20:22:15.403,14:08:00,11.0,Average,3.0,Completed
2576.0,20.0,Adewale Ogunleye,346.0,2024-12-10 20:22:15.403,19:36:00,9.0,Excellent,5.0,Completed
2577.0,20.0,Adewale Ogunleye,346.0,2025-02-26 20:22:15.403,08:29:00,15.0,Very Poor,1.0,Completed
2578.0,6.0,Funke Adeyemi,347.0,2024-09-11 20:22:15.403,17:46:00,16.0,Good,4.0,Completed
2579.0,6.0,Funke Adeyemi,347.0,2024-04-30 20:22:15.403,08:59:00,13.0,Poor,2.0,Completed
2580.0,6.0,Funke Adeyemi,347.0,2024-05-17 20:22:15.403,18:21:00,28.0,Excellent,5.0,Completed
2581.0,6.0,Funke Adeyemi,347.0,2024-11-30 20:22:15.403,19:23:00,2.0,Good,4.0,Completed
2582.0,6.0,Funke Adeyemi,347.0,2024-09-04 20:22:15.403,17:30:00,19.0,Excellent,5.0,Completed
2583.0,6.0,Funke Adeyemi,348.0,2024-03-11 20:22:15.403,19:24:00,2.0,Good,4.0,Completed
2584.0,6.0,Funke Adeyemi,348.0,2024-09-04 20:22:15.403,10:50:00,2.0,Good,4.0,Completed
2585.0,6.0,Funke Adeyemi,348.0,2024-08-18 20:22:15.403,19:21:00,14.0,Poor,2.0,Completed
2586.0,6.0,Funke Adeyemi,348.0,2025-02-15 20:22:15.403,14:42:00,20.0,Good,4.0,Completed
2587.0,6.0,Funke Adeyemi,348.0,2024-07-18 20:22:15.403,09:47:00,28.0,Good,4.0,Completed
2588.0,6.0,Funke Adeyemi,348.0,2024-11-08 20:22:15.403,12:40:00,20.0,Very Poor,1.0,Completed
2589.0,6.0,Funke Adeyemi,348.0,2024-03-16 20:22:15.403,11:02:00,18.0,Good,4.0,Completed
2590.0,15.0,Gbenga Adesina,349.0,2024-07-01 20:22:15.403,19:09:00,22.0,Excellent,5.0,Completed
2591.0,15.0,Gbenga Adesina,349.0,2024-09-11 20:22:15.403,11:35:00,2.0,Average,3.0,Completed
2592.0,15.0,Gbenga Adesina,349.0,2024-12-25 20:22:15.403,17:23:00,6.0,Average,3.0,Completed
2593.0,15.0,Gbenga Adesina,349.0,2024-04-06 20:22:15.403,13:58:00,9.0,Very Poor,1.0,Completed
2594.0,15.0,Gbenga Adesina,349.0,2024-11-01 20:22:15.403,14:27:00,24.0,Excellent,5.0,Completed
2595.0,15.0,Gbenga Adesina,349.0,2024-05-22 20:22:15.403,14:42:00,14.0,Good,4.0,Completed
2596.0,15.0,Gbenga Adesina,349.0,2025-02-08 20:22:15.403,14:49:00,9.0,Average,3.0,Completed
2597.0,15.0,Gbenga Adesina,349.0,2024-06-09 20:22:15.403,17:17:00,3.0,Good,4.0,Completed
2598.0,15.0,Gbenga Adesina,349.0,2025-01-17 20:22:15.403,15:35:00,5.0,Good,4.0,Completed
2599.0,15.0,Gbenga Adesina,349.0,2024-07-14 20:22:15.403,09:12:00,14.0,Excellent,5.0,Completed
2600.0,7.0,Segun Oladipo,350.0,2024-06-17 20:22:15.403,19:27:00,28.0,Good,4.0,Completed
2601.0,7.0,Segun Oladipo,350.0,2024-06-21 20:22:15.403,15:36:00,21.0,Average,3.0,Completed
2602.0,7.0,Segun Oladipo,350.0,2024-05-20 20:22:15.403,11:49:00,11.0,Good,4.0,Completed
2603.0,7.0,Segun Oladipo,350.0,2024-07-08 20:22:15.403,17:06:00,2.0,Very Poor,1.0,Completed
2604.0,7.0,Segun Oladipo,350.0,2024-05-08 20:22:15.403,12:47:00,24.0,Excellent,5.0,Completed
2605.0,7.0,Segun Oladipo,350.0,2024-12-14 20:22:15.403,15:07:00,23.0,Good,4.0,Completed
2606.0,7.0,Segun Oladipo,350.0,2024-04-24 20:22:15.403,11:58:00,16.0,Average,3.0,Completed
2607.0,1.0,Emeka Okafor,351.0,2024-06-28 20:22:15.403,11:21:00,1.0,Poor,2.0,Completed
2608.0,1.0,Emeka Okafor,351.0,2025-02-09 20:22:15.403,19:16:00,5.0,Poor,2.0,Completed
2609.0,1.0,Emeka Okafor,351.0,2024-12-11 20:22:15.403,15:17:00,14.0,Excellent,5.0,Completed
2610.0,1.0,Emeka Okafor,351.0,2024-08-09 20:22:15.403,08:43:00,16.0,Very Poor,1.0,Completed
2611.0,1.0,Emeka Okafor,351.0,2024-08-12 20:22:15.403,16:41:00,6.0,Poor,2.0,Completed
2612.0,1.0,Emeka Okafor,351.0,2024-08-08 20:22:15.403,11:23:00,19.0,Poor,2.0,Completed
2613.0,1.0,Emeka Okafor,351.0,2025-03-07 20:22:15.403,14:50:00,7.0,Excellent,5.0,Completed
2614.0,10.0,Chinedu Opara,352.0,2024-03-25 20:22:15.403,19:45:00,28.0,Poor,2.0,Completed
2615.0,10.0,Chinedu Opara,352.0,2024-12-18 20:22:15.403,11:24:00,17.0,Very Poor,1.0,Completed
2616.0,10.0,Chinedu Opara,352.0,2024-05-18 20:22:15.403,16:21:00,5.0,Poor,2.0,Completed
2617.0,10.0,Chinedu Opara,352.0,2024-10-18 20:22:15.403,14:09:00,8.0,Very Poor,1.0,Completed
2618.0,10.0,Chinedu Opara,352.0,2024-05-05 20:22:15.403,10:51:00,28.0,Poor,2.0,Completed
2619.0,4.0,Aisha Mohammed,353.0,2024-09-28 20:22:15.403,09:28:00,14.0,Average,3.0,Completed
2620.0,4.0,Aisha Mohammed,353.0,2024-06-06 20:22:15.403,18:46:00,8.0,Good,4.0,Completed
2621.0,4.0,Aisha Mohammed,353.0,2024-05-10 20:22:15.403,09:33:00,22.0,Excellent,5.0,Completed
2622.0,4.0,Aisha Mohammed,353.0,2024-05-28 20:22:15.403,18:13:00,21.0,Good,4.0,Completed
2623.0,4.0,Aisha Mohammed,353.0,2024-08-31 20:22:15.403,18:32:00,29.0,Average,3.0,Completed
2624.0,4.0,Aisha Mohammed,353.0,2024-11-20 20:22:15.403,09:55:00,17.0,Excellent,5.0,Completed
2625.0,4.0,Aisha Mohammed,354.0,2024-09-19 20:22:15.403,08:15:00,22.0,Poor,2.0,Completed
2626.0,4.0,Aisha Mohammed,354.0,2024-11-26 20:22:15.403,16:26:00,2.0,Excellent,5.0,Completed
2627.0,4.0,Aisha Mohammed,354.0,2024-11-12 20:22:15.403,18:23:00,17.0,Excellent,5.0,Completed
2628.0,4.0,Aisha Mohammed,354.0,2024-11-04 20:22:15.403,19:29:00,25.0,Good,4.0,Completed
2629.0,4.0,Aisha Mohammed,354.0,2024-10-14 20:22:15.403,15:15:00,11.0,Good,4.0,Completed
2630.0,4.0,Aisha Mohammed,354.0,2024-08-28 20:22:15.403,17:16:00,1.0,Good,4.0,Completed
2631.0,4.0,Aisha Mohammed,354.0,2024-12-11 20:22:15.403,09:19:00,5.0,Average,3.0,Completed
2632.0,4.0,Aisha Mohammed,354.0,2024-07-13 20:22:15.403,12:46:00,5.0,Poor,2.0,Completed
2633.0,4.0,Aisha Mohammed,354.0,2024-07-27 20:22:15.403,11:44:00,16.0,Poor,2.0,Completed
2634.0,4.0,Aisha Mohammed,354.0,2024-11-14 20:22:15.403,18:29:00,6.0,Good,4.0,Completed
2635.0,17.0,Rasheed Lawal,355.0,2024-09-09 20:22:15.403,19:29:00,26.0,Average,3.0,Completed
2636.0,17.0,Rasheed Lawal,355.0,2024-11-04 20:22:15.403,08:30:00,12.0,Excellent,5.0,Completed
2637.0,17.0,Rasheed Lawal,355.0,2025-01-29 20:22:15.403,10:58:00,2.0,Average,3.0,Completed
2638.0,17.0,Rasheed Lawal,355.0,2024-11-10 20:22:15.403,09:24:00,25.0,Average,3.0,Completed
2639.0,17.0,Rasheed Lawal,355.0,2025-01-18 20:22:15.403,16:33:00,21.0,Excellent,5.0,Completed
2640.0,17.0,Rasheed Lawal,355.0,2024-12-18 20:22:15.403,09:35:00,10.0,Very Poor,1.0,Completed
2641.0,17.0,Rasheed Lawal,355.0,2024-12-05 20:22:15.403,08:41:00,6.0,Poor,2.0,Completed
2642.0,17.0,Rasheed Lawal,355.0,2024-10-05 20:22:15.403,10:41:00,29.0,Excellent,5.0,Completed
2643.0,17.0,Rasheed Lawal,355.0,2024-09-29 20:22:15.403,12:00:00,27.0,Excellent,5.0,Completed
2644.0,9.0,Ibrahim Danjuma,356.0,2024-07-02 20:22:15.403,19:19:00,28.0,Excellent,5.0,Completed
2645.0,9.0,Ibrahim Danjuma,356.0,2024-09-26 20:22:15.403,12:52:00,25.0,Excellent,5.0,Completed
2646.0,9.0,Ibrahim Danjuma,356.0,2024-04-13 20:22:15.403,13:48:00,1.0,Excellent,5.0,Completed
2647.0,9.0,Ibrahim Danjuma,356.0,2024-03-09 20:22:15.403,11:45:00,11.0,Very Poor,1.0,Completed
2648.0,9.0,Ibrahim Danjuma,356.0,2024-12-31 20:22:15.403,11:52:00,9.0,Average,3.0,Completed
2649.0,9.0,Ibrahim Danjuma,356.0,2024-06-23 20:22:15.403,11:20:00,7.0,Very Poor,1.0,Completed
2650.0,9.0,Ibrahim Danjuma,356.0,2024-06-26 20:22:15.403,14:43:00,15.0,Excellent,5.0,Completed
2651.0,9.0,Ibrahim Danjuma,356.0,2024-10-22 20:22:15.403,11:09:00,18.0,Good,4.0,Completed
2652.0,7.0,Segun Oladipo,357.0,2025-01-09 20:22:15.403,10:49:00,8.0,Poor,2.0,Completed
2653.0,7.0,Segun Oladipo,357.0,2024-08-02 20:22:15.403,17:45:00,13.0,Good,4.0,Completed
2654.0,7.0,Segun Oladipo,357.0,2025-02-26 20:22:15.403,16:25:00,22.0,Very Poor,1.0,Completed
2655.0,7.0,Segun Oladipo,357.0,2024-06-29 20:22:15.403,10:13:00,12.0,Poor,2.0,Completed
2656.0,7.0,Segun Oladipo,357.0,2024-08-15 20:22:15.403,18:40:00,24.0,Very Poor,1.0,Completed
2657.0,7.0,Segun Oladipo,357.0,2024-08-26 20:22:15.403,09:09:00,10.0,Good,4.0,Completed
2658.0,7.0,Segun Oladipo,357.0,2024-04-11 20:22:15.403,09:52:00,3.0,Excellent,5.0,Completed
2659.0,7.0,Segun Oladipo,357.0,2024-10-25 20:22:15.403,08:52:00,16.0,Poor,2.0,Completed
2660.0,5.0,Obinna Eze,358.0,2024-09-02 20:22:15.403,16:46:00,24.0,Good,4.0,Completed
2661.0,5.0,Obinna Eze,358.0,2024-03-13 20:22:15.403,10:16:00,3.0,Very Poor,1.0,Completed
2662.0,5.0,Obinna Eze,358.0,2024-08-29 20:22:15.403,16:45:00,24.0,Very Poor,1.0,Completed
2663.0,5.0,Obinna Eze,358.0,2025-01-26 20:22:15.403,13:24:00,2.0,Excellent,5.0,Completed
2664.0,5.0,Obinna Eze,358.0,2024-12-30 20:22:15.403,14:02:00,25.0,Poor,2.0,Completed
2665.0,5.0,Obinna Eze,358.0,2024-11-18 20:22:15.403,10:20:00,5.0,Average,3.0,Completed
2666.0,5.0,Obinna Eze,358.0,2024-09-14 20:22:15.403,14:08:00,27.0,Excellent,5.0,Completed
2667.0,5.0,Obinna Eze,358.0,2024-12-05 20:22:15.403,16:41:00,17.0,Poor,2.0,Completed
2668.0,5.0,Obinna Eze,358.0,2024-04-13 20:22:15.403,10:16:00,4.0,Very Poor,1.0,Completed
2669.0,5.0,Obinna Eze,358.0,2025-01-17 20:22:15.403,14:32:00,6.0,Excellent,5.0,Completed
2670.0,2.0,Chioma Nwosu,359.0,2024-11-29 20:22:15.403,14:28:00,20.0,Poor,2.0,Completed
2671.0,2.0,Chioma Nwosu,359.0,2024-10-14 20:22:15.403,18:31:00,3.0,Very Poor,1.0,Completed
2672.0,2.0,Chioma Nwosu,359.0,2024-12-24 20:22:15.403,09:17:00,28.0,Average,3.0,Completed
2673.0,2.0,Chioma Nwosu,359.0,2024-11-07 20:22:15.403,19:41:00,9.0,Good,4.0,Completed
2674.0,2.0,Chioma Nwosu,359.0,2024-07-11 20:22:15.403,14:31:00,7.0,Poor,2.0,Completed
2675.0,2.0,Chioma Nwosu,359.0,2024-07-03 20:22:15.403,11:54:00,23.0,Poor,2.0,Completed
2676.0,2.0,Chioma Nwosu,359.0,2025-01-22 20:22:15.403,13:10:00,6.0,Excellent,5.0,Completed
2677.0,2.0,Chioma Nwosu,359.0,2024-08-01 20:22:15.403,11:09:00,9.0,Good,4.0,Completed
2678.0,2.0,Chioma Nwosu,359.0,2024-08-26 20:22:15.403,11:06:00,19.0,Good,4.0,Completed
2679.0,17.0,Rasheed Lawal,360.0,2024-07-10 20:22:15.403,16:38:00,27.0,Excellent,5.0,Completed
2680.0,17.0,Rasheed Lawal,360.0,2024-11-24 20:22:15.403,16:36:00,9.0,Poor,2.0,Completed
2681.0,17.0,Rasheed Lawal,360.0,2024-11-23 20:22:15.403,09:14:00,1.0,Average,3.0,Completed
2682.0,17.0,Rasheed Lawal,360.0,2024-06-17 20:22:15.403,12:55:00,25.0,Good,4.0,Completed
2683.0,17.0,Rasheed Lawal,360.0,2024-05-17 20:22:15.403,17:46:00,12.0,Poor,2.0,Completed
2684.0,17.0,Rasheed Lawal,360.0,2024-10-24 20:22:15.403,13:49:00,19.0,Good,4.0,Completed
2685.0,17.0,Rasheed Lawal,360.0,2024-11-05 20:22:15.403,09:20:00,27.0,Average,3.0,Completed
2686.0,17.0,Rasheed Lawal,360.0,2024-09-01 20:22:15.403,13:15:00,23.0,Very Poor,1.0,Completed
2687.0,17.0,Rasheed Lawal,360.0,2024-05-21 20:22:15.403,12:26:00,5.0,Average,3.0,Completed
2688.0,17.0,Rasheed Lawal,360.0,2024-05-06 20:22:15.403,19:20:00,6.0,Excellent,5.0,Completed
2689.0,17.0,Rasheed Lawal,361.0,2024-04-24 20:22:15.403,13:00:00,29.0,Good,4.0,Completed
2690.0,17.0,Rasheed Lawal,361.0,2025-02-08 20:22:15.403,16:08:00,23.0,Poor,2.0,Completed
2691.0,17.0,Rasheed Lawal,361.0,2025-02-28 20:22:15.403,13:58:00,8.0,Average,3.0,Completed
2692.0,17.0,Rasheed Lawal,361.0,2025-01-10 20:22:15.403,12:30:00,21.0,Average,3.0,Completed
2693.0,17.0,Rasheed Lawal,361.0,2024-08-06 20:22:15.403,10:31:00,7.0,Very Poor,1.0,Completed
2694.0,17.0,Rasheed Lawal,361.0,2024-03-19 20:22:15.403,13:00:00,27.0,Excellent,5.0,Completed
2695.0,17.0,Rasheed Lawal,361.0,2024-03-11 20:22:15.403,17:19:00,6.0,Average,3.0,Completed
2696.0,17.0,Rasheed Lawal,361.0,2024-11-23 20:22:15.403,19:19:00,28.0,Average,3.0,Completed
2697.0,17.0,Rasheed Lawal,361.0,2024-10-04 20:22:15.403,10:20:00,24.0,Average,3.0,Completed
2698.0,2.0,Chioma Nwosu,362.0,2024-12-06 20:22:15.403,14:52:00,26.0,Good,4.0,Completed
2699.0,2.0,Chioma Nwosu,362.0,2024-10-02 20:22:15.403,10:19:00,16.0,Excellent,5.0,Completed
2700.0,2.0,Chioma Nwosu,362.0,2024-10-14 20:22:15.403,09:26:00,1.0,Excellent,5.0,Completed
2701.0,2.0,Chioma Nwosu,362.0,2024-07-17 20:22:15.403,10:40:00,16.0,Very Poor,1.0,Completed
2702.0,2.0,Chioma Nwosu,362.0,2024-12-22 20:22:15.403,13:07:00,27.0,Excellent,5.0,Completed
2703.0,10.0,Chinedu Opara,363.0,2024-06-13 20:22:15.403,11:38:00,25.0,Poor,2.0,Completed
2704.0,10.0,Chinedu Opara,363.0,2024-09-17 20:22:15.403,16:03:00,19.0,Excellent,5.0,Completed
2705.0,10.0,Chinedu Opara,363.0,2024-05-15 20:22:15.403,09:05:00,12.0,Poor,2.0,Completed
2706.0,10.0,Chinedu Opara,363.0,2024-03-30 20:22:15.403,16:23:00,6.0,Very Poor,1.0,Completed
2707.0,10.0,Chinedu Opara,363.0,2024-08-24 20:22:15.403,15:35:00,4.0,Excellent,5.0,Completed
2708.0,10.0,Chinedu Opara,363.0,2024-04-27 20:22:15.403,17:54:00,14.0,Average,3.0,Completed
2709.0,10.0,Chinedu Opara,363.0,2024-07-26 20:22:15.403,13:47:00,9.0,Average,3.0,Completed
2710.0,10.0,Chinedu Opara,363.0,2025-01-11 20:22:15.403,08:40:00,28.0,Good,4.0,Completed
2711.0,10.0,Chinedu Opara,363.0,2024-07-11 20:22:15.403,18:18:00,27.0,Excellent,5.0,Completed
2712.0,10.0,Chinedu Opara,363.0,2024-05-19 20:22:15.403,12:51:00,11.0,Excellent,5.0,Completed
2713.0,10.0,Chinedu Opara,364.0,2024-03-15 20:22:15.403,15:58:00,1.0,Poor,2.0,Completed
2714.0,10.0,Chinedu Opara,364.0,2024-12-13 20:22:15.403,12:53:00,13.0,Excellent,5.0,Completed
2715.0,10.0,Chinedu Opara,364.0,2025-01-17 20:22:15.403,11:57:00,16.0,Good,4.0,Completed
2716.0,10.0,Chinedu Opara,364.0,2024-06-20 20:22:15.403,09:37:00,27.0,Good,4.0,Completed
2717.0,10.0,Chinedu Opara,364.0,2024-07-15 20:22:15.403,13:15:00,10.0,Excellent,5.0,Completed
2718.0,10.0,Chinedu Opara,364.0,2024-08-02 20:22:15.403,11:58:00,23.0,Average,3.0,Completed
2719.0,10.0,Chinedu Opara,364.0,2024-05-26 20:22:15.403,13:00:00,22.0,Very Poor,1.0,Completed
2720.0,10.0,Chinedu Opara,364.0,2024-09-07 20:22:15.403,10:25:00,18.0,Very Poor,1.0,Completed
2721.0,10.0,Chinedu Opara,364.0,2025-01-05 20:22:15.403,11:56:00,4.0,Poor,2.0,Completed
2722.0,2.0,Chioma Nwosu,365.0,2025-01-15 20:22:15.403,09:46:00,26.0,Poor,2.0,Completed
2723.0,2.0,Chioma Nwosu,365.0,2024-05-25 20:22:15.403,19:07:00,29.0,Very Poor,1.0,Completed
2724.0,2.0,Chioma Nwosu,365.0,2024-12-03 20:22:15.403,14:21:00,10.0,Excellent,5.0,Completed
2725.0,2.0,Chioma Nwosu,365.0,2024-06-28 20:22:15.403,10:19:00,23.0,Good,4.0,Completed
2726.0,2.0,Chioma Nwosu,365.0,2024-08-30 20:22:15.403,12:14:00,18.0,Good,4.0,Completed
2727.0,2.0,Chioma Nwosu,365.0,2024-08-10 20:22:15.403,11:09:00,7.0,Good,4.0,Completed
2728.0,2.0,Chioma Nwosu,365.0,2024-05-18 20:22:15.403,09:56:00,21.0,Excellent,5.0,Completed
2729.0,10.0,Chinedu Opara,366.0,2024-10-13 20:22:15.403,19:11:00,2.0,Excellent,5.0,Completed
2730.0,10.0,Chinedu Opara,366.0,2024-11-05 20:22:15.403,10:12:00,29.0,Poor,2.0,Completed
2731.0,10.0,Chinedu Opara,366.0,2024-05-22 20:22:15.403,18:12:00,22.0,Average,3.0,Completed
2732.0,10.0,Chinedu Opara,366.0,2024-04-17 20:22:15.403,15:57:00,19.0,Average,3.0,Completed
2733.0,10.0,Chinedu Opara,366.0,2024-09-20 20:22:15.403,14:03:00,8.0,Excellent,5.0,Completed
2734.0,10.0,Chinedu Opara,366.0,2024-05-25 20:22:15.403,15:42:00,22.0,Good,4.0,Completed
2735.0,10.0,Chinedu Opara,366.0,2025-02-02 20:22:15.403,13:06:00,7.0,Excellent,5.0,Completed
2736.0,10.0,Chinedu Opara,366.0,2024-05-21 20:22:15.403,11:25:00,12.0,Excellent,5.0,Completed
2737.0,10.0,Chinedu Opara,366.0,2024-05-16 20:22:15.403,19:25:00,8.0,Good,4.0,Completed
2738.0,6.0,Funke Adeyemi,367.0,2024-04-22 20:22:15.403,09:46:00,4.0,Average,3.0,Completed
2739.0,6.0,Funke Adeyemi,367.0,2025-01-03 20:22:15.403,15:12:00,6.0,Good,4.0,Completed
2740.0,6.0,Funke Adeyemi,367.0,2024-03-30 20:22:15.403,10:37:00,17.0,Good,4.0,Completed
2741.0,6.0,Funke Adeyemi,367.0,2025-02-21 20:22:15.403,13:17:00,17.0,Average,3.0,Completed
2742.0,6.0,Funke Adeyemi,367.0,2025-01-16 20:22:15.403,18:20:00,15.0,Good,4.0,Completed
2743.0,6.0,Funke Adeyemi,367.0,2024-09-06 20:22:15.403,14:01:00,16.0,Average,3.0,Completed
2744.0,6.0,Funke Adeyemi,367.0,2024-10-06 20:22:15.403,15:07:00,17.0,Good,4.0,Completed
2745.0,6.0,Funke Adeyemi,367.0,2024-10-28 20:22:15.403,12:32:00,3.0,Excellent,5.0,Completed
2746.0,6.0,Funke Adeyemi,367.0,2024-07-05 20:22:15.403,14:18:00,11.0,Average,3.0,Completed
2747.0,5.0,Obinna Eze,368.0,2025-01-02 20:22:15.403,10:58:00,20.0,Very Poor,1.0,Completed
2748.0,5.0,Obinna Eze,368.0,2024-10-02 20:22:15.403,08:39:00,17.0,Excellent,5.0,Completed
2749.0,5.0,Obinna Eze,368.0,2024-07-18 20:22:15.403,13:48:00,18.0,Excellent,5.0,Completed
2750.0,5.0,Obinna Eze,368.0,2024-12-20 20:22:15.403,19:09:00,4.0,Average,3.0,Completed
2751.0,5.0,Obinna Eze,368.0,2025-02-15 20:22:15.403,13:21:00,15.0,Very Poor,1.0,Completed
2752.0,5.0,Obinna Eze,368.0,2024-05-04 20:22:15.403,09:35:00,16.0,Poor,2.0,Completed
2753.0,5.0,Obinna Eze,368.0,2025-02-25 20:22:15.403,18:39:00,14.0,Average,3.0,Completed
2754.0,5.0,Obinna Eze,368.0,2024-06-18 20:22:15.403,08:03:00,4.0,Excellent,5.0,Completed
2755.0,5.0,Obinna Eze,368.0,2024-06-23 20:22:15.403,12:59:00,29.0,Average,3.0,Completed
2756.0,16.0,Chika Umeh,369.0,2024-09-07 20:22:15.403,13:15:00,19.0,Poor,2.0,Completed
2757.0,16.0,Chika Umeh,369.0,2024-06-29 20:22:15.403,11:05:00,3.0,Good,4.0,Completed
2758.0,16.0,Chika Umeh,369.0,2024-04-29 20:22:15.403,10:07:00,20.0,Excellent,5.0,Completed
2759.0,16.0,Chika Umeh,369.0,2024-11-11 20:22:15.403,15:28:00,20.0,Excellent,5.0,Completed
2760.0,16.0,Chika Umeh,369.0,2024-06-02 20:22:15.403,18:31:00,7.0,Excellent,5.0,Completed
2761.0,16.0,Chika Umeh,369.0,2024-08-08 20:22:15.403,17:07:00,13.0,Average,3.0,Completed
2762.0,11.0,Kemi Adebanjo,370.0,2024-06-07 20:22:15.403,09:39:00,5.0,Excellent,5.0,Completed
2763.0,11.0,Kemi Adebanjo,370.0,2024-07-21 20:22:15.403,08:28:00,17.0,Average,3.0,Completed
2764.0,11.0,Kemi Adebanjo,370.0,2024-09-28 20:22:15.403,17:30:00,1.0,Excellent,5.0,Completed
2765.0,11.0,Kemi Adebanjo,370.0,2024-09-02 20:22:15.403,16:50:00,20.0,Very Poor,1.0,Completed
2766.0,11.0,Kemi Adebanjo,370.0,2024-04-05 20:22:15.403,12:12:00,12.0,Very Poor,1.0,Completed
2767.0,11.0,Kemi Adebanjo,370.0,2024-03-25 20:22:15.403,14:26:00,14.0,Poor,2.0,Completed
2768.0,11.0,Kemi Adebanjo,370.0,2024-03-21 20:22:15.403,12:19:00,4.0,Excellent,5.0,Completed
2769.0,11.0,Kemi Adebanjo,370.0,2024-08-06 20:22:15.403,09:52:00,28.0,Poor,2.0,Completed
2770.0,11.0,Kemi Adebanjo,370.0,2024-07-20 20:22:15.403,12:20:00,29.0,Good,4.0,Completed
2771.0,11.0,Kemi Adebanjo,370.0,2024-07-14 20:22:15.403,15:26:00,22.0,Poor,2.0,Completed
2772.0,9.0,Ibrahim Danjuma,371.0,2024-10-17 20:22:15.403,16:40:00,2.0,Average,3.0,Completed
2773.0,9.0,Ibrahim Danjuma,371.0,2024-05-09 20:22:15.403,10:18:00,18.0,Excellent,5.0,Completed
2774.0,9.0,Ibrahim Danjuma,371.0,2024-12-22 20:22:15.403,10:52:00,6.0,Poor,2.0,Completed
2775.0,9.0,Ibrahim Danjuma,371.0,2024-08-02 20:22:15.403,15:46:00,14.0,Average,3.0,Completed
2776.0,9.0,Ibrahim Danjuma,371.0,2025-02-08 20:22:15.403,08:24:00,19.0,Average,3.0,Completed
2777.0,11.0,Kemi Adebanjo,372.0,2024-08-25 20:22:15.403,13:26:00,18.0,Excellent,5.0,Completed
2778.0,11.0,Kemi Adebanjo,372.0,2024-05-03 20:22:15.403,11:17:00,24.0,Excellent,5.0,Completed
2779.0,11.0,Kemi Adebanjo,372.0,2024-07-08 20:22:15.403,12:56:00,10.0,Average,3.0,Completed
2780.0,11.0,Kemi Adebanjo,372.0,2025-02-09 20:22:15.403,13:32:00,11.0,Poor,2.0,Completed
2781.0,11.0,Kemi Adebanjo,372.0,2024-11-12 20:22:15.403,12:09:00,17.0,Poor,2.0,Completed
2782.0,11.0,Kemi Adebanjo,372.0,2024-11-08 20:22:15.403,11:22:00,11.0,Average,3.0,Completed
2783.0,11.0,Kemi Adebanjo,372.0,2024-10-09 20:22:15.403,12:56:00,10.0,Poor,2.0,Completed
2784.0,11.0,Kemi Adebanjo,372.0,2024-04-23 20:22:15.403,15:27:00,2.0,Excellent,5.0,Completed
2785.0,15.0,Gbenga Adesina,373.0,2024-04-17 20:22:15.403,17:30:00,5.0,Very Poor,1.0,Completed
2786.0,15.0,Gbenga Adesina,373.0,2024-07-18 20:22:15.403,17:28:00,12.0,Good,4.0,Completed
2787.0,15.0,Gbenga Adesina,373.0,2024-09-12 20:22:15.403,13:16:00,12.0,Poor,2.0,Completed
2788.0,15.0,Gbenga Adesina,373.0,2025-01-31 20:22:15.403,19:33:00,24.0,Poor,2.0,Completed
2789.0,15.0,Gbenga Adesina,373.0,2024-05-10 20:22:15.403,18:45:00,22.0,Poor,2.0,Completed
2790.0,7.0,Segun Oladipo,374.0,2024-10-22 20:22:15.403,13:29:00,27.0,Poor,2.0,Completed
2791.0,7.0,Segun Oladipo,374.0,2025-01-09 20:22:15.403,17:50:00,25.0,Average,3.0,Completed
2792.0,7.0,Segun Oladipo,374.0,2024-07-10 20:22:15.403,15:25:00,29.0,Excellent,5.0,Completed
2793.0,7.0,Segun Oladipo,374.0,2024-12-11 20:22:15.403,15:52:00,3.0,Excellent,5.0,Completed
2794.0,7.0,Segun Oladipo,374.0,2024-08-08 20:22:15.403,18:18:00,21.0,Average,3.0,Completed
2795.0,7.0,Segun Oladipo,374.0,2024-10-15 20:22:15.403,19:52:00,21.0,Excellent,5.0,Completed
2796.0,7.0,Segun Oladipo,374.0,2024-10-14 20:22:15.403,09:30:00,25.0,Excellent,5.0,Completed
2797.0,7.0,Segun Oladipo,374.0,2024-09-30 20:22:15.403,13:05:00,1.0,Average,3.0,Completed
2798.0,7.0,Segun Oladipo,374.0,2024-08-09 20:22:15.403,19:32:00,13.0,Excellent,5.0,Completed
2799.0,4.0,Aisha Mohammed,375.0,2024-03-26 20:22:15.403,17:39:00,29.0,Average,3.0,Completed
2800.0,4.0,Aisha Mohammed,375.0,2024-06-14 20:22:15.403,12:22:00,28.0,Poor,2.0,Completed
2801.0,4.0,Aisha Mohammed,375.0,2024-07-16 20:22:15.403,15:02:00,26.0,Good,4.0,Completed
2802.0,4.0,Aisha Mohammed,375.0,2024-12-14 20:22:15.403,11:26:00,23.0,Good,4.0,Completed
2803.0,4.0,Aisha Mohammed,375.0,2024-11-06 20:22:15.403,11:15:00,23.0,Average,3.0,Completed
2804.0,4.0,Aisha Mohammed,375.0,2024-05-28 20:22:15.403,17:48:00,20.0,Average,3.0,Completed
2805.0,14.0,Zainab Suleiman,376.0,2024-08-28 20:22:15.403,08:19:00,9.0,Excellent,5.0,Completed
2806.0,14.0,Zainab Suleiman,376.0,2024-07-16 20:22:15.403,12:01:00,28.0,Very Poor,1.0,Completed
2807.0,14.0,Zainab Suleiman,376.0,2024-03-22 20:22:15.403,16:20:00,20.0,Good,4.0,Completed
2808.0,14.0,Zainab Suleiman,376.0,2024-06-13 20:22:15.403,11:15:00,29.0,Excellent,5.0,Completed
2809.0,14.0,Zainab Suleiman,376.0,2024-12-30 20:22:15.403,18:14:00,1.0,Very Poor,1.0,Completed
2810.0,14.0,Zainab Suleiman,376.0,2025-02-11 20:22:15.403,09:14:00,12.0,Excellent,5.0,Completed
2811.0,14.0,Zainab Suleiman,376.0,2024-04-13 20:22:15.403,09:15:00,14.0,Good,4.0,Completed
2812.0,9.0,Ibrahim Danjuma,377.0,2024-07-12 20:22:15.403,13:14:00,20.0,Excellent,5.0,Completed
2813.0,9.0,Ibrahim Danjuma,377.0,2024-03-20 20:22:15.403,16:52:00,29.0,Average,3.0,Completed
2814.0,9.0,Ibrahim Danjuma,377.0,2025-03-01 20:22:15.403,08:57:00,8.0,Poor,2.0,Completed
2815.0,9.0,Ibrahim Danjuma,377.0,2024-11-28 20:22:15.403,14:41:00,5.0,Excellent,5.0,Completed
2816.0,9.0,Ibrahim Danjuma,377.0,2024-07-22 20:22:15.403,10:09:00,22.0,Good,4.0,Completed
2817.0,9.0,Ibrahim Danjuma,377.0,2024-11-05 20:22:15.403,09:32:00,1.0,Excellent,5.0,Completed
2818.0,9.0,Ibrahim Danjuma,377.0,2024-08-06 20:22:15.403,10:18:00,25.0,Average,3.0,Completed
2819.0,9.0,Ibrahim Danjuma,377.0,2024-12-10 20:22:15.403,12:22:00,28.0,Poor,2.0,Completed
2820.0,15.0,Gbenga Adesina,378.0,2024-12-28 20:22:15.403,14:25:00,15.0,Very Poor,1.0,Completed
2821.0,15.0,Gbenga Adesina,378.0,2025-02-25 20:22:15.403,17:22:00,28.0,Average,3.0,Completed
2822.0,15.0,Gbenga Adesina,378.0,2024-04-28 20:22:15.403,15:54:00,27.0,Excellent,5.0,Completed
2823.0,15.0,Gbenga Adesina,378.0,2025-03-07 20:22:15.403,10:06:00,12.0,Good,4.0,Completed
2824.0,15.0,Gbenga Adesina,378.0,2024-03-23 20:22:15.403,16:01:00,6.0,Very Poor,1.0,Completed
2825.0,15.0,Gbenga Adesina,378.0,2024-09-02 20:22:15.403,08:48:00,27.0,Very Poor,1.0,Completed
2826.0,15.0,Gbenga Adesina,378.0,2024-08-25 20:22:15.403,17:24:00,8.0,Average,3.0,Completed
2827.0,15.0,Gbenga Adesina,378.0,2024-05-11 20:22:15.403,08:51:00,6.0,Good,4.0,Completed
2828.0,15.0,Gbenga Adesina,378.0,2024-03-27 20:22:15.403,08:25:00,24.0,Good,4.0,Completed
2829.0,17.0,Rasheed Lawal,379.0,2025-02-27 20:22:15.403,17:48:00,11.0,Poor,2.0,Completed
2830.0,17.0,Rasheed Lawal,379.0,2024-06-16 20:22:15.403,12:21:00,14.0,Good,4.0,Completed
2831.0,17.0,Rasheed Lawal,379.0,2024-09-06 20:22:15.403,19:33:00,12.0,Poor,2.0,Completed
2832.0,17.0,Rasheed Lawal,379.0,2024-10-23 20:22:15.403,08:24:00,26.0,Very Poor,1.0,Completed
2833.0,17.0,Rasheed Lawal,379.0,2024-07-19 20:22:15.403,16:17:00,18.0,Very Poor,1.0,Completed
2834.0,17.0,Rasheed Lawal,379.0,2024-06-18 20:22:15.403,08:18:00,1.0,Very Poor,1.0,Completed
2835.0,1.0,Emeka Okafor,380.0,2024-05-06 20:22:15.403,14:02:00,28.0,Average,3.0,Completed
2836.0,1.0,Emeka Okafor,380.0,2024-03-12 20:22:15.403,08:26:00,14.0,Poor,2.0,Completed
2837.0,1.0,Emeka Okafor,380.0,2024-11-08 20:22:15.403,13:42:00,25.0,Good,4.0,Completed
2838.0,1.0,Emeka Okafor,380.0,2024-06-16 20:22:15.403,13:40:00,9.0,Good,4.0,Completed
2839.0,1.0,Emeka Okafor,380.0,2024-11-26 20:22:15.403,15:04:00,15.0,Poor,2.0,Completed
2840.0,1.0,Emeka Okafor,380.0,2024-04-07 20:22:15.403,17:11:00,20.0,Poor,2.0,Completed
2841.0,8.0,Ngozi Okonkwo,381.0,2024-10-23 20:22:15.403,08:56:00,23.0,Very Poor,1.0,Completed
2842.0,8.0,Ngozi Okonkwo,381.0,2024-03-30 20:22:15.403,15:20:00,5.0,Very Poor,1.0,Completed
2843.0,8.0,Ngozi Okonkwo,381.0,2024-05-05 20:22:15.403,19:48:00,9.0,Average,3.0,Completed
2844.0,8.0,Ngozi Okonkwo,381.0,2025-02-09 20:22:15.403,19:12:00,27.0,Very Poor,1.0,Completed
2845.0,8.0,Ngozi Okonkwo,381.0,2025-01-07 20:22:15.403,09:45:00,12.0,Excellent,5.0,Completed
2846.0,8.0,Ngozi Okonkwo,381.0,2024-09-27 20:22:15.403,17:03:00,29.0,Excellent,5.0,Completed
2847.0,8.0,Ngozi Okonkwo,381.0,2024-05-15 20:22:15.403,11:24:00,22.0,Excellent,5.0,Completed
2848.0,8.0,Ngozi Okonkwo,381.0,2024-11-03 20:22:15.403,12:37:00,17.0,Good,4.0,Completed
2849.0,9.0,Ibrahim Danjuma,382.0,2024-08-07 20:22:15.403,19:29:00,9.0,Poor,2.0,Completed
2850.0,9.0,Ibrahim Danjuma,382.0,2024-10-26 20:22:15.403,11:05:00,11.0,Good,4.0,Completed
2851.0,9.0,Ibrahim Danjuma,382.0,2025-03-07 20:22:15.403,19:34:00,15.0,Very Poor,1.0,Completed
2852.0,9.0,Ibrahim Danjuma,382.0,2024-09-27 20:22:15.403,17:56:00,11.0,Very Poor,1.0,Completed
2853.0,9.0,Ibrahim Danjuma,382.0,2024-03-18 20:22:15.403,17:45:00,25.0,Poor,2.0,Completed
2854.0,9.0,Ibrahim Danjuma,382.0,2024-06-11 20:22:15.403,15:48:00,15.0,Good,4.0,Completed
2855.0,9.0,Ibrahim Danjuma,382.0,2024-07-23 20:22:15.403,11:05:00,5.0,Good,4.0,Completed
2856.0,18.0,Amaka Obi,383.0,2024-11-06 20:22:15.403,12:00:00,3.0,Good,4.0,Completed
2857.0,18.0,Amaka Obi,383.0,2024-12-12 20:22:15.403,12:17:00,10.0,Good,4.0,Completed
2858.0,18.0,Amaka Obi,383.0,2024-06-06 20:22:15.403,12:39:00,29.0,Poor,2.0,Completed
2859.0,18.0,Amaka Obi,383.0,2024-10-10 20:22:15.403,14:36:00,26.0,Excellent,5.0,Completed
2860.0,18.0,Amaka Obi,383.0,2024-05-09 20:22:15.403,09:26:00,10.0,Poor,2.0,Completed
2861.0,11.0,Kemi Adebanjo,384.0,2024-05-02 20:22:15.403,18:29:00,3.0,Average,3.0,Completed
2862.0,11.0,Kemi Adebanjo,384.0,2024-03-22 20:22:15.403,09:34:00,23.0,Very Poor,1.0,Completed
2863.0,11.0,Kemi Adebanjo,384.0,2024-09-15 20:22:15.403,14:44:00,25.0,Poor,2.0,Completed
2864.0,11.0,Kemi Adebanjo,384.0,2024-11-03 20:22:15.403,17:46:00,10.0,Very Poor,1.0,Completed
2865.0,11.0,Kemi Adebanjo,384.0,2024-12-31 20:22:15.403,17:26:00,22.0,Average,3.0,Completed
2866.0,6.0,Funke Adeyemi,385.0,2024-10-27 20:22:15.403,12:00:00,7.0,Average,3.0,Completed
2867.0,6.0,Funke Adeyemi,385.0,2024-03-23 20:22:15.403,18:14:00,2.0,Poor,2.0,Completed
2868.0,6.0,Funke Adeyemi,385.0,2024-10-22 20:22:15.403,09:04:00,3.0,Average,3.0,Completed
2869.0,6.0,Funke Adeyemi,385.0,2025-02-13 20:22:15.403,09:51:00,29.0,Very Poor,1.0,Completed
2870.0,6.0,Funke Adeyemi,385.0,2024-09-23 20:22:15.403,16:39:00,12.0,Poor,2.0,Completed
2871.0,6.0,Funke Adeyemi,385.0,2024-12-18 20:22:15.403,13:00:00,22.0,Good,4.0,Completed
2872.0,6.0,Funke Adeyemi,385.0,2024-07-20 20:22:15.403,16:01:00,23.0,Poor,2.0,Completed
2873.0,6.0,Funke Adeyemi,385.0,2024-10-26 20:22:15.403,13:24:00,20.0,Good,4.0,Completed
2874.0,6.0,Funke Adeyemi,385.0,2025-02-01 20:22:15.403,13:59:00,13.0,Average,3.0,Completed
2875.0,6.0,Funke Adeyemi,385.0,2025-03-01 20:22:15.403,16:56:00,15.0,Poor,2.0,Completed
2876.0,6.0,Funke Adeyemi,386.0,2024-06-16 20:22:15.403,08:33:00,6.0,Excellent,5.0,Completed
2877.0,6.0,Funke Adeyemi,386.0,2024-08-18 20:22:15.403,16:15:00,22.0,Excellent,5.0,Completed
2878.0,6.0,Funke Adeyemi,386.0,2024-03-20 20:22:15.403,15:54:00,13.0,Very Poor,1.0,Completed
2879.0,6.0,Funke Adeyemi,386.0,2024-12-11 20:22:15.403,14:23:00,10.0,Average,3.0,Completed
2880.0,6.0,Funke Adeyemi,386.0,2024-12-03 20:22:15.403,13:10:00,19.0,Poor,2.0,Completed
2881.0,6.0,Funke Adeyemi,386.0,2024-10-11 20:22:15.403,14:49:00,26.0,Average,3.0,Completed
2882.0,6.0,Funke Adeyemi,386.0,2024-04-25 20:22:15.403,16:49:00,26.0,Average,3.0,Completed
2883.0,18.0,Amaka Obi,387.0,2024-09-16 20:22:15.403,18:29:00,2.0,Very Poor,1.0,Completed
2884.0,18.0,Amaka Obi,387.0,2024-09-09 20:22:15.403,14:51:00,13.0,Very Poor,1.0,Completed
2885.0,18.0,Amaka Obi,387.0,2024-07-11 20:22:15.403,11:38:00,24.0,Good,4.0,Completed
2886.0,18.0,Amaka Obi,387.0,2024-05-26 20:22:15.403,08:37:00,4.0,Excellent,5.0,Completed
2887.0,18.0,Amaka Obi,387.0,2024-04-22 20:22:15.403,09:14:00,17.0,Poor,2.0,Completed
2888.0,18.0,Amaka Obi,387.0,2024-12-25 20:22:15.403,16:54:00,16.0,Excellent,5.0,Completed
2889.0,18.0,Amaka Obi,387.0,2024-08-20 20:22:15.403,15:30:00,17.0,Very Poor,1.0,Completed
2890.0,9.0,Ibrahim Danjuma,388.0,2024-03-12 20:22:15.403,09:24:00,6.0,Excellent,5.0,Completed
2891.0,9.0,Ibrahim Danjuma,388.0,2024-07-04 20:22:15.403,14:34:00,15.0,Average,3.0,Completed
2892.0,9.0,Ibrahim Danjuma,388.0,2024-03-30 20:22:15.403,14:34:00,24.0,Very Poor,1.0,Completed
2893.0,9.0,Ibrahim Danjuma,388.0,2024-10-24 20:22:15.403,17:51:00,18.0,Very Poor,1.0,Completed
2894.0,9.0,Ibrahim Danjuma,388.0,2025-02-19 20:22:15.403,13:33:00,12.0,Good,4.0,Completed
2895.0,9.0,Ibrahim Danjuma,388.0,2024-04-22 20:22:15.403,12:05:00,17.0,Very Poor,1.0,Completed
2896.0,9.0,Ibrahim Danjuma,388.0,2025-02-03 20:22:15.403,11:23:00,19.0,Excellent,5.0,Completed
2897.0,9.0,Ibrahim Danjuma,388.0,2024-08-16 20:22:15.403,12:00:00,20.0,Poor,2.0,Completed
2898.0,9.0,Ibrahim Danjuma,388.0,2024-03-31 20:22:15.403,17:12:00,24.0,Poor,2.0,Completed
2899.0,1.0,Emeka Okafor,389.0,2024-12-04 20:22:15.403,13:57:00,3.0,Good,4.0,Completed
2900.0,1.0,Emeka Okafor,389.0,2024-11-26 20:22:15.403,13:23:00,4.0,Poor,2.0,Completed
2901.0,1.0,Emeka Okafor,389.0,2024-08-13 20:22:15.403,17:27:00,23.0,Very Poor,1.0,Completed
2902.0,1.0,Emeka Okafor,389.0,2024-09-09 20:22:15.403,08:12:00,11.0,Average,3.0,Completed
2903.0,1.0,Emeka Okafor,389.0,2024-06-09 20:22:15.403,10:49:00,19.0,Average,3.0,Completed
2904.0,1.0,Emeka Okafor,389.0,2024-12-18 20:22:15.403,09:39:00,25.0,Very Poor,1.0,Completed
2905.0,1.0,Emeka Okafor,389.0,2025-02-05 20:22:15.403,13:48:00,6.0,Average,3.0,Completed
2906.0,1.0,Emeka Okafor,389.0,2025-03-01 20:22:15.403,17:12:00,2.0,Average,3.0,Completed
2907.0,1.0,Emeka Okafor,389.0,2024-12-18 20:22:15.403,16:47:00,7.0,Poor,2.0,Completed
2908.0,5.0,Obinna Eze,390.0,2024-10-15 20:22:15.403,16:43:00,4.0,Average,3.0,Completed
2909.0,5.0,Obinna Eze,390.0,2024-05-21 20:22:15.403,10:04:00,7.0,Very Poor,1.0,Completed
2910.0,5.0,Obinna Eze,390.0,2024-06-05 20:22:15.403,16:06:00,23.0,Excellent,5.0,Completed
2911.0,5.0,Obinna Eze,390.0,2024-11-23 20:22:15.403,13:54:00,19.0,Good,4.0,Completed
2912.0,5.0,Obinna Eze,390.0,2025-03-07 20:22:15.403,14:09:00,15.0,Excellent,5.0,Completed
2913.0,5.0,Obinna Eze,390.0,2024-12-19 20:22:15.403,16:32:00,26.0,Average,3.0,Completed
2914.0,5.0,Obinna Eze,390.0,2024-10-10 20:22:15.403,08:49:00,28.0,Poor,2.0,Completed
2915.0,15.0,Gbenga Adesina,391.0,2025-01-30 20:22:15.403,19:29:00,17.0,Very Poor,1.0,Completed
2916.0,15.0,Gbenga Adesina,391.0,2024-03-18 20:22:15.403,19:15:00,1.0,Average,3.0,Completed
2917.0,15.0,Gbenga Adesina,391.0,2024-07-19 20:22:15.403,14:44:00,11.0,Poor,2.0,Completed
2918.0,15.0,Gbenga Adesina,391.0,2024-09-23 20:22:15.403,19:56:00,9.0,Very Poor,1.0,Completed
2919.0,15.0,Gbenga Adesina,391.0,2025-03-05 20:22:15.403,17:20:00,29.0,Poor,2.0,Completed
2920.0,15.0,Gbenga Adesina,391.0,2024-08-09 20:22:15.403,12:31:00,12.0,Poor,2.0,Completed
2921.0,15.0,Gbenga Adesina,392.0,2024-04-03 20:22:15.403,10:03:00,25.0,Good,4.0,Completed
2922.0,15.0,Gbenga Adesina,392.0,2024-04-12 20:22:15.403,12:33:00,20.0,Excellent,5.0,Completed
2923.0,15.0,Gbenga Adesina,392.0,2024-08-30 20:22:15.403,16:17:00,13.0,Good,4.0,Completed
2924.0,15.0,Gbenga Adesina,392.0,2024-10-29 20:22:15.403,08:47:00,25.0,Average,3.0,Completed
2925.0,15.0,Gbenga Adesina,392.0,2025-03-04 20:22:15.403,14:19:00,4.0,Average,3.0,Completed
2926.0,15.0,Gbenga Adesina,392.0,2024-05-18 20:22:15.403,19:30:00,16.0,Poor,2.0,Completed
2927.0,11.0,Kemi Adebanjo,393.0,2024-06-29 20:22:15.403,19:55:00,2.0,Excellent,5.0,Completed
2928.0,11.0,Kemi Adebanjo,393.0,2025-03-04 20:22:15.403,09:09:00,11.0,Excellent,5.0,Completed
2929.0,11.0,Kemi Adebanjo,393.0,2025-01-20 20:22:15.403,13:00:00,12.0,Average,3.0,Completed
2930.0,11.0,Kemi Adebanjo,393.0,2025-01-16 20:22:15.403,08:18:00,11.0,Good,4.0,Completed
2931.0,11.0,Kemi Adebanjo,393.0,2024-04-13 20:22:15.403,17:09:00,12.0,Poor,2.0,Completed
2932.0,11.0,Kemi Adebanjo,393.0,2024-06-19 20:22:15.403,09:38:00,8.0,Good,4.0,Completed
2933.0,11.0,Kemi Adebanjo,393.0,2024-11-15 20:22:15.403,12:21:00,28.0,Excellent,5.0,Completed
2934.0,11.0,Kemi Adebanjo,393.0,2025-02-27 20:22:15.403,08:56:00,16.0,Poor,2.0,Completed
2935.0,11.0,Kemi Adebanjo,393.0,2024-08-05 20:22:15.403,13:01:00,9.0,Excellent,5.0,Completed
2936.0,1.0,Emeka Okafor,394.0,2025-02-05 20:22:15.403,15:17:00,23.0,Excellent,5.0,Completed
2937.0,1.0,Emeka Okafor,394.0,2025-02-26 20:22:15.403,15:48:00,13.0,Poor,2.0,Completed
2938.0,1.0,Emeka Okafor,394.0,2024-03-29 20:22:15.403,14:47:00,18.0,Excellent,5.0,Completed
2939.0,1.0,Emeka Okafor,394.0,2025-02-28 20:22:15.403,16:00:00,23.0,Good,4.0,Completed
2940.0,1.0,Emeka Okafor,394.0,2024-11-04 20:22:15.403,09:37:00,12.0,Poor,2.0,Completed
2941.0,1.0,Emeka Okafor,394.0,2025-03-03 20:22:15.403,16:02:00,19.0,Poor,2.0,Completed
2942.0,1.0,Emeka Okafor,394.0,2024-11-16 20:22:15.403,19:55:00,27.0,Poor,2.0,Completed
2943.0,1.0,Emeka Okafor,394.0,2024-10-30 20:22:15.403,19:17:00,19.0,Poor,2.0,Completed
2944.0,1.0,Emeka Okafor,394.0,2024-10-12 20:22:15.403,12:31:00,3.0,Average,3.0,Completed
2945.0,1.0,Emeka Okafor,394.0,2024-08-05 20:22:15.403,17:12:00,10.0,Very Poor,1.0,Completed
2946.0,2.0,Chioma Nwosu,395.0,2024-12-08 20:22:15.403,16:49:00,21.0,Excellent,5.0,Completed
2947.0,2.0,Chioma Nwosu,395.0,2024-05-09 20:22:15.403,11:03:00,1.0,Average,3.0,Completed
2948.0,2.0,Chioma Nwosu,395.0,2025-01-05 20:22:15.403,17:57:00,29.0,Excellent,5.0,Completed
2949.0,2.0,Chioma Nwosu,395.0,2024-06-09 20:22:15.403,19:54:00,4.0,Excellent,5.0,Completed
2950.0,2.0,Chioma Nwosu,395.0,2024-08-13 20:22:15.403,17:39:00,19.0,Excellent,5.0,Completed
2951.0,2.0,Chioma Nwosu,395.0,2024-03-30 20:22:15.403,10:55:00,1.0,Average,3.0,Completed
2952.0,2.0,Chioma Nwosu,395.0,2024-08-25 20:22:15.403,17:54:00,28.0,Average,3.0,Completed
2953.0,2.0,Chioma Nwosu,395.0,2025-01-05 20:22:15.403,10:19:00,28.0,Poor,2.0,Completed
2954.0,13.0,Bola Akinwunmi,396.0,2024-07-18 20:22:15.403,11:20:00,14.0,Average,3.0,Completed
2955.0,13.0,Bola Akinwunmi,396.0,2025-02-15 20:22:15.403,08:03:00,10.0,Poor,2.0,Completed
2956.0,13.0,Bola Akinwunmi,396.0,2024-09-22 20:22:15.403,11:10:00,7.0,Good,4.0,Completed
2957.0,13.0,Bola Akinwunmi,396.0,2025-02-15 20:22:15.403,13:21:00,11.0,Good,4.0,Completed
2958.0,13.0,Bola Akinwunmi,396.0,2024-06-03 20:22:15.403,14:48:00,14.0,Good,4.0,Completed
2959.0,13.0,Bola Akinwunmi,396.0,2024-12-07 20:22:15.403,19:29:00,29.0,Excellent,5.0,Completed
2960.0,13.0,Bola Akinwunmi,396.0,2024-08-18 20:22:15.403,17:50:00,26.0,Very Poor,1.0,Completed
2961.0,13.0,Bola Akinwunmi,396.0,2024-09-14 20:22:15.403,11:30:00,11.0,Poor,2.0,Completed
2962.0,13.0,Bola Akinwunmi,396.0,2024-08-13 20:22:15.403,18:59:00,15.0,Average,3.0,Completed
2963.0,13.0,Bola Akinwunmi,396.0,2024-10-08 20:22:15.403,12:02:00,12.0,Excellent,5.0,Completed
2964.0,8.0,Ngozi Okonkwo,397.0,2025-02-03 20:22:15.403,13:00:00,17.0,Very Poor,1.0,Completed
2965.0,8.0,Ngozi Okonkwo,397.0,2024-07-29 20:22:15.403,12:12:00,1.0,Very Poor,1.0,Completed
2966.0,8.0,Ngozi Okonkwo,397.0,2024-07-18 20:22:15.403,08:13:00,3.0,Poor,2.0,Completed
2967.0,8.0,Ngozi Okonkwo,397.0,2024-10-03 20:22:15.403,14:34:00,25.0,Average,3.0,Completed
2968.0,8.0,Ngozi Okonkwo,397.0,2025-01-07 20:22:15.403,17:02:00,26.0,Average,3.0,Completed
2969.0,8.0,Ngozi Okonkwo,397.0,2024-09-27 20:22:15.403,18:35:00,27.0,Excellent,5.0,Completed
2970.0,8.0,Ngozi Okonkwo,397.0,2024-11-11 20:22:15.403,18:24:00,20.0,Excellent,5.0,Completed
2971.0,8.0,Ngozi Okonkwo,397.0,2024-04-22 20:22:15.403,14:36:00,3.0,Excellent,5.0,Completed
2972.0,8.0,Ngozi Okonkwo,397.0,2024-08-13 20:22:15.403,18:32:00,11.0,Good,4.0,Completed
2973.0,8.0,Ngozi Okonkwo,397.0,2024-10-13 20:22:15.403,18:45:00,2.0,Very Poor,1.0,Completed
2974.0,20.0,Adewale Ogunleye,398.0,2024-07-12 20:22:15.403,13:54:00,5.0,Very Poor,1.0,Completed
2975.0,20.0,Adewale Ogunleye,398.0,2025-02-21 20:22:15.403,09:04:00,13.0,Poor,2.0,Completed
2976.0,20.0,Adewale Ogunleye,398.0,2024-06-26 20:22:15.403,12:36:00,21.0,Very Poor,1.0,Completed
2977.0,20.0,Adewale Ogunleye,398.0,2024-05-25 20:22:15.403,09:43:00,20.0,Very Poor,1.0,Completed
2978.0,20.0,Adewale Ogunleye,398.0,2024-08-12 20:22:15.403,08:35:00,3.0,Average,3.0,Completed
2979.0,20.0,Adewale Ogunleye,398.0,2024-11-12 20:22:15.403,18:46:00,5.0,Average,3.0,Completed
2980.0,20.0,Adewale Ogunleye,398.0,2024-12-14 20:22:15.403,17:46:00,11.0,Excellent,5.0,Completed
2981.0,20.0,Adewale Ogunleye,398.0,2024-04-04 20:22:15.403,15:15:00,1.0,Excellent,5.0,Completed
2982.0,13.0,Bola Akinwunmi,399.0,2024-11-18 20:22:15.403,17:37:00,10.0,Excellent,5.0,Completed
2983.0,13.0,Bola Akinwunmi,399.0,2025-02-12 20:22:15.403,09:45:00,6.0,Excellent,5.0,Completed
2984.0,13.0,Bola Akinwunmi,399.0,2024-09-18 20:22:15.403,13:02:00,29.0,Very Poor,1.0,Completed
2985.0,13.0,Bola Akinwunmi,399.0,2024-11-06 20:22:15.403,14:12:00,16.0,Excellent,5.0,Completed
2986.0,13.0,Bola Akinwunmi,399.0,2024-09-29 20:22:15.403,19:59:00,15.0,Very Poor,1.0,Completed
2987.0,6.0,Funke Adeyemi,400.0,2024-07-12 20:22:15.403,18:19:00,12.0,Poor,2.0,Completed
2988.0,6.0,Funke Adeyemi,400.0,2024-06-02 20:22:15.403,17:01:00,13.0,Average,3.0,Completed
2989.0,6.0,Funke Adeyemi,400.0,2024-11-05 20:22:15.403,11:11:00,1.0,Good,4.0,Completed
2990.0,6.0,Funke Adeyemi,400.0,2024-12-06 20:22:15.403,09:29:00,3.0,Good,4.0,Completed
2991.0,6.0,Funke Adeyemi,400.0,2024-11-26 20:22:15.403,15:47:00,18.0,Excellent,5.0,Completed
2992.0,6.0,Funke Adeyemi,400.0,2024-07-18 20:22:15.403,17:38:00,19.0,Poor,2.0,Completed
2993.0,6.0,Funke Adeyemi,400.0,2024-05-31 20:22:15.403,13:45:00,26.0,Average,3.0,Completed
2994.0,6.0,Funke Adeyemi,400.0,2024-11-07 20:22:15.403,15:37:00,23.0,Excellent,5.0,Completed
2995.0,6.0,Funke Adeyemi,400.0,2024-03-16 20:22:15.403,16:37:00,4.0,Average,3.0,Completed
2996.0,19.0,Felix Odion,401.0,2024-04-09 20:22:15.403,11:47:00,14.0,Poor,2.0,Completed
2997.0,19.0,Felix Odion,401.0,2024-11-14 20:22:15.403,09:31:00,22.0,Very Poor,1.0,Completed
2998.0,19.0,Felix Odion,401.0,2025-01-07 20:22:15.403,14:04:00,29.0,Average,3.0,Completed
2999.0,19.0,Felix Odion,401.0,2024-11-09 20:22:15.403,17:47:00,18.0,Poor,2.0,Completed
3000.0,19.0,Felix Odion,401.0,2024-07-16 20:22:15.403,10:50:00,18.0,Very Poor,1.0,Completed
3001.0,19.0,Felix Odion,401.0,2024-07-09 20:22:15.403,08:35:00,5.0,Poor,2.0,Completed
3002.0,19.0,Felix Odion,401.0,2024-12-25 20:22:15.403,12:51:00,2.0,Excellent,5.0,Completed
3003.0,19.0,Felix Odion,401.0,2024-08-24 20:22:15.403,19:21:00,11.0,Average,3.0,Completed
3004.0,19.0,Felix Odion,401.0,2024-04-14 20:22:15.403,14:53:00,3.0,Poor,2.0,Completed
3005.0,6.0,Funke Adeyemi,402.0,2024-09-16 20:22:15.403,17:12:00,11.0,Poor,2.0,Completed
3006.0,6.0,Funke Adeyemi,402.0,2024-12-16 20:22:15.403,19:07:00,27.0,Good,4.0,Completed
3007.0,6.0,Funke Adeyemi,402.0,2024-07-11 20:22:15.403,11:41:00,2.0,Excellent,5.0,Completed
3008.0,6.0,Funke Adeyemi,402.0,2025-02-16 20:22:15.403,12:35:00,12.0,Very Poor,1.0,Completed
3009.0,6.0,Funke Adeyemi,402.0,2024-10-08 20:22:15.403,11:51:00,19.0,Average,3.0,Completed
3010.0,16.0,Chika Umeh,403.0,2024-12-10 20:22:15.403,12:53:00,16.0,Average,3.0,Completed
3011.0,16.0,Chika Umeh,403.0,2024-06-08 20:22:15.403,09:58:00,25.0,Average,3.0,Completed
3012.0,16.0,Chika Umeh,403.0,2024-04-18 20:22:15.403,08:13:00,26.0,Average,3.0,Completed
3013.0,16.0,Chika Umeh,403.0,2024-09-30 20:22:15.403,17:28:00,15.0,Average,3.0,Completed
3014.0,16.0,Chika Umeh,403.0,2025-02-21 20:22:15.403,15:25:00,11.0,Poor,2.0,Completed
3015.0,16.0,Chika Umeh,403.0,2024-07-13 20:22:15.403,18:08:00,25.0,Poor,2.0,Completed
3016.0,16.0,Chika Umeh,403.0,2024-04-22 20:22:15.403,17:24:00,11.0,Good,4.0,Completed
3017.0,16.0,Chika Umeh,403.0,2025-02-22 20:22:15.403,12:21:00,13.0,Very Poor,1.0,Completed
3018.0,19.0,Felix Odion,404.0,2025-02-27 20:22:15.403,14:02:00,25.0,Average,3.0,Completed
3019.0,19.0,Felix Odion,404.0,2024-09-10 20:22:15.403,09:18:00,1.0,Good,4.0,Completed
3020.0,19.0,Felix Odion,404.0,2024-11-19 20:22:15.403,14:46:00,23.0,Very Poor,1.0,Completed
3021.0,19.0,Felix Odion,404.0,2024-10-07 20:22:15.403,18:56:00,20.0,Excellent,5.0,Completed
3022.0,19.0,Felix Odion,404.0,2024-05-28 20:22:15.403,11:40:00,8.0,Average,3.0,Completed
3023.0,19.0,Felix Odion,404.0,2024-11-17 20:22:15.403,17:44:00,24.0,Very Poor,1.0,Completed
3024.0,19.0,Felix Odion,404.0,2024-08-13 20:22:15.403,13:01:00,8.0,Poor,2.0,Completed
3025.0,19.0,Felix Odion,404.0,2025-02-06 20:22:15.403,09:02:00,22.0,Average,3.0,Completed
3026.0,19.0,Felix Odion,404.0,2024-05-17 20:22:15.403,08:10:00,23.0,Poor,2.0,Completed
3027.0,19.0,Felix Odion,404.0,2024-06-05 20:22:15.403,19:46:00,8.0,Excellent,5.0,Completed
3028.0,9.0,Ibrahim Danjuma,405.0,2024-10-20 20:22:15.403,13:46:00,16.0,Very Poor,1.0,Completed
3029.0,9.0,Ibrahim Danjuma,405.0,2025-01-19 20:22:15.403,14:24:00,11.0,Good,4.0,Completed
3030.0,9.0,Ibrahim Danjuma,405.0,2024-09-09 20:22:15.403,15:13:00,28.0,Very Poor,1.0,Completed
3031.0,9.0,Ibrahim Danjuma,405.0,2024-10-22 20:22:15.403,09:15:00,9.0,Good,4.0,Completed
3032.0,9.0,Ibrahim Danjuma,405.0,2024-11-22 20:22:15.403,12:23:00,5.0,Poor,2.0,Completed
3033.0,9.0,Ibrahim Danjuma,405.0,2024-11-23 20:22:15.403,12:14:00,4.0,Very Poor,1.0,Completed
3034.0,17.0,Rasheed Lawal,406.0,2025-02-13 20:22:15.403,13:00:00,15.0,Average,3.0,Completed
3035.0,17.0,Rasheed Lawal,406.0,2025-03-04 20:22:15.403,11:46:00,7.0,Very Poor,1.0,Completed
3036.0,17.0,Rasheed Lawal,406.0,2024-04-07 20:22:15.403,16:58:00,25.0,Very Poor,1.0,Completed
3037.0,17.0,Rasheed Lawal,406.0,2024-10-13 20:22:15.403,18:49:00,10.0,Poor,2.0,Completed
3038.0,17.0,Rasheed Lawal,406.0,2024-07-08 20:22:15.403,14:39:00,25.0,Very Poor,1.0,Completed
3039.0,17.0,Rasheed Lawal,406.0,2024-06-07 20:22:15.403,11:08:00,25.0,Good,4.0,Completed
3040.0,17.0,Rasheed Lawal,406.0,2024-11-08 20:22:15.403,12:45:00,22.0,Poor,2.0,Completed
3041.0,17.0,Rasheed Lawal,406.0,2024-04-24 20:22:15.403,13:39:00,25.0,Average,3.0,Completed
3042.0,17.0,Rasheed Lawal,406.0,2024-12-31 20:22:15.403,09:20:00,29.0,Poor,2.0,Completed
3043.0,17.0,Rasheed Lawal,406.0,2025-01-23 20:22:15.403,10:20:00,19.0,Excellent,5.0,Completed
3044.0,7.0,Segun Oladipo,407.0,2024-05-13 20:22:15.403,18:35:00,29.0,Good,4.0,Completed
3045.0,7.0,Segun Oladipo,407.0,2024-05-01 20:22:15.403,11:14:00,13.0,Good,4.0,Completed
3046.0,7.0,Segun Oladipo,407.0,2024-07-24 20:22:15.403,11:53:00,3.0,Average,3.0,Completed
3047.0,7.0,Segun Oladipo,407.0,2024-08-28 20:22:15.403,12:30:00,26.0,Good,4.0,Completed
3048.0,7.0,Segun Oladipo,407.0,2025-01-06 20:22:15.403,17:27:00,18.0,Poor,2.0,Completed
3049.0,7.0,Segun Oladipo,407.0,2024-08-07 20:22:15.403,17:36:00,9.0,Good,4.0,Completed
3050.0,7.0,Segun Oladipo,407.0,2024-06-14 20:22:15.403,10:45:00,8.0,Very Poor,1.0,Completed
3051.0,7.0,Segun Oladipo,407.0,2025-01-10 20:22:15.403,10:23:00,24.0,Poor,2.0,Completed
3052.0,7.0,Segun Oladipo,407.0,2024-03-17 20:22:15.403,12:59:00,16.0,Average,3.0,Completed
3053.0,11.0,Kemi Adebanjo,408.0,2025-02-01 20:22:15.403,12:02:00,29.0,Average,3.0,Completed
3054.0,11.0,Kemi Adebanjo,408.0,2024-08-15 20:22:15.403,14:44:00,24.0,Excellent,5.0,Completed
3055.0,11.0,Kemi Adebanjo,408.0,2025-02-05 20:22:15.403,08:03:00,6.0,Good,4.0,Completed
3056.0,11.0,Kemi Adebanjo,408.0,2025-02-25 20:22:15.403,12:56:00,23.0,Excellent,5.0,Completed
3057.0,11.0,Kemi Adebanjo,408.0,2025-01-08 20:22:15.403,15:02:00,2.0,Excellent,5.0,Completed
3058.0,11.0,Kemi Adebanjo,408.0,2024-12-31 20:22:15.403,09:53:00,11.0,Excellent,5.0,Completed
3059.0,11.0,Kemi Adebanjo,408.0,2024-10-12 20:22:15.403,15:52:00,4.0,Average,3.0,Completed
3060.0,11.0,Kemi Adebanjo,408.0,2024-03-18 20:22:15.403,10:11:00,7.0,Very Poor,1.0,Completed
3061.0,8.0,Ngozi Okonkwo,409.0,2024-09-01 20:22:15.403,17:53:00,29.0,Good,4.0,Completed
3062.0,8.0,Ngozi Okonkwo,409.0,2024-09-07 20:22:15.403,14:31:00,1.0,Poor,2.0,Completed
3063.0,8.0,Ngozi Okonkwo,409.0,2024-05-26 20:22:15.403,14:11:00,2.0,Average,3.0,Completed
3064.0,8.0,Ngozi Okonkwo,409.0,2024-05-10 20:22:15.403,15:54:00,27.0,Excellent,5.0,Completed
3065.0,8.0,Ngozi Okonkwo,409.0,2024-10-22 20:22:15.403,13:01:00,29.0,Very Poor,1.0,Completed
3066.0,8.0,Ngozi Okonkwo,409.0,2024-08-30 20:22:15.403,14:14:00,26.0,Good,4.0,Completed
3067.0,8.0,Ngozi Okonkwo,409.0,2024-04-11 20:22:15.403,09:45:00,27.0,Average,3.0,Completed
3068.0,8.0,Ngozi Okonkwo,409.0,2024-12-12 20:22:15.403,13:19:00,25.0,Good,4.0,Completed
3069.0,8.0,Ngozi Okonkwo,409.0,2024-11-20 20:22:15.403,19:01:00,23.0,Average,3.0,Completed
3070.0,8.0,Ngozi Okonkwo,409.0,2024-07-08 20:22:15.403,15:05:00,16.0,Average,3.0,Completed
3071.0,1.0,Emeka Okafor,410.0,2024-06-25 20:22:15.403,12:25:00,9.0,Good,4.0,Completed
3072.0,1.0,Emeka Okafor,410.0,2024-09-24 20:22:15.403,08:58:00,27.0,Good,4.0,Completed
3073.0,1.0,Emeka Okafor,410.0,2024-07-25 20:22:15.403,10:35:00,1.0,Average,3.0,Completed
3074.0,1.0,Emeka Okafor,410.0,2024-09-26 20:22:15.403,14:23:00,19.0,Very Poor,1.0,Completed
3075.0,1.0,Emeka Okafor,410.0,2024-06-09 20:22:15.403,19:13:00,29.0,Good,4.0,Completed
3076.0,1.0,Emeka Okafor,410.0,2024-06-21 20:22:15.403,10:10:00,2.0,Poor,2.0,Completed
3077.0,1.0,Emeka Okafor,410.0,2025-02-16 20:22:15.403,17:28:00,21.0,Poor,2.0,Completed
3078.0,1.0,Emeka Okafor,410.0,2024-07-08 20:22:15.403,15:07:00,4.0,Average,3.0,Completed
3079.0,17.0,Rasheed Lawal,411.0,2024-08-01 20:22:15.403,19:16:00,15.0,Average,3.0,Completed
3080.0,17.0,Rasheed Lawal,411.0,2025-01-24 20:22:15.403,15:20:00,14.0,Poor,2.0,Completed
3081.0,17.0,Rasheed Lawal,411.0,2024-07-10 20:22:15.403,17:24:00,22.0,Good,4.0,Completed
3082.0,17.0,Rasheed Lawal,411.0,2024-10-24 20:22:15.403,11:41:00,4.0,Good,4.0,Completed
3083.0,17.0,Rasheed Lawal,411.0,2024-07-08 20:22:15.403,08:30:00,24.0,Very Poor,1.0,Completed
3084.0,5.0,Obinna Eze,412.0,2024-12-30 20:22:15.403,12:47:00,6.0,Poor,2.0,Completed
3085.0,5.0,Obinna Eze,412.0,2024-09-04 20:22:15.403,12:54:00,17.0,Good,4.0,Completed
3086.0,5.0,Obinna Eze,412.0,2024-09-02 20:22:15.403,08:47:00,11.0,Excellent,5.0,Completed
3087.0,5.0,Obinna Eze,412.0,2024-05-14 20:22:15.403,10:35:00,10.0,Excellent,5.0,Completed
3088.0,5.0,Obinna Eze,412.0,2024-12-22 20:22:15.403,14:04:00,27.0,Average,3.0,Completed
3089.0,5.0,Obinna Eze,412.0,2024-06-14 20:22:15.403,09:38:00,19.0,Very Poor,1.0,Completed
3090.0,5.0,Obinna Eze,412.0,2024-12-16 20:22:15.403,16:45:00,10.0,Poor,2.0,Completed
3091.0,5.0,Obinna Eze,412.0,2024-05-14 20:22:15.403,08:40:00,29.0,Poor,2.0,Completed
3092.0,5.0,Obinna Eze,412.0,2024-10-17 20:22:15.403,16:27:00,29.0,Very Poor,1.0,Completed
3093.0,14.0,Zainab Suleiman,413.0,2024-04-27 20:22:15.403,14:52:00,27.0,Excellent,5.0,Completed
3094.0,14.0,Zainab Suleiman,413.0,2024-05-27 20:22:15.403,08:13:00,22.0,Good,4.0,Completed
3095.0,14.0,Zainab Suleiman,413.0,2024-05-09 20:22:15.403,16:04:00,18.0,Poor,2.0,Completed
3096.0,14.0,Zainab Suleiman,413.0,2024-06-18 20:22:15.403,15:20:00,20.0,Very Poor,1.0,Completed
3097.0,14.0,Zainab Suleiman,413.0,2024-12-21 20:22:15.403,14:17:00,28.0,Average,3.0,Completed
3098.0,14.0,Zainab Suleiman,413.0,2024-07-21 20:22:15.403,17:30:00,3.0,Very Poor,1.0,Completed
3099.0,14.0,Zainab Suleiman,413.0,2024-12-24 20:22:15.403,19:51:00,12.0,Good,4.0,Completed
3100.0,14.0,Zainab Suleiman,413.0,2024-03-18 20:22:15.403,12:41:00,24.0,Poor,2.0,Completed
3101.0,14.0,Zainab Suleiman,413.0,2025-02-24 20:22:15.403,10:52:00,3.0,Good,4.0,Completed
3102.0,14.0,Zainab Suleiman,413.0,2024-09-09 20:22:15.403,09:50:00,19.0,Excellent,5.0,Completed
3103.0,8.0,Ngozi Okonkwo,414.0,2024-08-22 20:22:15.403,14:38:00,21.0,Good,4.0,Completed
3104.0,8.0,Ngozi Okonkwo,414.0,2024-04-22 20:22:15.403,14:20:00,21.0,Very Poor,1.0,Completed
3105.0,8.0,Ngozi Okonkwo,414.0,2024-06-28 20:22:15.403,17:00:00,29.0,Poor,2.0,Completed
3106.0,8.0,Ngozi Okonkwo,414.0,2024-09-24 20:22:15.403,09:58:00,5.0,Excellent,5.0,Completed
3107.0,8.0,Ngozi Okonkwo,414.0,2025-01-29 20:22:15.403,19:50:00,3.0,Average,3.0,Completed
3108.0,12.0,Yakubu Bello,415.0,2024-11-08 20:22:15.403,15:22:00,4.0,Very Poor,1.0,Completed
3109.0,12.0,Yakubu Bello,415.0,2024-11-22 20:22:15.403,08:12:00,1.0,Excellent,5.0,Completed
3110.0,12.0,Yakubu Bello,415.0,2024-10-15 20:22:15.403,08:54:00,29.0,Very Poor,1.0,Completed
3111.0,12.0,Yakubu Bello,415.0,2024-06-14 20:22:15.403,18:19:00,22.0,Good,4.0,Completed
3112.0,12.0,Yakubu Bello,415.0,2024-04-09 20:22:15.403,16:57:00,4.0,Very Poor,1.0,Completed
3113.0,5.0,Obinna Eze,416.0,2024-10-27 20:22:15.403,15:58:00,25.0,Good,4.0,Completed
3114.0,5.0,Obinna Eze,416.0,2024-04-14 20:22:15.403,09:51:00,26.0,Very Poor,1.0,Completed
3115.0,5.0,Obinna Eze,416.0,2024-07-04 20:22:15.403,18:06:00,24.0,Very Poor,1.0,Completed
3116.0,5.0,Obinna Eze,416.0,2024-05-03 20:22:15.403,12:04:00,27.0,Excellent,5.0,Completed
3117.0,5.0,Obinna Eze,416.0,2025-01-17 20:22:15.403,10:15:00,14.0,Poor,2.0,Completed
3118.0,7.0,Segun Oladipo,417.0,2025-02-15 20:22:15.403,10:28:00,2.0,Very Poor,1.0,Completed
3119.0,7.0,Segun Oladipo,417.0,2024-11-15 20:22:15.403,14:43:00,4.0,Very Poor,1.0,Completed
3120.0,7.0,Segun Oladipo,417.0,2024-10-07 20:22:15.403,09:42:00,23.0,Good,4.0,Completed
3121.0,7.0,Segun Oladipo,417.0,2024-07-26 20:22:15.403,15:02:00,2.0,Average,3.0,Completed
3122.0,7.0,Segun Oladipo,417.0,2024-04-24 20:22:15.403,10:57:00,19.0,Poor,2.0,Completed
3123.0,13.0,Bola Akinwunmi,418.0,2024-07-31 20:22:15.403,19:39:00,15.0,Good,4.0,Completed
3124.0,13.0,Bola Akinwunmi,418.0,2024-09-24 20:22:15.403,17:10:00,27.0,Average,3.0,Completed
3125.0,13.0,Bola Akinwunmi,418.0,2024-09-07 20:22:15.403,15:15:00,7.0,Good,4.0,Completed
3126.0,13.0,Bola Akinwunmi,418.0,2025-03-06 20:22:15.403,19:25:00,12.0,Very Poor,1.0,Completed
3127.0,13.0,Bola Akinwunmi,418.0,2024-04-08 20:22:15.403,12:26:00,22.0,Excellent,5.0,Completed
3128.0,13.0,Bola Akinwunmi,418.0,2024-09-16 20:22:15.403,09:08:00,3.0,Excellent,5.0,Completed
3129.0,13.0,Bola Akinwunmi,418.0,2024-11-09 20:22:15.403,11:58:00,7.0,Average,3.0,Completed
3130.0,13.0,Bola Akinwunmi,418.0,2024-06-14 20:22:15.403,17:17:00,20.0,Average,3.0,Completed
3131.0,13.0,Bola Akinwunmi,418.0,2024-07-17 20:22:15.403,16:11:00,17.0,Good,4.0,Completed
3132.0,13.0,Bola Akinwunmi,418.0,2024-11-10 20:22:15.403,13:02:00,16.0,Poor,2.0,Completed
3133.0,11.0,Kemi Adebanjo,419.0,2024-06-30 20:22:15.403,12:32:00,24.0,Poor,2.0,Completed
3134.0,11.0,Kemi Adebanjo,419.0,2024-03-25 20:22:15.403,17:51:00,28.0,Excellent,5.0,Completed
3135.0,11.0,Kemi Adebanjo,419.0,2024-12-04 20:22:15.403,16:40:00,21.0,Very Poor,1.0,Completed
3136.0,11.0,Kemi Adebanjo,419.0,2024-12-01 20:22:15.403,18:02:00,15.0,Poor,2.0,Completed
3137.0,11.0,Kemi Adebanjo,419.0,2024-08-31 20:22:15.403,19:05:00,21.0,Very Poor,1.0,Completed
3138.0,11.0,Kemi Adebanjo,419.0,2024-07-22 20:22:15.403,08:06:00,26.0,Excellent,5.0,Completed
3139.0,11.0,Kemi Adebanjo,420.0,2024-06-10 20:22:15.403,10:22:00,18.0,Poor,2.0,Completed
3140.0,11.0,Kemi Adebanjo,420.0,2024-10-17 20:22:15.403,10:13:00,11.0,Very Poor,1.0,Completed
3141.0,11.0,Kemi Adebanjo,420.0,2024-08-06 20:22:15.403,17:41:00,12.0,Poor,2.0,Completed
3142.0,11.0,Kemi Adebanjo,420.0,2024-10-29 20:22:15.403,16:29:00,7.0,Poor,2.0,Completed
3143.0,11.0,Kemi Adebanjo,420.0,2024-07-16 20:22:15.403,19:16:00,24.0,Very Poor,1.0,Completed
3144.0,11.0,Kemi Adebanjo,420.0,2024-04-03 20:22:15.403,19:34:00,4.0,Poor,2.0,Completed
3145.0,11.0,Kemi Adebanjo,420.0,2024-03-26 20:22:15.403,15:51:00,24.0,Poor,2.0,Completed
3146.0,12.0,Yakubu Bello,421.0,2024-04-15 20:22:15.403,08:15:00,14.0,Good,4.0,Completed
3147.0,12.0,Yakubu Bello,421.0,2024-03-22 20:22:15.403,19:07:00,15.0,Poor,2.0,Completed
3148.0,12.0,Yakubu Bello,421.0,2024-09-12 20:22:15.403,11:25:00,6.0,Good,4.0,Completed
3149.0,12.0,Yakubu Bello,421.0,2024-08-31 20:22:15.403,15:37:00,1.0,Average,3.0,Completed
3150.0,12.0,Yakubu Bello,421.0,2024-04-18 20:22:15.403,17:10:00,10.0,Very Poor,1.0,Completed
3151.0,12.0,Yakubu Bello,421.0,2024-12-08 20:22:15.403,14:24:00,2.0,Very Poor,1.0,Completed
3152.0,12.0,Yakubu Bello,421.0,2024-12-16 20:22:15.403,11:38:00,19.0,Average,3.0,Completed
3153.0,12.0,Yakubu Bello,421.0,2024-09-03 20:22:15.403,10:05:00,16.0,Very Poor,1.0,Completed
3154.0,14.0,Zainab Suleiman,422.0,2024-05-06 20:22:15.403,18:48:00,11.0,Average,3.0,Completed
3155.0,14.0,Zainab Suleiman,422.0,2024-05-25 20:22:15.403,12:34:00,26.0,Excellent,5.0,Completed
3156.0,14.0,Zainab Suleiman,422.0,2024-03-20 20:22:15.403,10:30:00,4.0,Average,3.0,Completed
3157.0,14.0,Zainab Suleiman,422.0,2024-09-09 20:22:15.403,16:14:00,23.0,Very Poor,1.0,Completed
3158.0,14.0,Zainab Suleiman,422.0,2024-06-09 20:22:15.403,11:55:00,2.0,Good,4.0,Completed
3159.0,14.0,Zainab Suleiman,422.0,2024-05-21 20:22:15.403,19:23:00,27.0,Poor,2.0,Completed
3160.0,14.0,Zainab Suleiman,422.0,2024-04-01 20:22:15.403,15:30:00,10.0,Average,3.0,Completed
3161.0,14.0,Zainab Suleiman,422.0,2024-05-04 20:22:15.403,12:55:00,16.0,Average,3.0,Completed
3162.0,14.0,Zainab Suleiman,422.0,2025-02-18 20:22:15.403,16:48:00,14.0,Very Poor,1.0,Completed
3163.0,6.0,Funke Adeyemi,423.0,2024-05-09 20:22:15.403,13:34:00,13.0,Average,3.0,Completed
3164.0,6.0,Funke Adeyemi,423.0,2024-12-09 20:22:15.403,08:03:00,20.0,Good,4.0,Completed
3165.0,6.0,Funke Adeyemi,423.0,2024-05-08 20:22:15.403,10:45:00,14.0,Very Poor,1.0,Completed
3166.0,6.0,Funke Adeyemi,423.0,2024-04-05 20:22:15.403,16:04:00,26.0,Good,4.0,Completed
3167.0,6.0,Funke Adeyemi,423.0,2024-06-20 20:22:15.403,13:14:00,29.0,Poor,2.0,Completed
3168.0,4.0,Aisha Mohammed,424.0,2024-05-08 20:22:15.403,19:27:00,22.0,Very Poor,1.0,Completed
3169.0,4.0,Aisha Mohammed,424.0,2024-10-15 20:22:15.403,11:19:00,29.0,Excellent,5.0,Completed
3170.0,4.0,Aisha Mohammed,424.0,2024-11-24 20:22:15.403,17:29:00,3.0,Average,3.0,Completed
3171.0,4.0,Aisha Mohammed,424.0,2024-09-03 20:22:15.403,09:21:00,2.0,Very Poor,1.0,Completed
3172.0,4.0,Aisha Mohammed,424.0,2024-06-10 20:22:15.403,13:28:00,2.0,Poor,2.0,Completed
3173.0,4.0,Aisha Mohammed,424.0,2024-05-21 20:22:15.403,16:15:00,4.0,Poor,2.0,Completed
3174.0,4.0,Aisha Mohammed,424.0,2024-07-21 20:22:15.403,10:11:00,25.0,Average,3.0,Completed
3175.0,4.0,Aisha Mohammed,424.0,2024-09-25 20:22:15.403,13:00:00,7.0,Very Poor,1.0,Completed
3176.0,4.0,Aisha Mohammed,425.0,2024-12-22 20:22:15.403,12:19:00,23.0,Excellent,5.0,Completed
3177.0,4.0,Aisha Mohammed,425.0,2024-08-04 20:22:15.403,14:30:00,4.0,Good,4.0,Completed
3178.0,4.0,Aisha Mohammed,425.0,2024-11-01 20:22:15.403,11:36:00,27.0,Very Poor,1.0,Completed
3179.0,4.0,Aisha Mohammed,425.0,2024-09-16 20:22:15.403,09:18:00,22.0,Average,3.0,Completed
3180.0,4.0,Aisha Mohammed,425.0,2024-12-15 20:22:15.403,16:27:00,21.0,Poor,2.0,Completed
3181.0,4.0,Aisha Mohammed,425.0,2024-05-19 20:22:15.403,12:06:00,7.0,Very Poor,1.0,Completed
3182.0,18.0,Amaka Obi,426.0,2024-03-13 20:22:15.403,17:37:00,6.0,Poor,2.0,Completed
3183.0,18.0,Amaka Obi,426.0,2024-07-09 20:22:15.403,10:21:00,18.0,Excellent,5.0,Completed
3184.0,18.0,Amaka Obi,426.0,2025-01-05 20:22:15.403,19:24:00,18.0,Poor,2.0,Completed
3185.0,18.0,Amaka Obi,426.0,2024-03-28 20:22:15.403,11:11:00,29.0,Very Poor,1.0,Completed
3186.0,18.0,Amaka Obi,426.0,2025-01-07 20:22:15.403,18:42:00,19.0,Average,3.0,Completed
3187.0,18.0,Amaka Obi,426.0,2025-02-03 20:22:15.403,08:20:00,18.0,Average,3.0,Completed
3188.0,18.0,Amaka Obi,426.0,2024-07-18 20:22:15.403,18:18:00,29.0,Poor,2.0,Completed
3189.0,18.0,Amaka Obi,426.0,2025-01-05 20:22:15.403,12:32:00,15.0,Excellent,5.0,Completed
3190.0,18.0,Amaka Obi,426.0,2024-06-08 20:22:15.403,16:45:00,12.0,Poor,2.0,Completed
3191.0,18.0,Amaka Obi,426.0,2024-03-28 20:22:15.403,13:36:00,5.0,Average,3.0,Completed
3192.0,10.0,Chinedu Opara,427.0,2024-08-04 20:22:15.403,19:38:00,5.0,Excellent,5.0,Completed
3193.0,10.0,Chinedu Opara,427.0,2025-02-16 20:22:15.403,18:54:00,19.0,Poor,2.0,Completed
3194.0,10.0,Chinedu Opara,427.0,2024-05-30 20:22:15.403,16:32:00,11.0,Average,3.0,Completed
3195.0,10.0,Chinedu Opara,427.0,2025-03-05 20:22:15.403,15:48:00,11.0,Good,4.0,Completed
3196.0,10.0,Chinedu Opara,427.0,2024-07-23 20:22:15.403,16:04:00,20.0,Good,4.0,Completed
3197.0,10.0,Chinedu Opara,427.0,2024-08-04 20:22:15.403,11:23:00,17.0,Average,3.0,Completed
3198.0,10.0,Chinedu Opara,427.0,2024-04-25 20:22:15.403,15:24:00,14.0,Very Poor,1.0,Completed
3199.0,10.0,Chinedu Opara,427.0,2024-03-22 20:22:15.403,08:15:00,1.0,Very Poor,1.0,Completed
3200.0,10.0,Chinedu Opara,427.0,2024-10-25 20:22:15.403,13:15:00,25.0,Very Poor,1.0,Completed
3201.0,10.0,Chinedu Opara,427.0,2024-08-23 20:22:15.403,09:04:00,18.0,Poor,2.0,Completed
3202.0,17.0,Rasheed Lawal,428.0,2024-09-15 20:22:15.403,10:46:00,29.0,Poor,2.0,Completed
3203.0,17.0,Rasheed Lawal,428.0,2024-09-23 20:22:15.403,16:37:00,2.0,Good,4.0,Completed
3204.0,17.0,Rasheed Lawal,428.0,2024-04-23 20:22:15.403,13:40:00,4.0,Poor,2.0,Completed
3205.0,17.0,Rasheed Lawal,428.0,2025-03-07 20:22:15.403,17:48:00,2.0,Excellent,5.0,Completed
3206.0,17.0,Rasheed Lawal,428.0,2024-07-12 20:22:15.403,11:18:00,4.0,Average,3.0,Completed
3207.0,17.0,Rasheed Lawal,428.0,2024-03-08 20:22:15.403,11:01:00,25.0,Excellent,5.0,Completed
3208.0,17.0,Rasheed Lawal,428.0,2024-11-23 20:22:15.403,09:13:00,23.0,Very Poor,1.0,Completed
3209.0,17.0,Rasheed Lawal,428.0,2024-07-13 20:22:15.403,10:21:00,10.0,Average,3.0,Completed
3210.0,14.0,Zainab Suleiman,429.0,2025-03-03 20:22:15.403,14:38:00,5.0,Average,3.0,Completed
3211.0,14.0,Zainab Suleiman,429.0,2024-09-22 20:22:15.403,16:10:00,2.0,Very Poor,1.0,Completed
3212.0,14.0,Zainab Suleiman,429.0,2024-06-18 20:22:15.403,11:06:00,17.0,Poor,2.0,Completed
3213.0,14.0,Zainab Suleiman,429.0,2024-08-03 20:22:15.403,11:22:00,12.0,Very Poor,1.0,Completed
3214.0,14.0,Zainab Suleiman,429.0,2024-06-26 20:22:15.403,17:07:00,2.0,Good,4.0,Completed
3215.0,14.0,Zainab Suleiman,429.0,2025-01-06 20:22:15.403,14:25:00,11.0,Good,4.0,Completed
3216.0,14.0,Zainab Suleiman,429.0,2025-01-10 20:22:15.403,10:22:00,15.0,Average,3.0,Completed
3217.0,10.0,Chinedu Opara,430.0,2024-04-27 20:22:15.403,17:59:00,17.0,Good,4.0,Completed
3218.0,10.0,Chinedu Opara,430.0,2024-09-30 20:22:15.403,12:10:00,17.0,Average,3.0,Completed
3219.0,10.0,Chinedu Opara,430.0,2024-03-20 20:22:15.403,11:37:00,13.0,Average,3.0,Completed
3220.0,10.0,Chinedu Opara,430.0,2024-12-30 20:22:15.403,08:06:00,19.0,Good,4.0,Completed
3221.0,10.0,Chinedu Opara,430.0,2024-07-09 20:22:15.403,11:04:00,18.0,Average,3.0,Completed
3222.0,10.0,Chinedu Opara,430.0,2024-06-21 20:22:15.403,10:54:00,3.0,Average,3.0,Completed
3223.0,10.0,Chinedu Opara,430.0,2024-12-24 20:22:15.403,15:21:00,16.0,Average,3.0,Completed
3224.0,18.0,Amaka Obi,431.0,2024-07-22 20:22:15.403,19:03:00,22.0,Poor,2.0,Completed
3225.0,18.0,Amaka Obi,431.0,2024-05-02 20:22:15.403,08:11:00,11.0,Excellent,5.0,Completed
3226.0,18.0,Amaka Obi,431.0,2024-04-10 20:22:15.403,08:17:00,29.0,Poor,2.0,Completed
3227.0,18.0,Amaka Obi,431.0,2024-09-18 20:22:15.403,16:05:00,13.0,Very Poor,1.0,Completed
3228.0,18.0,Amaka Obi,431.0,2024-12-11 20:22:15.403,08:25:00,10.0,Excellent,5.0,Completed
3229.0,18.0,Amaka Obi,431.0,2025-01-16 20:22:15.403,15:17:00,20.0,Poor,2.0,Completed
3230.0,6.0,Funke Adeyemi,432.0,2024-10-25 20:22:15.403,16:35:00,26.0,Average,3.0,Completed
3231.0,6.0,Funke Adeyemi,432.0,2024-04-02 20:22:15.403,19:25:00,8.0,Excellent,5.0,Completed
3232.0,6.0,Funke Adeyemi,432.0,2024-05-27 20:22:15.403,15:32:00,8.0,Very Poor,1.0,Completed
3233.0,6.0,Funke Adeyemi,432.0,2024-03-17 20:22:15.403,14:36:00,2.0,Good,4.0,Completed
3234.0,6.0,Funke Adeyemi,432.0,2024-07-05 20:22:15.403,11:28:00,3.0,Very Poor,1.0,Completed
3235.0,6.0,Funke Adeyemi,432.0,2024-06-17 20:22:15.403,17:08:00,12.0,Very Poor,1.0,Completed
3236.0,6.0,Funke Adeyemi,432.0,2024-09-18 20:22:15.403,19:12:00,9.0,Very Poor,1.0,Completed
3237.0,6.0,Funke Adeyemi,433.0,2024-05-28 20:22:15.403,15:46:00,29.0,Good,4.0,Completed
3238.0,6.0,Funke Adeyemi,433.0,2024-04-21 20:22:15.403,19:56:00,16.0,Poor,2.0,Completed
3239.0,6.0,Funke Adeyemi,433.0,2025-01-27 20:22:15.403,18:24:00,4.0,Good,4.0,Completed
3240.0,6.0,Funke Adeyemi,433.0,2025-02-18 20:22:15.403,13:27:00,15.0,Average,3.0,Completed
3241.0,6.0,Funke Adeyemi,433.0,2024-11-01 20:22:15.403,10:29:00,12.0,Good,4.0,Completed
3242.0,6.0,Funke Adeyemi,433.0,2024-12-13 20:22:15.403,15:47:00,7.0,Poor,2.0,Completed
3243.0,13.0,Bola Akinwunmi,434.0,2024-12-10 20:22:15.403,18:13:00,12.0,Excellent,5.0,Completed
3244.0,13.0,Bola Akinwunmi,434.0,2024-09-30 20:22:15.403,09:03:00,19.0,Average,3.0,Completed
3245.0,13.0,Bola Akinwunmi,434.0,2024-10-23 20:22:15.403,12:17:00,22.0,Good,4.0,Completed
3246.0,13.0,Bola Akinwunmi,434.0,2025-02-18 20:22:15.403,11:44:00,21.0,Good,4.0,Completed
3247.0,13.0,Bola Akinwunmi,434.0,2024-06-14 20:22:15.403,18:21:00,1.0,Poor,2.0,Completed
3248.0,15.0,Gbenga Adesina,435.0,2025-02-07 20:22:15.403,19:59:00,4.0,Excellent,5.0,Completed
3249.0,15.0,Gbenga Adesina,435.0,2024-09-10 20:22:15.403,18:34:00,18.0,Poor,2.0,Completed
3250.0,15.0,Gbenga Adesina,435.0,2025-02-25 20:22:15.403,12:03:00,4.0,Good,4.0,Completed
3251.0,15.0,Gbenga Adesina,435.0,2024-08-21 20:22:15.403,15:51:00,24.0,Average,3.0,Completed
3252.0,15.0,Gbenga Adesina,435.0,2025-03-07 20:22:15.403,13:09:00,5.0,Average,3.0,Completed
3253.0,15.0,Gbenga Adesina,435.0,2024-09-19 20:22:15.403,11:33:00,22.0,Average,3.0,Completed
3254.0,15.0,Gbenga Adesina,435.0,2024-04-30 20:22:15.403,19:53:00,24.0,Very Poor,1.0,Completed
3255.0,15.0,Gbenga Adesina,435.0,2024-03-17 20:22:15.403,13:51:00,26.0,Excellent,5.0,Completed
3256.0,8.0,Ngozi Okonkwo,436.0,2025-01-25 20:22:15.403,12:05:00,21.0,Very Poor,1.0,Completed
3257.0,8.0,Ngozi Okonkwo,436.0,2024-05-30 20:22:15.403,10:36:00,4.0,Excellent,5.0,Completed
3258.0,8.0,Ngozi Okonkwo,436.0,2024-08-09 20:22:15.403,14:19:00,18.0,Excellent,5.0,Completed
3259.0,8.0,Ngozi Okonkwo,436.0,2024-12-18 20:22:15.403,13:24:00,12.0,Average,3.0,Completed
3260.0,8.0,Ngozi Okonkwo,436.0,2025-03-04 20:22:15.403,18:00:00,5.0,Excellent,5.0,Completed
3261.0,8.0,Ngozi Okonkwo,436.0,2025-03-01 20:22:15.403,18:15:00,24.0,Very Poor,1.0,Completed
3262.0,10.0,Chinedu Opara,437.0,2025-02-21 20:22:15.403,18:43:00,13.0,Poor,2.0,Completed
3263.0,10.0,Chinedu Opara,437.0,2024-04-19 20:22:15.403,13:56:00,6.0,Average,3.0,Completed
3264.0,10.0,Chinedu Opara,437.0,2024-12-10 20:22:15.403,09:35:00,13.0,Poor,2.0,Completed
3265.0,10.0,Chinedu Opara,437.0,2024-03-28 20:22:15.403,09:01:00,17.0,Average,3.0,Completed
3266.0,10.0,Chinedu Opara,437.0,2024-04-21 20:22:15.403,10:27:00,1.0,Very Poor,1.0,Completed
3267.0,10.0,Chinedu Opara,437.0,2024-08-30 20:22:15.403,14:36:00,8.0,Poor,2.0,Completed
3268.0,10.0,Chinedu Opara,437.0,2024-08-26 20:22:15.403,12:36:00,23.0,Excellent,5.0,Completed
3269.0,10.0,Chinedu Opara,437.0,2024-09-07 20:22:15.403,13:48:00,14.0,Average,3.0,Completed
3270.0,10.0,Chinedu Opara,437.0,2024-03-12 20:22:15.403,13:00:00,9.0,Average,3.0,Completed
3271.0,10.0,Chinedu Opara,437.0,2024-12-11 20:22:15.403,12:31:00,24.0,Very Poor,1.0,Completed
3272.0,2.0,Chioma Nwosu,438.0,2024-10-24 20:22:15.403,19:22:00,4.0,Good,4.0,Completed
3273.0,2.0,Chioma Nwosu,438.0,2024-03-29 20:22:15.403,19:04:00,22.0,Average,3.0,Completed
3274.0,2.0,Chioma Nwosu,438.0,2025-01-05 20:22:15.403,18:39:00,5.0,Very Poor,1.0,Completed
3275.0,2.0,Chioma Nwosu,438.0,2024-03-14 20:22:15.403,14:05:00,17.0,Poor,2.0,Completed
3276.0,2.0,Chioma Nwosu,438.0,2024-09-28 20:22:15.403,18:59:00,20.0,Excellent,5.0,Completed
3277.0,2.0,Chioma Nwosu,438.0,2024-12-09 20:22:15.403,09:29:00,12.0,Poor,2.0,Completed
3278.0,2.0,Chioma Nwosu,438.0,2024-09-03 20:22:15.403,13:29:00,3.0,Very Poor,1.0,Completed
3279.0,2.0,Chioma Nwosu,438.0,2024-06-15 20:22:15.403,16:18:00,10.0,Excellent,5.0,Completed
3280.0,2.0,Chioma Nwosu,438.0,2024-07-03 20:22:15.403,15:35:00,13.0,Excellent,5.0,Completed
3281.0,2.0,Chioma Nwosu,438.0,2024-04-08 20:22:15.403,18:44:00,11.0,Poor,2.0,Completed
3282.0,11.0,Kemi Adebanjo,439.0,2024-08-26 20:22:15.403,12:22:00,21.0,Very Poor,1.0,Completed
3283.0,11.0,Kemi Adebanjo,439.0,2024-04-25 20:22:15.403,12:13:00,3.0,Poor,2.0,Completed
3284.0,11.0,Kemi Adebanjo,439.0,2024-11-12 20:22:15.403,18:14:00,8.0,Excellent,5.0,Completed
3285.0,11.0,Kemi Adebanjo,439.0,2024-12-03 20:22:15.403,19:12:00,15.0,Average,3.0,Completed
3286.0,11.0,Kemi Adebanjo,439.0,2024-04-15 20:22:15.403,17:27:00,5.0,Very Poor,1.0,Completed
3287.0,11.0,Kemi Adebanjo,439.0,2024-05-02 20:22:15.403,17:50:00,18.0,Very Poor,1.0,Completed
3288.0,11.0,Kemi Adebanjo,439.0,2024-12-23 20:22:15.403,18:33:00,17.0,Good,4.0,Completed
3289.0,11.0,Kemi Adebanjo,439.0,2024-05-10 20:22:15.403,09:56:00,2.0,Excellent,5.0,Completed
3290.0,11.0,Kemi Adebanjo,439.0,2025-01-07 20:22:15.403,08:13:00,6.0,Very Poor,1.0,Completed
3291.0,11.0,Kemi Adebanjo,439.0,2024-04-29 20:22:15.403,12:36:00,25.0,Very Poor,1.0,Completed
3292.0,17.0,Rasheed Lawal,440.0,2024-10-20 20:22:15.403,10:02:00,1.0,Average,3.0,Completed
3293.0,17.0,Rasheed Lawal,440.0,2024-05-05 20:22:15.403,08:57:00,13.0,Very Poor,1.0,Completed
3294.0,17.0,Rasheed Lawal,440.0,2025-01-05 20:22:15.403,13:44:00,2.0,Poor,2.0,Completed
3295.0,17.0,Rasheed Lawal,440.0,2024-04-12 20:22:15.403,17:20:00,26.0,Good,4.0,Completed
3296.0,17.0,Rasheed Lawal,440.0,2024-07-21 20:22:15.403,08:04:00,10.0,Very Poor,1.0,Completed
3297.0,17.0,Rasheed Lawal,440.0,2025-01-28 20:22:15.403,16:48:00,19.0,Average,3.0,Completed
3298.0,17.0,Rasheed Lawal,440.0,2025-01-26 20:22:15.403,11:53:00,11.0,Very Poor,1.0,Completed
3299.0,17.0,Rasheed Lawal,440.0,2024-08-06 20:22:15.403,18:46:00,8.0,Excellent,5.0,Completed
3300.0,9.0,Ibrahim Danjuma,441.0,2024-09-18 20:22:15.403,13:13:00,10.0,Good,4.0,Completed
3301.0,9.0,Ibrahim Danjuma,441.0,2024-10-17 20:22:15.403,16:01:00,23.0,Very Poor,1.0,Completed
3302.0,9.0,Ibrahim Danjuma,441.0,2024-07-05 20:22:15.403,15:41:00,10.0,Poor,2.0,Completed
3303.0,9.0,Ibrahim Danjuma,441.0,2024-10-05 20:22:15.403,14:06:00,16.0,Poor,2.0,Completed
3304.0,9.0,Ibrahim Danjuma,441.0,2024-08-28 20:22:15.403,15:38:00,1.0,Average,3.0,Completed
3305.0,14.0,Zainab Suleiman,442.0,2025-01-03 20:22:15.403,17:36:00,1.0,Poor,2.0,Completed
3306.0,14.0,Zainab Suleiman,442.0,2024-03-13 20:22:15.403,15:11:00,27.0,Good,4.0,Completed
3307.0,14.0,Zainab Suleiman,442.0,2024-12-08 20:22:15.403,14:16:00,23.0,Poor,2.0,Completed
3308.0,14.0,Zainab Suleiman,442.0,2025-02-11 20:22:15.403,12:37:00,26.0,Poor,2.0,Completed
3309.0,14.0,Zainab Suleiman,442.0,2025-03-04 20:22:15.403,11:52:00,20.0,Good,4.0,Completed
3310.0,14.0,Zainab Suleiman,442.0,2024-04-22 20:22:15.403,08:59:00,26.0,Excellent,5.0,Completed
3311.0,14.0,Zainab Suleiman,442.0,2025-01-09 20:22:15.403,17:09:00,14.0,Excellent,5.0,Completed
3312.0,14.0,Zainab Suleiman,442.0,2024-05-06 20:22:15.403,15:13:00,11.0,Good,4.0,Completed
3313.0,14.0,Zainab Suleiman,442.0,2024-12-26 20:22:15.403,12:51:00,26.0,Poor,2.0,Completed
3314.0,14.0,Zainab Suleiman,442.0,2024-07-10 20:22:15.403,14:15:00,3.0,Excellent,5.0,Completed
3315.0,11.0,Kemi Adebanjo,443.0,2024-11-20 20:22:15.403,17:07:00,21.0,Very Poor,1.0,Completed
3316.0,11.0,Kemi Adebanjo,443.0,2024-10-10 20:22:15.403,08:10:00,21.0,Very Poor,1.0,Completed
3317.0,11.0,Kemi Adebanjo,443.0,2024-07-06 20:22:15.403,19:35:00,19.0,Very Poor,1.0,Completed
3318.0,11.0,Kemi Adebanjo,443.0,2024-06-05 20:22:15.403,08:19:00,2.0,Average,3.0,Completed
3319.0,11.0,Kemi Adebanjo,443.0,2024-07-28 20:22:15.403,10:55:00,21.0,Average,3.0,Completed
3320.0,11.0,Kemi Adebanjo,443.0,2025-03-07 20:22:15.403,15:24:00,9.0,Excellent,5.0,Completed
3321.0,11.0,Kemi Adebanjo,443.0,2024-11-12 20:22:15.403,15:30:00,11.0,Average,3.0,Completed
3322.0,18.0,Amaka Obi,444.0,2025-01-11 20:22:15.403,10:12:00,3.0,Excellent,5.0,Completed
3323.0,18.0,Amaka Obi,444.0,2024-12-14 20:22:15.403,13:05:00,25.0,Average,3.0,Completed
3324.0,18.0,Amaka Obi,444.0,2024-12-11 20:22:15.403,13:14:00,14.0,Poor,2.0,Completed
3325.0,18.0,Amaka Obi,444.0,2024-06-03 20:22:15.403,15:10:00,10.0,Average,3.0,Completed
3326.0,18.0,Amaka Obi,444.0,2024-08-30 20:22:15.403,17:19:00,6.0,Average,3.0,Completed
3327.0,18.0,Amaka Obi,444.0,2024-05-29 20:22:15.403,19:58:00,29.0,Average,3.0,Completed
3328.0,18.0,Amaka Obi,444.0,2024-11-28 20:22:15.403,17:10:00,24.0,Good,4.0,Completed
3329.0,15.0,Gbenga Adesina,445.0,2024-08-03 20:22:15.403,16:26:00,6.0,Average,3.0,Completed
3330.0,15.0,Gbenga Adesina,445.0,2024-06-11 20:22:15.403,15:31:00,27.0,Very Poor,1.0,Completed
3331.0,15.0,Gbenga Adesina,445.0,2024-11-13 20:22:15.403,19:05:00,23.0,Very Poor,1.0,Completed
3332.0,15.0,Gbenga Adesina,445.0,2024-10-16 20:22:15.403,18:59:00,22.0,Excellent,5.0,Completed
3333.0,15.0,Gbenga Adesina,445.0,2024-08-17 20:22:15.403,10:43:00,17.0,Good,4.0,Completed
3334.0,8.0,Ngozi Okonkwo,446.0,2025-02-04 20:22:15.403,14:12:00,18.0,Excellent,5.0,Completed
3335.0,8.0,Ngozi Okonkwo,446.0,2024-09-22 20:22:15.403,19:38:00,21.0,Average,3.0,Completed
3336.0,8.0,Ngozi Okonkwo,446.0,2024-06-23 20:22:15.403,12:15:00,29.0,Poor,2.0,Completed
3337.0,8.0,Ngozi Okonkwo,446.0,2024-06-02 20:22:15.403,16:21:00,6.0,Excellent,5.0,Completed
3338.0,8.0,Ngozi Okonkwo,446.0,2024-11-14 20:22:15.403,13:58:00,16.0,Good,4.0,Completed
3339.0,8.0,Ngozi Okonkwo,446.0,2024-05-08 20:22:15.403,18:10:00,5.0,Good,4.0,Completed
3340.0,6.0,Funke Adeyemi,447.0,2025-01-19 20:22:15.403,16:08:00,22.0,Poor,2.0,Completed
3341.0,6.0,Funke Adeyemi,447.0,2024-10-28 20:22:15.403,13:28:00,25.0,Very Poor,1.0,Completed
3342.0,6.0,Funke Adeyemi,447.0,2025-01-13 20:22:15.403,16:28:00,10.0,Good,4.0,Completed
3343.0,6.0,Funke Adeyemi,447.0,2024-04-26 20:22:15.403,11:17:00,24.0,Poor,2.0,Completed
3344.0,6.0,Funke Adeyemi,447.0,2024-09-22 20:22:15.403,12:39:00,7.0,Very Poor,1.0,Completed
3345.0,6.0,Funke Adeyemi,447.0,2024-10-06 20:22:15.403,12:00:00,12.0,Excellent,5.0,Completed
3346.0,6.0,Funke Adeyemi,447.0,2024-12-31 20:22:15.403,19:42:00,6.0,Very Poor,1.0,Completed
3347.0,6.0,Funke Adeyemi,447.0,2025-02-28 20:22:15.403,10:12:00,19.0,Very Poor,1.0,Completed
3348.0,6.0,Funke Adeyemi,447.0,2025-01-05 20:22:15.403,15:32:00,17.0,Poor,2.0,Completed
3349.0,3.0,Tunde Balogun,448.0,2025-01-21 20:22:15.403,11:10:00,15.0,Poor,2.0,Completed
3350.0,3.0,Tunde Balogun,448.0,2024-09-05 20:22:15.403,10:25:00,13.0,Average,3.0,Completed
3351.0,3.0,Tunde Balogun,448.0,2024-08-21 20:22:15.403,10:13:00,10.0,Very Poor,1.0,Completed
3352.0,3.0,Tunde Balogun,448.0,2024-06-04 20:22:15.403,19:53:00,2.0,Good,4.0,Completed
3353.0,3.0,Tunde Balogun,448.0,2024-05-18 20:22:15.403,15:31:00,20.0,Poor,2.0,Completed
3354.0,8.0,Ngozi Okonkwo,449.0,2025-03-04 20:22:15.403,14:50:00,15.0,Poor,2.0,Completed
3355.0,8.0,Ngozi Okonkwo,449.0,2024-08-23 20:22:15.403,15:36:00,25.0,Very Poor,1.0,Completed
3356.0,8.0,Ngozi Okonkwo,449.0,2024-06-23 20:22:15.403,18:07:00,9.0,Excellent,5.0,Completed
3357.0,8.0,Ngozi Okonkwo,449.0,2024-12-27 20:22:15.403,08:40:00,6.0,Very Poor,1.0,Completed
3358.0,8.0,Ngozi Okonkwo,449.0,2025-03-02 20:22:15.403,09:43:00,25.0,Poor,2.0,Completed
3359.0,8.0,Ngozi Okonkwo,449.0,2024-04-09 20:22:15.403,16:54:00,5.0,Poor,2.0,Completed
3360.0,8.0,Ngozi Okonkwo,449.0,2024-07-26 20:22:15.403,17:12:00,23.0,Very Poor,1.0,Completed
3361.0,8.0,Ngozi Okonkwo,449.0,2024-12-09 20:22:15.403,16:33:00,10.0,Good,4.0,Completed
3362.0,8.0,Ngozi Okonkwo,449.0,2025-02-20 20:22:15.403,10:33:00,14.0,Excellent,5.0,Completed
3363.0,14.0,Zainab Suleiman,450.0,2024-06-24 20:22:15.403,13:27:00,12.0,Poor,2.0,Completed
3364.0,14.0,Zainab Suleiman,450.0,2025-01-13 20:22:15.403,18:39:00,26.0,Very Poor,1.0,Completed
3365.0,14.0,Zainab Suleiman,450.0,2024-08-07 20:22:15.403,15:31:00,21.0,Excellent,5.0,Completed
3366.0,14.0,Zainab Suleiman,450.0,2024-04-21 20:22:15.403,13:27:00,23.0,Poor,2.0,Completed
3367.0,14.0,Zainab Suleiman,450.0,2024-12-24 20:22:15.403,10:45:00,15.0,Poor,2.0,Completed
3368.0,14.0,Zainab Suleiman,450.0,2024-09-22 20:22:15.403,19:12:00,28.0,Excellent,5.0,Completed
3369.0,14.0,Zainab Suleiman,450.0,2024-08-12 20:22:15.403,13:45:00,12.0,Excellent,5.0,Completed
3370.0,14.0,Zainab Suleiman,450.0,2024-11-09 20:22:15.403,17:50:00,18.0,Excellent,5.0,Completed
3371.0,14.0,Zainab Suleiman,450.0,2024-10-26 20:22:15.403,11:30:00,13.0,Average,3.0,Completed
3372.0,14.0,Zainab Suleiman,450.0,2025-01-26 20:22:15.403,19:55:00,5.0,Average,3.0,Completed
3373.0,19.0,Felix Odion,451.0,2025-01-08 20:22:15.403,09:45:00,16.0,Good,4.0,Completed
3374.0,19.0,Felix Odion,451.0,2024-07-22 20:22:15.403,13:04:00,15.0,Excellent,5.0,Completed
3375.0,19.0,Felix Odion,451.0,2024-10-18 20:22:15.403,15:02:00,18.0,Average,3.0,Completed
3376.0,19.0,Felix Odion,451.0,2024-05-05 20:22:15.403,12:07:00,20.0,Good,4.0,Completed
3377.0,19.0,Felix Odion,451.0,2024-09-22 20:22:15.403,11:11:00,4.0,Good,4.0,Completed
3378.0,17.0,Rasheed Lawal,452.0,2024-06-16 20:22:15.403,18:55:00,3.0,Good,4.0,Completed
3379.0,17.0,Rasheed Lawal,452.0,2025-01-23 20:22:15.403,13:43:00,17.0,Poor,2.0,Completed
3380.0,17.0,Rasheed Lawal,452.0,2024-12-08 20:22:15.403,14:57:00,14.0,Average,3.0,Completed
3381.0,17.0,Rasheed Lawal,452.0,2025-02-28 20:22:15.403,15:13:00,11.0,Very Poor,1.0,Completed
3382.0,17.0,Rasheed Lawal,452.0,2024-05-30 20:22:15.403,18:01:00,6.0,Very Poor,1.0,Completed
3383.0,17.0,Rasheed Lawal,452.0,2025-01-05 20:22:15.403,10:08:00,14.0,Excellent,5.0,Completed
3384.0,17.0,Rasheed Lawal,452.0,2024-04-15 20:22:15.403,13:20:00,14.0,Poor,2.0,Completed
3385.0,17.0,Rasheed Lawal,452.0,2024-05-31 20:22:15.403,11:43:00,28.0,Average,3.0,Completed
3386.0,17.0,Rasheed Lawal,452.0,2024-12-20 20:22:15.403,18:50:00,13.0,Good,4.0,Completed
3387.0,17.0,Rasheed Lawal,452.0,2024-07-19 20:22:15.403,19:51:00,14.0,Poor,2.0,Completed
3388.0,9.0,Ibrahim Danjuma,453.0,2024-05-26 20:22:15.403,15:51:00,6.0,Good,4.0,Completed
3389.0,9.0,Ibrahim Danjuma,453.0,2024-10-06 20:22:15.403,19:31:00,18.0,Poor,2.0,Completed
3390.0,9.0,Ibrahim Danjuma,453.0,2024-10-11 20:22:15.403,09:44:00,24.0,Excellent,5.0,Completed
3391.0,9.0,Ibrahim Danjuma,453.0,2024-11-07 20:22:15.403,15:57:00,24.0,Good,4.0,Completed
3392.0,9.0,Ibrahim Danjuma,453.0,2024-06-14 20:22:15.403,16:13:00,5.0,Excellent,5.0,Completed
3393.0,9.0,Ibrahim Danjuma,453.0,2024-08-31 20:22:15.403,13:08:00,20.0,Excellent,5.0,Completed
3394.0,9.0,Ibrahim Danjuma,453.0,2024-11-10 20:22:15.403,16:45:00,2.0,Good,4.0,Completed
3395.0,9.0,Ibrahim Danjuma,453.0,2024-03-24 20:22:15.403,18:53:00,6.0,Very Poor,1.0,Completed
3396.0,9.0,Ibrahim Danjuma,453.0,2024-06-30 20:22:15.403,11:56:00,2.0,Good,4.0,Completed
3397.0,9.0,Ibrahim Danjuma,453.0,2024-12-15 20:22:15.403,19:33:00,23.0,Poor,2.0,Completed
3398.0,12.0,Yakubu Bello,454.0,2024-03-18 20:22:15.403,19:47:00,14.0,Poor,2.0,Completed
3399.0,12.0,Yakubu Bello,454.0,2024-09-05 20:22:15.403,09:11:00,13.0,Excellent,5.0,Completed
3400.0,12.0,Yakubu Bello,454.0,2024-06-01 20:22:15.403,14:27:00,4.0,Poor,2.0,Completed
3401.0,12.0,Yakubu Bello,454.0,2024-04-06 20:22:15.403,18:04:00,8.0,Very Poor,1.0,Completed
3402.0,12.0,Yakubu Bello,454.0,2024-08-17 20:22:15.403,18:19:00,3.0,Very Poor,1.0,Completed
3403.0,12.0,Yakubu Bello,454.0,2025-02-07 20:22:15.403,16:07:00,13.0,Good,4.0,Completed
3404.0,12.0,Yakubu Bello,454.0,2024-05-18 20:22:15.403,11:04:00,26.0,Average,3.0,Completed
3405.0,12.0,Yakubu Bello,454.0,2025-01-11 20:22:15.403,19:05:00,10.0,Very Poor,1.0,Completed
3406.0,3.0,Tunde Balogun,455.0,2024-12-22 20:22:15.403,13:06:00,3.0,Very Poor,1.0,Completed
3407.0,3.0,Tunde Balogun,455.0,2024-03-13 20:22:15.403,13:26:00,15.0,Poor,2.0,Completed
3408.0,3.0,Tunde Balogun,455.0,2024-10-03 20:22:15.403,13:10:00,26.0,Good,4.0,Completed
3409.0,3.0,Tunde Balogun,455.0,2024-10-27 20:22:15.403,09:47:00,24.0,Average,3.0,Completed
3410.0,3.0,Tunde Balogun,455.0,2024-04-10 20:22:15.403,08:05:00,29.0,Average,3.0,Completed
3411.0,3.0,Tunde Balogun,455.0,2024-08-01 20:22:15.403,19:27:00,24.0,Good,4.0,Completed
3412.0,3.0,Tunde Balogun,455.0,2025-01-11 20:22:15.403,19:21:00,11.0,Poor,2.0,Completed
3413.0,14.0,Zainab Suleiman,456.0,2024-12-18 20:22:15.403,17:58:00,22.0,Excellent,5.0,Completed
3414.0,14.0,Zainab Suleiman,456.0,2024-04-04 20:22:15.403,08:23:00,17.0,Average,3.0,Completed
3415.0,14.0,Zainab Suleiman,456.0,2024-06-18 20:22:15.403,09:50:00,23.0,Poor,2.0,Completed
3416.0,14.0,Zainab Suleiman,456.0,2024-03-13 20:22:15.403,13:14:00,6.0,Poor,2.0,Completed
3417.0,14.0,Zainab Suleiman,456.0,2024-05-23 20:22:15.403,17:33:00,13.0,Excellent,5.0,Completed
3418.0,14.0,Zainab Suleiman,456.0,2024-06-08 20:22:15.403,18:20:00,3.0,Very Poor,1.0,Completed
3419.0,14.0,Zainab Suleiman,456.0,2025-03-02 20:22:15.403,17:53:00,27.0,Good,4.0,Completed
3420.0,14.0,Zainab Suleiman,456.0,2024-05-04 20:22:15.403,09:18:00,7.0,Excellent,5.0,Completed
3421.0,14.0,Zainab Suleiman,456.0,2025-03-05 20:22:15.403,18:40:00,17.0,Average,3.0,Completed
3422.0,14.0,Zainab Suleiman,456.0,2025-02-05 20:22:15.403,12:59:00,6.0,Excellent,5.0,Completed
3423.0,17.0,Rasheed Lawal,457.0,2024-07-18 20:22:15.403,17:02:00,28.0,Excellent,5.0,Completed
3424.0,17.0,Rasheed Lawal,457.0,2024-11-02 20:22:15.403,10:27:00,5.0,Excellent,5.0,Completed
3425.0,17.0,Rasheed Lawal,457.0,2024-09-24 20:22:15.403,18:30:00,6.0,Good,4.0,Completed
3426.0,17.0,Rasheed Lawal,457.0,2024-10-30 20:22:15.403,19:14:00,9.0,Average,3.0,Completed
3427.0,17.0,Rasheed Lawal,457.0,2024-07-30 20:22:15.403,12:10:00,2.0,Excellent,5.0,Completed
3428.0,17.0,Rasheed Lawal,457.0,2024-06-30 20:22:15.403,09:39:00,4.0,Poor,2.0,Completed
3429.0,10.0,Chinedu Opara,458.0,2025-02-27 20:22:15.403,08:53:00,20.0,Very Poor,1.0,Completed
3430.0,10.0,Chinedu Opara,458.0,2025-01-09 20:22:15.403,19:38:00,6.0,Average,3.0,Completed
3431.0,10.0,Chinedu Opara,458.0,2024-06-19 20:22:15.403,12:03:00,26.0,Average,3.0,Completed
3432.0,10.0,Chinedu Opara,458.0,2024-12-09 20:22:15.403,16:14:00,5.0,Very Poor,1.0,Completed
3433.0,10.0,Chinedu Opara,458.0,2024-07-27 20:22:15.403,16:52:00,4.0,Very Poor,1.0,Completed
3434.0,17.0,Rasheed Lawal,459.0,2024-11-23 20:22:15.403,10:28:00,17.0,Excellent,5.0,Completed
3435.0,17.0,Rasheed Lawal,459.0,2024-08-17 20:22:15.403,11:32:00,26.0,Good,4.0,Completed
3436.0,17.0,Rasheed Lawal,459.0,2024-05-10 20:22:15.403,14:08:00,21.0,Good,4.0,Completed
3437.0,17.0,Rasheed Lawal,459.0,2024-12-13 20:22:15.403,17:48:00,11.0,Very Poor,1.0,Completed
3438.0,17.0,Rasheed Lawal,459.0,2024-11-12 20:22:15.403,09:39:00,17.0,Poor,2.0,Completed
3439.0,17.0,Rasheed Lawal,459.0,2024-03-24 20:22:15.403,08:20:00,13.0,Very Poor,1.0,Completed
3440.0,5.0,Obinna Eze,460.0,2024-07-15 20:22:15.403,09:22:00,12.0,Excellent,5.0,Completed
3441.0,5.0,Obinna Eze,460.0,2024-05-05 20:22:15.403,09:18:00,21.0,Excellent,5.0,Completed
3442.0,5.0,Obinna Eze,460.0,2024-07-03 20:22:15.403,17:06:00,23.0,Good,4.0,Completed
3443.0,5.0,Obinna Eze,460.0,2024-05-25 20:22:15.403,13:00:00,25.0,Excellent,5.0,Completed
3444.0,5.0,Obinna Eze,460.0,2024-04-27 20:22:15.403,13:59:00,21.0,Average,3.0,Completed
3445.0,5.0,Obinna Eze,460.0,2024-07-22 20:22:15.403,10:58:00,21.0,Good,4.0,Completed
3446.0,5.0,Obinna Eze,460.0,2024-09-29 20:22:15.403,12:46:00,28.0,Very Poor,1.0,Completed
3447.0,1.0,Emeka Okafor,461.0,2024-11-29 20:22:15.403,19:42:00,16.0,Average,3.0,Completed
3448.0,1.0,Emeka Okafor,461.0,2024-05-29 20:22:15.403,15:08:00,18.0,Poor,2.0,Completed
3449.0,1.0,Emeka Okafor,461.0,2024-07-15 20:22:15.403,12:31:00,2.0,Excellent,5.0,Completed
3450.0,1.0,Emeka Okafor,461.0,2024-08-24 20:22:15.403,11:02:00,17.0,Average,3.0,Completed
3451.0,1.0,Emeka Okafor,461.0,2024-04-15 20:22:15.403,15:16:00,1.0,Good,4.0,Completed
3452.0,1.0,Emeka Okafor,461.0,2024-04-16 20:22:15.403,09:48:00,10.0,Poor,2.0,Completed
3453.0,1.0,Emeka Okafor,461.0,2024-08-11 20:22:15.403,08:44:00,5.0,Very Poor,1.0,Completed
3454.0,1.0,Emeka Okafor,461.0,2024-09-11 20:22:15.403,12:21:00,13.0,Very Poor,1.0,Completed
3455.0,1.0,Emeka Okafor,461.0,2024-12-27 20:22:15.403,16:31:00,20.0,Poor,2.0,Completed
3456.0,13.0,Bola Akinwunmi,462.0,2024-10-14 20:22:15.403,08:40:00,26.0,Very Poor,1.0,Completed
3457.0,13.0,Bola Akinwunmi,462.0,2024-08-25 20:22:15.403,17:41:00,13.0,Average,3.0,Completed
3458.0,13.0,Bola Akinwunmi,462.0,2024-05-05 20:22:15.403,10:38:00,26.0,Average,3.0,Completed
3459.0,13.0,Bola Akinwunmi,462.0,2024-10-29 20:22:15.403,13:08:00,29.0,Excellent,5.0,Completed
3460.0,13.0,Bola Akinwunmi,462.0,2024-05-11 20:22:15.403,13:45:00,25.0,Excellent,5.0,Completed
3461.0,13.0,Bola Akinwunmi,462.0,2024-09-20 20:22:15.403,19:47:00,3.0,Excellent,5.0,Completed
3462.0,13.0,Bola Akinwunmi,462.0,2024-11-21 20:22:15.403,13:09:00,12.0,Excellent,5.0,Completed
3463.0,13.0,Bola Akinwunmi,462.0,2024-08-05 20:22:15.403,18:00:00,12.0,Excellent,5.0,Completed
3464.0,13.0,Bola Akinwunmi,462.0,2024-12-16 20:22:15.403,08:14:00,17.0,Average,3.0,Completed
3465.0,13.0,Bola Akinwunmi,462.0,2024-04-21 20:22:15.403,09:59:00,5.0,Average,3.0,Completed
3466.0,8.0,Ngozi Okonkwo,463.0,2024-04-30 20:22:15.403,17:35:00,13.0,Poor,2.0,Completed
3467.0,8.0,Ngozi Okonkwo,463.0,2025-02-12 20:22:15.403,11:02:00,1.0,Average,3.0,Completed
3468.0,8.0,Ngozi Okonkwo,463.0,2024-03-10 20:22:15.403,08:08:00,10.0,Very Poor,1.0,Completed
3469.0,8.0,Ngozi Okonkwo,463.0,2024-12-29 20:22:15.403,16:30:00,11.0,Average,3.0,Completed
3470.0,8.0,Ngozi Okonkwo,463.0,2024-07-22 20:22:15.403,12:39:00,14.0,Very Poor,1.0,Completed
3471.0,8.0,Ngozi Okonkwo,463.0,2024-04-07 20:22:15.403,18:30:00,13.0,Very Poor,1.0,Completed
3472.0,4.0,Aisha Mohammed,464.0,2024-09-25 20:22:15.403,10:31:00,18.0,Very Poor,1.0,Completed
3473.0,4.0,Aisha Mohammed,464.0,2024-11-13 20:22:15.403,11:25:00,19.0,Good,4.0,Completed
3474.0,4.0,Aisha Mohammed,464.0,2024-03-30 20:22:15.403,14:25:00,10.0,Very Poor,1.0,Completed
3475.0,4.0,Aisha Mohammed,464.0,2024-10-21 20:22:15.403,17:52:00,16.0,Average,3.0,Completed
3476.0,4.0,Aisha Mohammed,464.0,2024-04-19 20:22:15.403,15:17:00,3.0,Very Poor,1.0,Completed
3477.0,4.0,Aisha Mohammed,464.0,2024-03-24 20:22:15.403,15:41:00,7.0,Excellent,5.0,Completed
3478.0,15.0,Gbenga Adesina,465.0,2024-06-24 20:22:15.403,16:24:00,18.0,Good,4.0,Completed
3479.0,15.0,Gbenga Adesina,465.0,2024-12-27 20:22:15.403,09:52:00,13.0,Very Poor,1.0,Completed
3480.0,15.0,Gbenga Adesina,465.0,2025-02-05 20:22:15.403,16:52:00,18.0,Average,3.0,Completed
3481.0,15.0,Gbenga Adesina,465.0,2024-09-01 20:22:15.403,19:58:00,19.0,Excellent,5.0,Completed
3482.0,15.0,Gbenga Adesina,465.0,2024-05-30 20:22:15.403,09:56:00,6.0,Good,4.0,Completed
3483.0,15.0,Gbenga Adesina,465.0,2024-10-29 20:22:15.403,13:00:00,26.0,Very Poor,1.0,Completed
3484.0,15.0,Gbenga Adesina,465.0,2024-05-03 20:22:15.403,08:34:00,5.0,Good,4.0,Completed
3485.0,15.0,Gbenga Adesina,465.0,2025-02-27 20:22:15.403,11:50:00,15.0,Very Poor,1.0,Completed
3486.0,15.0,Gbenga Adesina,465.0,2024-03-17 20:22:15.403,13:30:00,27.0,Average,3.0,Completed
3487.0,12.0,Yakubu Bello,466.0,2025-01-27 20:22:15.403,19:57:00,21.0,Excellent,5.0,Completed
3488.0,12.0,Yakubu Bello,466.0,2024-08-26 20:22:15.403,10:46:00,24.0,Excellent,5.0,Completed
3489.0,12.0,Yakubu Bello,466.0,2025-01-05 20:22:15.403,14:37:00,24.0,Poor,2.0,Completed
3490.0,12.0,Yakubu Bello,466.0,2024-12-16 20:22:15.403,13:43:00,2.0,Poor,2.0,Completed
3491.0,12.0,Yakubu Bello,466.0,2024-04-25 20:22:15.403,12:43:00,24.0,Very Poor,1.0,Completed
3492.0,12.0,Yakubu Bello,466.0,2024-06-14 20:22:15.403,16:41:00,29.0,Good,4.0,Completed
3493.0,12.0,Yakubu Bello,466.0,2024-11-15 20:22:15.403,08:02:00,28.0,Excellent,5.0,Completed
3494.0,16.0,Chika Umeh,467.0,2025-02-13 20:22:15.403,12:00:00,20.0,Poor,2.0,Completed
3495.0,16.0,Chika Umeh,467.0,2024-10-30 20:22:15.403,09:41:00,29.0,Very Poor,1.0,Completed
3496.0,16.0,Chika Umeh,467.0,2024-03-24 20:22:15.403,18:27:00,29.0,Excellent,5.0,Completed
3497.0,16.0,Chika Umeh,467.0,2025-01-07 20:22:15.403,18:44:00,21.0,Very Poor,1.0,Completed
3498.0,16.0,Chika Umeh,467.0,2024-12-06 20:22:15.403,11:12:00,3.0,Poor,2.0,Completed
3499.0,16.0,Chika Umeh,467.0,2024-12-30 20:22:15.403,17:42:00,13.0,Very Poor,1.0,Completed
3500.0,5.0,Obinna Eze,468.0,2024-09-23 20:22:15.403,13:54:00,26.0,Very Poor,1.0,Completed
3501.0,5.0,Obinna Eze,468.0,2024-06-12 20:22:15.403,13:31:00,2.0,Poor,2.0,Completed
3502.0,5.0,Obinna Eze,468.0,2024-03-21 20:22:15.403,14:35:00,13.0,Average,3.0,Completed
3503.0,5.0,Obinna Eze,468.0,2024-04-05 20:22:15.403,14:24:00,14.0,Excellent,5.0,Completed
3504.0,5.0,Obinna Eze,468.0,2025-03-02 20:22:15.403,08:50:00,11.0,Good,4.0,Completed
3505.0,19.0,Felix Odion,469.0,2024-11-22 20:22:15.403,15:37:00,26.0,Very Poor,1.0,Completed
3506.0,19.0,Felix Odion,469.0,2024-10-11 20:22:15.403,15:56:00,2.0,Poor,2.0,Completed
3507.0,19.0,Felix Odion,469.0,2024-08-06 20:22:15.403,10:12:00,26.0,Good,4.0,Completed
3508.0,19.0,Felix Odion,469.0,2024-07-28 20:22:15.403,14:35:00,13.0,Excellent,5.0,Completed
3509.0,19.0,Felix Odion,469.0,2024-05-14 20:22:15.403,18:12:00,8.0,Poor,2.0,Completed
3510.0,19.0,Felix Odion,469.0,2024-08-16 20:22:15.403,14:19:00,21.0,Excellent,5.0,Completed
3511.0,19.0,Felix Odion,469.0,2024-11-08 20:22:15.403,12:10:00,22.0,Good,4.0,Completed
3512.0,19.0,Felix Odion,469.0,2025-01-03 20:22:15.403,08:12:00,20.0,Excellent,5.0,Completed
3513.0,20.0,Adewale Ogunleye,470.0,2024-05-24 20:22:15.403,17:30:00,10.0,Very Poor,1.0,Completed
3514.0,20.0,Adewale Ogunleye,470.0,2024-06-29 20:22:15.403,13:06:00,5.0,Average,3.0,Completed
3515.0,20.0,Adewale Ogunleye,470.0,2025-02-27 20:22:15.403,08:37:00,7.0,Very Poor,1.0,Completed
3516.0,20.0,Adewale Ogunleye,470.0,2024-09-01 20:22:15.403,16:03:00,11.0,Good,4.0,Completed
3517.0,20.0,Adewale Ogunleye,470.0,2024-08-13 20:22:15.403,08:44:00,10.0,Good,4.0,Completed
3518.0,20.0,Adewale Ogunleye,470.0,2024-07-14 20:22:15.403,13:11:00,3.0,Poor,2.0,Completed
3519.0,20.0,Adewale Ogunleye,470.0,2024-10-17 20:22:15.403,11:42:00,12.0,Good,4.0,Completed
3520.0,20.0,Adewale Ogunleye,470.0,2024-08-02 20:22:15.403,19:06:00,13.0,Excellent,5.0,Completed
3521.0,9.0,Ibrahim Danjuma,471.0,2024-05-05 20:22:15.403,09:27:00,15.0,Average,3.0,Completed
3522.0,9.0,Ibrahim Danjuma,471.0,2024-09-23 20:22:15.403,09:20:00,16.0,Good,4.0,Completed
3523.0,9.0,Ibrahim Danjuma,471.0,2024-04-11 20:22:15.403,15:45:00,18.0,Excellent,5.0,Completed
3524.0,9.0,Ibrahim Danjuma,471.0,2024-07-16 20:22:15.403,10:29:00,21.0,Excellent,5.0,Completed
3525.0,9.0,Ibrahim Danjuma,471.0,2024-04-17 20:22:15.403,19:34:00,22.0,Poor,2.0,Completed
3526.0,9.0,Ibrahim Danjuma,471.0,2024-08-28 20:22:15.403,12:25:00,10.0,Very Poor,1.0,Completed
3527.0,19.0,Felix Odion,472.0,2024-12-14 20:22:15.403,11:48:00,29.0,Very Poor,1.0,Completed
3528.0,19.0,Felix Odion,472.0,2024-07-26 20:22:15.403,15:03:00,5.0,Very Poor,1.0,Completed
3529.0,19.0,Felix Odion,472.0,2024-12-21 20:22:15.403,09:20:00,15.0,Very Poor,1.0,Completed
3530.0,19.0,Felix Odion,472.0,2024-04-06 20:22:15.403,19:30:00,16.0,Very Poor,1.0,Completed
3531.0,19.0,Felix Odion,472.0,2025-02-21 20:22:15.403,14:42:00,5.0,Very Poor,1.0,Completed
3532.0,19.0,Felix Odion,472.0,2025-03-02 20:22:15.403,17:50:00,17.0,Average,3.0,Completed
3533.0,19.0,Felix Odion,472.0,2024-06-23 20:22:15.403,13:35:00,17.0,Excellent,5.0,Completed
3534.0,16.0,Chika Umeh,473.0,2024-11-10 20:22:15.403,17:55:00,29.0,Poor,2.0,Completed
3535.0,16.0,Chika Umeh,473.0,2024-06-30 20:22:15.403,12:34:00,24.0,Good,4.0,Completed
3536.0,16.0,Chika Umeh,473.0,2024-12-15 20:22:15.403,17:07:00,19.0,Good,4.0,Completed
3537.0,16.0,Chika Umeh,473.0,2024-04-25 20:22:15.403,08:35:00,29.0,Poor,2.0,Completed
3538.0,16.0,Chika Umeh,473.0,2024-05-15 20:22:15.403,08:17:00,2.0,Excellent,5.0,Completed
3539.0,16.0,Chika Umeh,473.0,2024-11-17 20:22:15.403,08:51:00,17.0,Average,3.0,Completed
3540.0,16.0,Chika Umeh,473.0,2024-04-06 20:22:15.403,16:01:00,29.0,Poor,2.0,Completed
3541.0,16.0,Chika Umeh,473.0,2024-09-21 20:22:15.403,15:33:00,6.0,Very Poor,1.0,Completed
3542.0,16.0,Chika Umeh,473.0,2024-08-01 20:22:15.403,09:47:00,9.0,Poor,2.0,Completed
3543.0,16.0,Chika Umeh,473.0,2024-07-24 20:22:15.403,08:25:00,25.0,Very Poor,1.0,Completed
3544.0,19.0,Felix Odion,474.0,2025-03-05 20:22:15.403,17:52:00,8.0,Good,4.0,Completed
3545.0,19.0,Felix Odion,474.0,2024-04-15 20:22:15.403,08:46:00,8.0,Very Poor,1.0,Completed
3546.0,19.0,Felix Odion,474.0,2024-11-21 20:22:15.403,10:43:00,21.0,Excellent,5.0,Completed
3547.0,19.0,Felix Odion,474.0,2024-12-22 20:22:15.403,16:14:00,29.0,Excellent,5.0,Completed
3548.0,19.0,Felix Odion,474.0,2025-02-12 20:22:15.403,19:38:00,16.0,Average,3.0,Completed
3549.0,19.0,Felix Odion,474.0,2024-04-04 20:22:15.403,09:02:00,4.0,Poor,2.0,Completed
3550.0,19.0,Felix Odion,474.0,2024-03-19 20:22:15.403,09:43:00,27.0,Very Poor,1.0,Completed
3551.0,20.0,Adewale Ogunleye,475.0,2024-04-28 20:22:15.403,09:56:00,15.0,Excellent,5.0,Completed
3552.0,20.0,Adewale Ogunleye,475.0,2024-08-04 20:22:15.403,08:29:00,23.0,Excellent,5.0,Completed
3553.0,20.0,Adewale Ogunleye,475.0,2024-10-25 20:22:15.403,19:09:00,19.0,Excellent,5.0,Completed
3554.0,20.0,Adewale Ogunleye,475.0,2024-12-18 20:22:15.403,15:32:00,10.0,Average,3.0,Completed
3555.0,20.0,Adewale Ogunleye,475.0,2025-02-06 20:22:15.403,10:23:00,22.0,Good,4.0,Completed
3556.0,18.0,Amaka Obi,476.0,2024-06-12 20:22:15.403,15:48:00,20.0,Good,4.0,Completed
3557.0,18.0,Amaka Obi,476.0,2024-07-14 20:22:15.403,12:22:00,5.0,Poor,2.0,Completed
3558.0,18.0,Amaka Obi,476.0,2024-04-08 20:22:15.403,16:07:00,25.0,Very Poor,1.0,Completed
3559.0,18.0,Amaka Obi,476.0,2024-05-18 20:22:15.403,19:21:00,24.0,Excellent,5.0,Completed
3560.0,18.0,Amaka Obi,476.0,2024-05-26 20:22:15.403,19:49:00,24.0,Very Poor,1.0,Completed
3561.0,18.0,Amaka Obi,476.0,2025-01-17 20:22:15.403,09:07:00,19.0,Poor,2.0,Completed
3562.0,18.0,Amaka Obi,476.0,2024-08-25 20:22:15.403,11:00:00,10.0,Poor,2.0,Completed
3563.0,16.0,Chika Umeh,477.0,2024-10-21 20:22:15.403,16:13:00,2.0,Very Poor,1.0,Completed
3564.0,16.0,Chika Umeh,477.0,2024-12-18 20:22:15.403,08:18:00,8.0,Poor,2.0,Completed
3565.0,16.0,Chika Umeh,477.0,2025-02-11 20:22:15.403,08:05:00,13.0,Excellent,5.0,Completed
3566.0,16.0,Chika Umeh,477.0,2024-11-07 20:22:15.403,16:42:00,19.0,Good,4.0,Completed
3567.0,16.0,Chika Umeh,477.0,2024-07-21 20:22:15.403,10:14:00,3.0,Excellent,5.0,Completed
3568.0,16.0,Chika Umeh,477.0,2024-04-20 20:22:15.403,19:24:00,6.0,Very Poor,1.0,Completed
3569.0,16.0,Chika Umeh,477.0,2024-05-14 20:22:15.403,10:01:00,13.0,Poor,2.0,Completed
3570.0,16.0,Chika Umeh,477.0,2024-12-03 20:22:15.403,18:41:00,8.0,Very Poor,1.0,Completed
3571.0,16.0,Chika Umeh,477.0,2024-09-30 20:22:15.403,14:28:00,9.0,Poor,2.0,Completed
3572.0,16.0,Chika Umeh,477.0,2024-05-22 20:22:15.403,10:16:00,20.0,Very Poor,1.0,Completed
3573.0,10.0,Chinedu Opara,478.0,2024-06-06 20:22:15.403,17:00:00,28.0,Average,3.0,Completed
3574.0,10.0,Chinedu Opara,478.0,2024-05-03 20:22:15.403,10:21:00,11.0,Poor,2.0,Completed
3575.0,10.0,Chinedu Opara,478.0,2024-05-01 20:22:15.403,18:47:00,2.0,Very Poor,1.0,Completed
3576.0,10.0,Chinedu Opara,478.0,2024-05-04 20:22:15.403,10:29:00,14.0,Excellent,5.0,Completed
3577.0,10.0,Chinedu Opara,478.0,2024-03-14 20:22:15.403,16:06:00,5.0,Poor,2.0,Completed
3578.0,10.0,Chinedu Opara,478.0,2024-04-15 20:22:15.403,11:51:00,26.0,Average,3.0,Completed
3579.0,10.0,Chinedu Opara,478.0,2024-12-15 20:22:15.403,15:21:00,18.0,Average,3.0,Completed
3580.0,10.0,Chinedu Opara,478.0,2024-08-20 20:22:15.403,10:30:00,26.0,Good,4.0,Completed
3581.0,2.0,Chioma Nwosu,479.0,2024-04-27 20:22:15.403,19:47:00,10.0,Good,4.0,Completed
3582.0,2.0,Chioma Nwosu,479.0,2024-03-29 20:22:15.403,09:40:00,4.0,Very Poor,1.0,Completed
3583.0,2.0,Chioma Nwosu,479.0,2024-09-23 20:22:15.403,19:37:00,18.0,Very Poor,1.0,Completed
3584.0,2.0,Chioma Nwosu,479.0,2024-05-06 20:22:15.403,14:34:00,13.0,Excellent,5.0,Completed
3585.0,2.0,Chioma Nwosu,479.0,2024-05-13 20:22:15.403,15:29:00,3.0,Excellent,5.0,Completed
3586.0,2.0,Chioma Nwosu,479.0,2024-04-12 20:22:15.403,13:14:00,14.0,Excellent,5.0,Completed
3587.0,15.0,Gbenga Adesina,480.0,2024-08-31 20:22:15.403,12:09:00,11.0,Good,4.0,Completed
3588.0,15.0,Gbenga Adesina,480.0,2024-09-26 20:22:15.403,11:08:00,9.0,Excellent,5.0,Completed
3589.0,15.0,Gbenga Adesina,480.0,2024-08-16 20:22:15.403,12:16:00,1.0,Average,3.0,Completed
3590.0,15.0,Gbenga Adesina,480.0,2024-08-05 20:22:15.403,11:48:00,7.0,Average,3.0,Completed
3591.0,15.0,Gbenga Adesina,480.0,2024-09-06 20:22:15.403,12:49:00,3.0,Poor,2.0,Completed
3592.0,5.0,Obinna Eze,481.0,2024-04-01 20:22:15.403,09:18:00,24.0,Good,4.0,Completed
3593.0,5.0,Obinna Eze,481.0,2024-08-06 20:22:15.403,12:34:00,1.0,Poor,2.0,Completed
3594.0,5.0,Obinna Eze,481.0,2024-09-02 20:22:15.403,18:47:00,14.0,Average,3.0,Completed
3595.0,5.0,Obinna Eze,481.0,2024-12-28 20:22:15.403,17:46:00,10.0,Excellent,5.0,Completed
3596.0,5.0,Obinna Eze,481.0,2024-04-21 20:22:15.403,10:22:00,3.0,Good,4.0,Completed
3597.0,5.0,Obinna Eze,481.0,2024-10-04 20:22:15.403,13:50:00,7.0,Good,4.0,Completed
3598.0,9.0,Ibrahim Danjuma,482.0,2024-06-27 20:22:15.403,15:06:00,26.0,Average,3.0,Completed
3599.0,9.0,Ibrahim Danjuma,482.0,2024-10-28 20:22:15.403,18:59:00,18.0,Poor,2.0,Completed
3600.0,9.0,Ibrahim Danjuma,482.0,2024-06-25 20:22:15.403,15:38:00,25.0,Very Poor,1.0,Completed
3601.0,9.0,Ibrahim Danjuma,482.0,2025-02-14 20:22:15.403,16:49:00,28.0,Poor,2.0,Completed
3602.0,9.0,Ibrahim Danjuma,482.0,2024-10-30 20:22:15.403,10:10:00,11.0,Good,4.0,Completed
3603.0,9.0,Ibrahim Danjuma,482.0,2024-06-04 20:22:15.403,16:40:00,9.0,Excellent,5.0,Completed
3604.0,11.0,Kemi Adebanjo,483.0,2025-01-06 20:22:15.403,14:49:00,6.0,Good,4.0,Completed
3605.0,11.0,Kemi Adebanjo,483.0,2024-08-21 20:22:15.403,10:59:00,1.0,Very Poor,1.0,Completed
3606.0,11.0,Kemi Adebanjo,483.0,2024-07-08 20:22:15.403,09:37:00,13.0,Average,3.0,Completed
3607.0,11.0,Kemi Adebanjo,483.0,2024-07-08 20:22:15.403,16:33:00,5.0,Very Poor,1.0,Completed
3608.0,11.0,Kemi Adebanjo,483.0,2024-07-06 20:22:15.403,13:11:00,17.0,Average,3.0,Completed
3609.0,11.0,Kemi Adebanjo,483.0,2024-12-18 20:22:15.403,12:09:00,25.0,Poor,2.0,Completed
3610.0,11.0,Kemi Adebanjo,483.0,2024-05-11 20:22:15.403,11:53:00,11.0,Excellent,5.0,Completed
3611.0,11.0,Kemi Adebanjo,483.0,2024-11-18 20:22:15.403,08:02:00,26.0,Poor,2.0,Completed
3612.0,11.0,Kemi Adebanjo,483.0,2025-03-06 20:22:15.403,14:01:00,4.0,Average,3.0,Completed
3613.0,15.0,Gbenga Adesina,484.0,2024-05-01 20:22:15.403,17:52:00,4.0,Poor,2.0,Completed
3614.0,15.0,Gbenga Adesina,484.0,2024-11-30 20:22:15.403,18:52:00,18.0,Poor,2.0,Completed
3615.0,15.0,Gbenga Adesina,484.0,2024-09-15 20:22:15.403,13:57:00,29.0,Good,4.0,Completed
3616.0,15.0,Gbenga Adesina,484.0,2025-01-02 20:22:15.403,16:39:00,12.0,Excellent,5.0,Completed
3617.0,15.0,Gbenga Adesina,484.0,2024-03-31 20:22:15.403,18:05:00,2.0,Poor,2.0,Completed
3618.0,15.0,Gbenga Adesina,484.0,2024-12-17 20:22:15.403,09:43:00,24.0,Very Poor,1.0,Completed
3619.0,15.0,Gbenga Adesina,484.0,2024-09-04 20:22:15.403,19:34:00,7.0,Poor,2.0,Completed
3620.0,15.0,Gbenga Adesina,484.0,2024-11-12 20:22:15.403,13:28:00,13.0,Good,4.0,Completed
3621.0,15.0,Gbenga Adesina,484.0,2024-04-08 20:22:15.403,08:31:00,9.0,Poor,2.0,Completed
3622.0,15.0,Gbenga Adesina,484.0,2024-07-10 20:22:15.403,11:45:00,19.0,Excellent,5.0,Completed
3623.0,14.0,Zainab Suleiman,485.0,2024-09-10 20:22:15.403,18:36:00,6.0,Average,3.0,Completed
3624.0,14.0,Zainab Suleiman,485.0,2025-01-25 20:22:15.403,13:01:00,16.0,Very Poor,1.0,Completed
3625.0,14.0,Zainab Suleiman,485.0,2024-09-07 20:22:15.403,12:05:00,1.0,Excellent,5.0,Completed
3626.0,14.0,Zainab Suleiman,485.0,2024-06-13 20:22:15.403,13:18:00,5.0,Poor,2.0,Completed
3627.0,14.0,Zainab Suleiman,485.0,2025-02-07 20:22:15.403,13:06:00,29.0,Poor,2.0,Completed
3628.0,14.0,Zainab Suleiman,485.0,2025-03-03 20:22:15.403,16:21:00,15.0,Excellent,5.0,Completed
3629.0,14.0,Zainab Suleiman,485.0,2024-12-11 20:22:15.403,15:58:00,7.0,Poor,2.0,Completed
3630.0,14.0,Zainab Suleiman,485.0,2024-08-28 20:22:15.403,12:02:00,9.0,Excellent,5.0,Completed
3631.0,14.0,Zainab Suleiman,485.0,2024-09-27 20:22:15.403,15:19:00,13.0,Good,4.0,Completed
3632.0,14.0,Zainab Suleiman,485.0,2024-08-25 20:22:15.403,13:52:00,9.0,Very Poor,1.0,Completed
3633.0,9.0,Ibrahim Danjuma,486.0,2024-05-06 20:22:15.403,13:26:00,25.0,Average,3.0,Completed
3634.0,9.0,Ibrahim Danjuma,486.0,2024-03-25 20:22:15.403,19:34:00,23.0,Good,4.0,Completed
3635.0,9.0,Ibrahim Danjuma,486.0,2024-08-26 20:22:15.403,11:55:00,24.0,Average,3.0,Completed
3636.0,9.0,Ibrahim Danjuma,486.0,2024-10-02 20:22:15.403,11:50:00,23.0,Very Poor,1.0,Completed
3637.0,9.0,Ibrahim Danjuma,486.0,2024-10-15 20:22:15.403,11:27:00,4.0,Very Poor,1.0,Completed
3638.0,9.0,Ibrahim Danjuma,486.0,2024-05-24 20:22:15.403,13:44:00,7.0,Good,4.0,Completed
3639.0,9.0,Ibrahim Danjuma,486.0,2024-11-15 20:22:15.403,17:10:00,18.0,Excellent,5.0,Completed
3640.0,9.0,Ibrahim Danjuma,486.0,2024-10-24 20:22:15.403,11:38:00,17.0,Average,3.0,Completed
3641.0,9.0,Ibrahim Danjuma,486.0,2024-06-24 20:22:15.403,18:38:00,12.0,Very Poor,1.0,Completed
3642.0,9.0,Ibrahim Danjuma,486.0,2024-05-16 20:22:15.403,11:18:00,8.0,Good,4.0,Completed
3643.0,3.0,Tunde Balogun,487.0,2025-02-03 20:22:15.403,10:01:00,22.0,Very Poor,1.0,Completed
3644.0,3.0,Tunde Balogun,487.0,2025-01-01 20:22:15.403,11:48:00,20.0,Average,3.0,Completed
3645.0,3.0,Tunde Balogun,487.0,2024-04-08 20:22:15.403,09:46:00,25.0,Very Poor,1.0,Completed
3646.0,3.0,Tunde Balogun,487.0,2024-12-04 20:22:15.403,17:24:00,9.0,Poor,2.0,Completed
3647.0,3.0,Tunde Balogun,487.0,2024-06-06 20:22:15.403,13:48:00,14.0,Excellent,5.0,Completed
3648.0,19.0,Felix Odion,488.0,2024-05-02 20:22:15.403,11:52:00,23.0,Good,4.0,Completed
3649.0,19.0,Felix Odion,488.0,2024-08-25 20:22:15.403,17:22:00,8.0,Excellent,5.0,Completed
3650.0,19.0,Felix Odion,488.0,2024-07-29 20:22:15.403,15:57:00,20.0,Poor,2.0,Completed
3651.0,19.0,Felix Odion,488.0,2024-04-10 20:22:15.403,11:23:00,17.0,Average,3.0,Completed
3652.0,19.0,Felix Odion,488.0,2024-07-27 20:22:15.403,14:56:00,21.0,Very Poor,1.0,Completed
3653.0,19.0,Felix Odion,488.0,2024-10-24 20:22:15.403,14:04:00,11.0,Excellent,5.0,Completed
3654.0,11.0,Kemi Adebanjo,489.0,2024-05-27 20:22:15.403,12:06:00,9.0,Poor,2.0,Completed
3655.0,11.0,Kemi Adebanjo,489.0,2024-05-29 20:22:15.403,11:00:00,10.0,Excellent,5.0,Completed
3656.0,11.0,Kemi Adebanjo,489.0,2025-02-02 20:22:15.403,12:03:00,20.0,Good,4.0,Completed
3657.0,11.0,Kemi Adebanjo,489.0,2025-01-04 20:22:15.403,16:37:00,12.0,Excellent,5.0,Completed
3658.0,11.0,Kemi Adebanjo,489.0,2024-08-11 20:22:15.403,08:56:00,23.0,Average,3.0,Completed
3659.0,11.0,Kemi Adebanjo,489.0,2024-10-19 20:22:15.403,15:49:00,20.0,Very Poor,1.0,Completed
3660.0,1.0,Emeka Okafor,490.0,2024-10-08 20:22:15.403,10:44:00,14.0,Good,4.0,Completed
3661.0,1.0,Emeka Okafor,490.0,2024-06-26 20:22:15.403,17:43:00,29.0,Good,4.0,Completed
3662.0,1.0,Emeka Okafor,490.0,2024-12-10 20:22:15.403,16:35:00,2.0,Average,3.0,Completed
3663.0,1.0,Emeka Okafor,490.0,2024-04-30 20:22:15.403,15:57:00,6.0,Average,3.0,Completed
3664.0,1.0,Emeka Okafor,490.0,2024-05-17 20:22:15.403,14:05:00,28.0,Excellent,5.0,Completed
3665.0,1.0,Emeka Okafor,490.0,2024-05-31 20:22:15.403,17:38:00,11.0,Very Poor,1.0,Completed
3666.0,1.0,Emeka Okafor,490.0,2024-10-11 20:22:15.403,10:35:00,24.0,Poor,2.0,Completed
3667.0,1.0,Emeka Okafor,490.0,2024-08-21 20:22:15.403,11:48:00,13.0,Average,3.0,Completed
3668.0,1.0,Emeka Okafor,490.0,2024-10-10 20:22:15.403,16:24:00,27.0,Very Poor,1.0,Completed
3669.0,8.0,Ngozi Okonkwo,491.0,2025-01-22 20:22:15.403,11:59:00,22.0,Good,4.0,Completed
3670.0,8.0,Ngozi Okonkwo,491.0,2025-01-21 20:22:15.403,12:42:00,19.0,Poor,2.0,Completed
3671.0,8.0,Ngozi Okonkwo,491.0,2025-02-04 20:22:15.403,19:22:00,12.0,Very Poor,1.0,Completed
3672.0,8.0,Ngozi Okonkwo,491.0,2024-12-10 20:22:15.403,13:10:00,21.0,Excellent,5.0,Completed
3673.0,8.0,Ngozi Okonkwo,491.0,2024-05-03 20:22:15.403,10:18:00,14.0,Good,4.0,Completed
3674.0,8.0,Ngozi Okonkwo,491.0,2025-02-19 20:22:15.403,14:33:00,15.0,Average,3.0,Completed
3675.0,8.0,Ngozi Okonkwo,491.0,2025-01-03 20:22:15.403,19:42:00,10.0,Good,4.0,Completed
3676.0,8.0,Ngozi Okonkwo,491.0,2024-08-08 20:22:15.403,09:32:00,27.0,Poor,2.0,Completed
3677.0,8.0,Ngozi Okonkwo,491.0,2025-01-18 20:22:15.403,08:00:00,12.0,Good,4.0,Completed
3678.0,13.0,Bola Akinwunmi,492.0,2025-01-28 20:22:15.403,11:54:00,28.0,Average,3.0,Completed
3679.0,13.0,Bola Akinwunmi,492.0,2025-02-15 20:22:15.403,17:52:00,14.0,Poor,2.0,Completed
3680.0,13.0,Bola Akinwunmi,492.0,2024-09-12 20:22:15.403,17:34:00,17.0,Poor,2.0,Completed
3681.0,13.0,Bola Akinwunmi,492.0,2024-10-17 20:22:15.403,19:34:00,19.0,Average,3.0,Completed
3682.0,13.0,Bola Akinwunmi,492.0,2024-08-03 20:22:15.403,11:43:00,15.0,Very Poor,1.0,Completed
3683.0,13.0,Bola Akinwunmi,492.0,2024-10-02 20:22:15.403,17:09:00,8.0,Average,3.0,Completed
3684.0,13.0,Bola Akinwunmi,493.0,2025-02-08 20:22:15.403,19:14:00,16.0,Poor,2.0,Completed
3685.0,13.0,Bola Akinwunmi,493.0,2024-06-07 20:22:15.403,17:22:00,11.0,Very Poor,1.0,Completed
3686.0,13.0,Bola Akinwunmi,493.0,2024-08-27 20:22:15.403,14:15:00,3.0,Average,3.0,Completed
3687.0,13.0,Bola Akinwunmi,493.0,2024-09-27 20:22:15.403,08:42:00,26.0,Very Poor,1.0,Completed
3688.0,13.0,Bola Akinwunmi,493.0,2024-08-25 20:22:15.403,11:18:00,4.0,Average,3.0,Completed
3689.0,13.0,Bola Akinwunmi,493.0,2024-11-10 20:22:15.403,19:42:00,3.0,Good,4.0,Completed
3690.0,13.0,Bola Akinwunmi,493.0,2024-12-10 20:22:15.403,13:08:00,23.0,Excellent,5.0,Completed
3691.0,8.0,Ngozi Okonkwo,494.0,2025-02-16 20:22:15.403,19:23:00,26.0,Excellent,5.0,Completed
3692.0,8.0,Ngozi Okonkwo,494.0,2024-05-14 20:22:15.403,09:08:00,12.0,Excellent,5.0,Completed
3693.0,8.0,Ngozi Okonkwo,494.0,2024-06-04 20:22:15.403,17:08:00,29.0,Average,3.0,Completed
3694.0,8.0,Ngozi Okonkwo,494.0,2024-09-30 20:22:15.403,18:53:00,17.0,Average,3.0,Completed
3695.0,8.0,Ngozi Okonkwo,494.0,2024-09-21 20:22:15.403,14:38:00,7.0,Poor,2.0,Completed
3696.0,8.0,Ngozi Okonkwo,494.0,2024-06-11 20:22:15.403,17:01:00,16.0,Excellent,5.0,Completed
3697.0,8.0,Ngozi Okonkwo,494.0,2025-01-30 20:22:15.403,10:21:00,4.0,Very Poor,1.0,Completed
3698.0,8.0,Ngozi Okonkwo,494.0,2024-10-20 20:22:15.403,19:24:00,10.0,Poor,2.0,Completed
3699.0,8.0,Ngozi Okonkwo,494.0,2024-11-15 20:22:15.403,14:18:00,28.0,Average,3.0,Completed
3700.0,11.0,Kemi Adebanjo,495.0,2025-01-11 20:22:15.403,11:31:00,27.0,Excellent,5.0,Completed
3701.0,11.0,Kemi Adebanjo,495.0,2024-11-04 20:22:15.403,10:27:00,21.0,Good,4.0,Completed
3702.0,11.0,Kemi Adebanjo,495.0,2024-10-19 20:22:15.403,10:06:00,4.0,Very Poor,1.0,Completed
3703.0,11.0,Kemi Adebanjo,495.0,2024-11-21 20:22:15.403,08:54:00,20.0,Good,4.0,Completed
3704.0,11.0,Kemi Adebanjo,495.0,2025-02-12 20:22:15.403,13:29:00,4.0,Excellent,5.0,Completed
3705.0,11.0,Kemi Adebanjo,495.0,2024-04-06 20:22:15.403,14:21:00,2.0,Average,3.0,Completed
3706.0,11.0,Kemi Adebanjo,495.0,2024-11-21 20:22:15.403,09:44:00,25.0,Very Poor,1.0,Completed
3707.0,11.0,Kemi Adebanjo,495.0,2024-12-03 20:22:15.403,18:24:00,8.0,Poor,2.0,Completed
3708.0,11.0,Kemi Adebanjo,495.0,2024-07-26 20:22:15.403,09:16:00,22.0,Very Poor,1.0,Completed
3709.0,11.0,Kemi Adebanjo,495.0,2024-05-15 20:22:15.403,11:51:00,24.0,Average,3.0,Completed
3710.0,5.0,Obinna Eze,496.0,2024-05-29 20:22:15.403,14:51:00,15.0,Average,3.0,Completed
3711.0,5.0,Obinna Eze,496.0,2024-05-24 20:22:15.403,09:07:00,3.0,Excellent,5.0,Completed
3712.0,5.0,Obinna Eze,496.0,2025-01-14 20:22:15.403,08:35:00,15.0,Very Poor,1.0,Completed
3713.0,5.0,Obinna Eze,496.0,2024-04-17 20:22:15.403,09:41:00,5.0,Poor,2.0,Completed
3714.0,5.0,Obinna Eze,496.0,2024-12-03 20:22:15.403,10:16:00,10.0,Very Poor,1.0,Completed
3715.0,5.0,Obinna Eze,496.0,2025-01-08 20:22:15.403,08:00:00,4.0,Poor,2.0,Completed
3716.0,5.0,Obinna Eze,496.0,2024-09-03 20:22:15.403,11:37:00,26.0,Good,4.0,Completed
3717.0,5.0,Obinna Eze,496.0,2024-12-29 20:22:15.403,16:11:00,26.0,Good,4.0,Completed
3718.0,5.0,Obinna Eze,496.0,2024-11-11 20:22:15.403,08:15:00,10.0,Average,3.0,Completed
3719.0,5.0,Obinna Eze,496.0,2024-05-05 20:22:15.403,09:51:00,20.0,Excellent,5.0,Completed
3720.0,4.0,Aisha Mohammed,497.0,2025-02-21 20:22:15.403,19:03:00,24.0,Average,3.0,Completed
3721.0,4.0,Aisha Mohammed,497.0,2024-06-15 20:22:15.403,16:22:00,5.0,Good,4.0,Completed
3722.0,4.0,Aisha Mohammed,497.0,2024-07-16 20:22:15.403,12:47:00,12.0,Excellent,5.0,Completed
3723.0,4.0,Aisha Mohammed,497.0,2025-02-08 20:22:15.403,13:02:00,22.0,Excellent,5.0,Completed
3724.0,4.0,Aisha Mohammed,497.0,2024-06-15 20:22:15.403,10:53:00,12.0,Good,4.0,Completed
3725.0,4.0,Aisha Mohammed,497.0,2024-09-01 20:22:15.403,13:08:00,2.0,Very Poor,1.0,Completed
3726.0,4.0,Aisha Mohammed,497.0,2024-10-05 20:22:15.403,17:43:00,5.0,Average,3.0,Completed
3727.0,4.0,Aisha Mohammed,497.0,2024-05-19 20:22:15.403,16:13:00,23.0,Poor,2.0,Completed
3728.0,4.0,Aisha Mohammed,497.0,2025-02-05 20:22:15.403,18:24:00,15.0,Very Poor,1.0,Completed
3729.0,3.0,Tunde Balogun,498.0,2024-05-22 20:22:15.403,14:03:00,1.0,Average,3.0,Completed
3730.0,3.0,Tunde Balogun,498.0,2024-09-19 20:22:15.403,10:15:00,9.0,Poor,2.0,Completed
3731.0,3.0,Tunde Balogun,498.0,2025-03-02 20:22:15.403,19:40:00,18.0,Average,3.0,Completed
3732.0,3.0,Tunde Balogun,498.0,2024-11-06 20:22:15.403,14:14:00,9.0,Poor,2.0,Completed
3733.0,3.0,Tunde Balogun,498.0,2024-09-22 20:22:15.403,09:06:00,28.0,Poor,2.0,Completed
3734.0,13.0,Bola Akinwunmi,499.0,2024-09-09 20:22:15.403,08:03:00,28.0,Very Poor,1.0,Completed
3735.0,13.0,Bola Akinwunmi,499.0,2025-03-03 20:22:15.403,10:04:00,16.0,Poor,2.0,Completed
3736.0,13.0,Bola Akinwunmi,499.0,2024-07-22 20:22:15.403,13:17:00,5.0,Good,4.0,Completed
3737.0,13.0,Bola Akinwunmi,499.0,2024-07-22 20:22:15.403,15:49:00,27.0,Excellent,5.0,Completed
3738.0,13.0,Bola Akinwunmi,499.0,2025-02-26 20:22:15.403,12:19:00,8.0,Poor,2.0,Completed
3739.0,13.0,Bola Akinwunmi,499.0,2024-04-03 20:22:15.403,08:44:00,16.0,Good,4.0,Completed
3740.0,13.0,Bola Akinwunmi,499.0,2024-04-19 20:22:15.403,12:35:00,11.0,Good,4.0,Completed
3741.0,13.0,Bola Akinwunmi,499.0,2024-11-29 20:22:15.403,15:55:00,10.0,Very Poor,1.0,Completed
3742.0,13.0,Bola Akinwunmi,499.0,2024-10-02 20:22:15.403,11:02:00,27.0,Average,3.0,Completed
3743.0,13.0,Bola Akinwunmi,499.0,2024-03-09 20:22:15.403,12:43:00,28.0,Average,3.0,Completed
3744.0,15.0,Gbenga Adesina,500.0,2024-09-08 20:22:15.403,15:28:00,13.0,Good,4.0,Completed
3745.0,15.0,Gbenga Adesina,500.0,2024-10-23 20:22:15.403,17:36:00,2.0,Very Poor,1.0,Completed
3746.0,15.0,Gbenga Adesina,500.0,2024-05-26 20:22:15.403,11:13:00,19.0,Very Poor,1.0,Completed
3747.0,15.0,Gbenga Adesina,500.0,2024-11-04 20:22:15.403,18:42:00,3.0,Poor,2.0,Completed
3748.0,15.0,Gbenga Adesina,500.0,2025-02-18 20:22:15.403,12:59:00,20.0,Very Poor,1.0,Completed
3749.0,15.0,Gbenga Adesina,500.0,2024-03-24 20:22:15.403,11:21:00,24.0,Poor,2.0,Completed
3750.0,15.0,Gbenga Adesina,500.0,2025-02-18 20:22:15.403,11:47:00,10.0,Average,3.0,Completed
3751.0,15.0,Gbenga Adesina,500.0,2024-05-26 20:22:15.403,08:38:00,25.0,Poor,2.0,Completed
3752.0,1.0,Emeka Okafor,501.0,2024-03-19 20:22:15.403,18:03:00,18.0,Good,4.0,Completed
3753.0,1.0,Emeka Okafor,501.0,2024-04-26 20:22:15.403,13:39:00,19.0,Good,4.0,Completed
3754.0,1.0,Emeka Okafor,501.0,2024-04-26 20:22:15.403,14:55:00,28.0,Average,3.0,Completed
3755.0,1.0,Emeka Okafor,501.0,2024-10-20 20:22:15.403,09:16:00,15.0,Average,3.0,Completed
3756.0,1.0,Emeka Okafor,501.0,2024-08-05 20:22:15.403,08:54:00,25.0,Average,3.0,Completed
3757.0,6.0,Funke Adeyemi,502.0,2024-07-06 20:22:15.403,13:42:00,20.0,Poor,2.0,Completed
3758.0,6.0,Funke Adeyemi,502.0,2024-12-26 20:22:15.403,12:31:00,18.0,Very Poor,1.0,Completed
3759.0,6.0,Funke Adeyemi,502.0,2024-09-19 20:22:15.403,15:15:00,15.0,Very Poor,1.0,Completed
3760.0,6.0,Funke Adeyemi,502.0,2024-06-11 20:22:15.403,19:09:00,17.0,Very Poor,1.0,Completed
3761.0,6.0,Funke Adeyemi,502.0,2025-01-05 20:22:15.403,18:09:00,13.0,Average,3.0,Completed
3762.0,6.0,Funke Adeyemi,502.0,2024-03-20 20:22:15.403,10:35:00,5.0,Poor,2.0,Completed
3763.0,13.0,Bola Akinwunmi,503.0,2024-05-16 20:22:15.403,08:11:00,11.0,Excellent,5.0,Completed
3764.0,13.0,Bola Akinwunmi,503.0,2024-07-04 20:22:15.403,17:38:00,1.0,Excellent,5.0,Completed
3765.0,13.0,Bola Akinwunmi,503.0,2025-01-29 20:22:15.403,16:29:00,28.0,Poor,2.0,Completed
3766.0,13.0,Bola Akinwunmi,503.0,2024-04-17 20:22:15.403,13:19:00,25.0,Average,3.0,Completed
3767.0,13.0,Bola Akinwunmi,503.0,2025-01-12 20:22:15.403,12:10:00,20.0,Good,4.0,Completed
3768.0,13.0,Bola Akinwunmi,503.0,2024-05-16 20:22:15.403,11:26:00,14.0,Good,4.0,Completed
3769.0,13.0,Bola Akinwunmi,503.0,2024-05-03 20:22:15.403,13:34:00,12.0,Average,3.0,Completed
3770.0,13.0,Bola Akinwunmi,503.0,2024-07-17 20:22:15.403,11:16:00,13.0,Average,3.0,Completed
3771.0,17.0,Rasheed Lawal,504.0,2024-05-04 20:22:15.403,17:19:00,25.0,Good,4.0,Completed
3772.0,17.0,Rasheed Lawal,504.0,2024-05-04 20:22:15.403,12:24:00,15.0,Very Poor,1.0,Completed
3773.0,17.0,Rasheed Lawal,504.0,2024-10-08 20:22:15.403,14:45:00,3.0,Excellent,5.0,Completed
3774.0,17.0,Rasheed Lawal,504.0,2024-03-29 20:22:15.403,11:59:00,1.0,Good,4.0,Completed
3775.0,17.0,Rasheed Lawal,504.0,2025-01-15 20:22:15.403,17:08:00,10.0,Average,3.0,Completed
3776.0,17.0,Rasheed Lawal,504.0,2025-02-04 20:22:15.403,10:04:00,1.0,Average,3.0,Completed
3777.0,17.0,Rasheed Lawal,504.0,2024-12-23 20:22:15.403,18:44:00,28.0,Very Poor,1.0,Completed
3778.0,17.0,Rasheed Lawal,504.0,2024-07-22 20:22:15.403,08:12:00,11.0,Good,4.0,Completed
3779.0,17.0,Rasheed Lawal,504.0,2024-08-03 20:22:15.403,10:49:00,29.0,Very Poor,1.0,Completed
3780.0,17.0,Rasheed Lawal,504.0,2024-08-25 20:22:15.403,17:58:00,7.0,Excellent,5.0,Completed
3781.0,2.0,Chioma Nwosu,505.0,2024-10-09 20:22:15.403,15:49:00,25.0,Poor,2.0,Completed
3782.0,2.0,Chioma Nwosu,505.0,2024-04-09 20:22:15.403,18:18:00,13.0,Average,3.0,Completed
3783.0,2.0,Chioma Nwosu,505.0,2024-06-29 20:22:15.403,08:56:00,8.0,Very Poor,1.0,Completed
3784.0,2.0,Chioma Nwosu,505.0,2024-11-10 20:22:15.403,13:36:00,3.0,Excellent,5.0,Completed
3785.0,2.0,Chioma Nwosu,505.0,2024-12-06 20:22:15.403,09:17:00,3.0,Poor,2.0,Completed
3786.0,2.0,Chioma Nwosu,505.0,2024-05-10 20:22:15.403,11:16:00,22.0,Good,4.0,Completed
3787.0,5.0,Obinna Eze,506.0,2024-08-20 20:22:15.403,14:31:00,28.0,Average,3.0,Completed
3788.0,5.0,Obinna Eze,506.0,2024-06-21 20:22:15.403,14:47:00,13.0,Average,3.0,Completed
3789.0,5.0,Obinna Eze,506.0,2024-04-05 20:22:15.403,13:05:00,29.0,Excellent,5.0,Completed
3790.0,5.0,Obinna Eze,506.0,2024-11-12 20:22:15.403,17:00:00,1.0,Poor,2.0,Completed
3791.0,5.0,Obinna Eze,506.0,2025-02-14 20:22:15.403,11:33:00,14.0,Average,3.0,Completed
3792.0,5.0,Obinna Eze,506.0,2024-03-31 20:22:15.403,16:31:00,13.0,Excellent,5.0,Completed
3793.0,5.0,Obinna Eze,506.0,2024-12-16 20:22:15.403,08:08:00,29.0,Poor,2.0,Completed
3794.0,5.0,Obinna Eze,506.0,2024-11-25 20:22:15.403,18:05:00,6.0,Excellent,5.0,Completed
3795.0,3.0,Tunde Balogun,507.0,2024-12-25 20:22:15.403,08:09:00,12.0,Poor,2.0,Completed
3796.0,3.0,Tunde Balogun,507.0,2024-06-28 20:22:15.403,12:14:00,25.0,Good,4.0,Completed
3797.0,3.0,Tunde Balogun,507.0,2024-09-03 20:22:15.403,09:37:00,26.0,Good,4.0,Completed
3798.0,3.0,Tunde Balogun,507.0,2024-10-01 20:22:15.403,15:09:00,16.0,Good,4.0,Completed
3799.0,3.0,Tunde Balogun,507.0,2024-07-25 20:22:15.403,12:19:00,2.0,Poor,2.0,Completed
3800.0,3.0,Tunde Balogun,507.0,2024-11-24 20:22:15.403,17:46:00,10.0,Average,3.0,Completed
3801.0,3.0,Tunde Balogun,507.0,2024-10-08 20:22:15.403,13:08:00,14.0,Very Poor,1.0,Completed
3802.0,14.0,Zainab Suleiman,508.0,2024-06-05 20:22:15.403,13:30:00,10.0,Average,3.0,Completed
3803.0,14.0,Zainab Suleiman,508.0,2025-03-06 20:22:15.403,11:31:00,5.0,Poor,2.0,Completed
3804.0,14.0,Zainab Suleiman,508.0,2024-08-17 20:22:15.403,18:39:00,12.0,Very Poor,1.0,Completed
3805.0,14.0,Zainab Suleiman,508.0,2024-03-17 20:22:15.403,11:59:00,12.0,Good,4.0,Completed
3806.0,14.0,Zainab Suleiman,508.0,2024-04-26 20:22:15.403,15:52:00,5.0,Excellent,5.0,Completed
3807.0,14.0,Zainab Suleiman,508.0,2024-09-10 20:22:15.403,16:04:00,12.0,Poor,2.0,Completed
3808.0,2.0,Chioma Nwosu,509.0,2025-02-11 20:22:15.403,17:07:00,17.0,Good,4.0,Completed
3809.0,2.0,Chioma Nwosu,509.0,2025-01-10 20:22:15.403,09:53:00,5.0,Poor,2.0,Completed
3810.0,2.0,Chioma Nwosu,509.0,2024-06-13 20:22:15.403,19:30:00,2.0,Excellent,5.0,Completed
3811.0,2.0,Chioma Nwosu,509.0,2024-04-23 20:22:15.403,08:31:00,29.0,Very Poor,1.0,Completed
3812.0,2.0,Chioma Nwosu,509.0,2024-06-23 20:22:15.403,13:56:00,19.0,Very Poor,1.0,Completed
3813.0,2.0,Chioma Nwosu,509.0,2025-01-12 20:22:15.403,15:35:00,16.0,Average,3.0,Completed
3814.0,2.0,Chioma Nwosu,509.0,2024-08-05 20:22:15.403,14:15:00,15.0,Good,4.0,Completed
3815.0,2.0,Chioma Nwosu,509.0,2024-03-26 20:22:15.403,19:46:00,2.0,Good,4.0,Completed
3816.0,2.0,Chioma Nwosu,509.0,2024-05-19 20:22:15.403,16:55:00,14.0,Good,4.0,Completed
3817.0,3.0,Tunde Balogun,510.0,2024-06-06 20:22:15.403,17:50:00,21.0,Very Poor,1.0,Completed
3818.0,3.0,Tunde Balogun,510.0,2024-06-15 20:22:15.403,19:57:00,25.0,Good,4.0,Completed
3819.0,3.0,Tunde Balogun,510.0,2025-02-22 20:22:15.403,18:05:00,8.0,Average,3.0,Completed
3820.0,3.0,Tunde Balogun,510.0,2024-03-29 20:22:15.403,12:11:00,23.0,Good,4.0,Completed
3821.0,3.0,Tunde Balogun,510.0,2024-09-29 20:22:15.403,13:08:00,20.0,Good,4.0,Completed
3822.0,3.0,Tunde Balogun,510.0,2024-09-20 20:22:15.403,09:31:00,24.0,Average,3.0,Completed
3823.0,3.0,Tunde Balogun,510.0,2024-03-15 20:22:15.403,19:16:00,25.0,Very Poor,1.0,Completed
3824.0,3.0,Tunde Balogun,511.0,2025-01-28 20:22:15.403,09:59:00,8.0,Good,4.0,Completed
3825.0,3.0,Tunde Balogun,511.0,2024-10-16 20:22:15.403,18:24:00,17.0,Poor,2.0,Completed
3826.0,3.0,Tunde Balogun,511.0,2024-04-26 20:22:15.403,16:19:00,16.0,Excellent,5.0,Completed
3827.0,3.0,Tunde Balogun,511.0,2024-04-14 20:22:15.403,15:59:00,9.0,Good,4.0,Completed
3828.0,3.0,Tunde Balogun,511.0,2025-01-05 20:22:15.403,15:39:00,1.0,Excellent,5.0,Completed
3829.0,3.0,Tunde Balogun,511.0,2024-10-14 20:22:15.403,12:33:00,26.0,Good,4.0,Completed
3830.0,3.0,Tunde Balogun,511.0,2025-02-07 20:22:15.403,08:59:00,21.0,Excellent,5.0,Completed
3831.0,3.0,Tunde Balogun,511.0,2024-06-15 20:22:15.403,18:18:00,7.0,Average,3.0,Completed
3832.0,3.0,Tunde Balogun,511.0,2024-04-17 20:22:15.403,17:49:00,7.0,Poor,2.0,Completed
3833.0,12.0,Yakubu Bello,512.0,2024-05-03 20:22:15.403,12:18:00,10.0,Very Poor,1.0,Completed
3834.0,12.0,Yakubu Bello,512.0,2024-08-16 20:22:15.403,08:56:00,6.0,Average,3.0,Completed
3835.0,12.0,Yakubu Bello,512.0,2024-05-28 20:22:15.403,16:00:00,23.0,Average,3.0,Completed
3836.0,12.0,Yakubu Bello,512.0,2025-02-16 20:22:15.403,19:53:00,6.0,Very Poor,1.0,Completed
3837.0,12.0,Yakubu Bello,512.0,2024-03-16 20:22:15.403,13:39:00,14.0,Average,3.0,Completed
3838.0,4.0,Aisha Mohammed,513.0,2024-06-08 20:22:15.403,08:22:00,14.0,Poor,2.0,Completed
3839.0,4.0,Aisha Mohammed,513.0,2025-02-20 20:22:15.403,18:46:00,29.0,Excellent,5.0,Completed
3840.0,4.0,Aisha Mohammed,513.0,2024-11-29 20:22:15.403,13:36:00,15.0,Excellent,5.0,Completed
3841.0,4.0,Aisha Mohammed,513.0,2024-08-30 20:22:15.403,16:34:00,19.0,Very Poor,1.0,Completed
3842.0,4.0,Aisha Mohammed,513.0,2024-09-13 20:22:15.403,13:21:00,28.0,Average,3.0,Completed
3843.0,4.0,Aisha Mohammed,513.0,2024-05-07 20:22:15.403,08:16:00,21.0,Excellent,5.0,Completed
3844.0,4.0,Aisha Mohammed,513.0,2024-03-10 20:22:15.403,15:22:00,27.0,Good,4.0,Completed
3845.0,4.0,Aisha Mohammed,513.0,2024-07-23 20:22:15.403,09:25:00,16.0,Excellent,5.0,Completed
3846.0,4.0,Aisha Mohammed,513.0,2025-02-24 20:22:15.403,10:37:00,18.0,Very Poor,1.0,Completed
3847.0,20.0,Adewale Ogunleye,514.0,2024-04-26 20:22:15.403,18:50:00,10.0,Excellent,5.0,Completed
3848.0,20.0,Adewale Ogunleye,514.0,2024-08-05 20:22:15.403,12:26:00,21.0,Average,3.0,Completed
3849.0,20.0,Adewale Ogunleye,514.0,2025-01-06 20:22:15.403,13:08:00,18.0,Good,4.0,Completed
3850.0,20.0,Adewale Ogunleye,514.0,2024-06-05 20:22:15.403,10:02:00,28.0,Poor,2.0,Completed
3851.0,20.0,Adewale Ogunleye,514.0,2024-07-24 20:22:15.403,19:24:00,6.0,Average,3.0,Completed
3852.0,20.0,Adewale Ogunleye,514.0,2025-02-03 20:22:15.403,14:11:00,28.0,Very Poor,1.0,Completed
3853.0,20.0,Adewale Ogunleye,514.0,2024-06-25 20:22:15.403,09:14:00,8.0,Average,3.0,Completed
3854.0,20.0,Adewale Ogunleye,514.0,2024-03-15 20:22:15.403,15:18:00,16.0,Poor,2.0,Completed
3855.0,20.0,Adewale Ogunleye,514.0,2024-11-05 20:22:15.403,11:24:00,25.0,Poor,2.0,Completed
3856.0,11.0,Kemi Adebanjo,515.0,2024-05-04 20:22:15.403,08:06:00,3.0,Excellent,5.0,Completed
3857.0,11.0,Kemi Adebanjo,515.0,2024-10-01 20:22:15.403,17:48:00,19.0,Very Poor,1.0,Completed
3858.0,11.0,Kemi Adebanjo,515.0,2024-09-28 20:22:15.403,13:55:00,14.0,Excellent,5.0,Completed
3859.0,11.0,Kemi Adebanjo,515.0,2024-11-29 20:22:15.403,11:00:00,8.0,Very Poor,1.0,Completed
3860.0,11.0,Kemi Adebanjo,515.0,2024-05-19 20:22:15.403,15:39:00,16.0,Good,4.0,Completed
3861.0,11.0,Kemi Adebanjo,515.0,2024-06-25 20:22:15.403,09:42:00,8.0,Very Poor,1.0,Completed
3862.0,11.0,Kemi Adebanjo,515.0,2024-09-29 20:22:15.403,13:11:00,13.0,Poor,2.0,Completed
3863.0,11.0,Kemi Adebanjo,515.0,2024-07-11 20:22:15.403,14:33:00,9.0,Excellent,5.0,Completed
3864.0,9.0,Ibrahim Danjuma,516.0,2024-09-30 20:22:15.403,19:05:00,5.0,Good,4.0,Completed
3865.0,9.0,Ibrahim Danjuma,516.0,2025-03-01 20:22:15.403,08:54:00,12.0,Excellent,5.0,Completed
3866.0,9.0,Ibrahim Danjuma,516.0,2025-03-07 20:22:15.403,17:45:00,22.0,Average,3.0,Completed
3867.0,9.0,Ibrahim Danjuma,516.0,2024-06-05 20:22:15.403,08:54:00,18.0,Average,3.0,Completed
3868.0,9.0,Ibrahim Danjuma,516.0,2024-07-12 20:22:15.403,12:01:00,18.0,Excellent,5.0,Completed
3869.0,9.0,Ibrahim Danjuma,516.0,2024-09-23 20:22:15.403,09:08:00,8.0,Good,4.0,Completed
3870.0,4.0,Aisha Mohammed,517.0,2024-06-16 20:22:15.403,08:04:00,20.0,Excellent,5.0,Completed
3871.0,4.0,Aisha Mohammed,517.0,2024-04-03 20:22:15.403,13:15:00,27.0,Good,4.0,Completed
3872.0,4.0,Aisha Mohammed,517.0,2025-01-02 20:22:15.403,11:18:00,7.0,Excellent,5.0,Completed
3873.0,4.0,Aisha Mohammed,517.0,2024-05-20 20:22:15.403,15:09:00,19.0,Very Poor,1.0,Completed
3874.0,4.0,Aisha Mohammed,517.0,2024-10-28 20:22:15.403,10:09:00,2.0,Excellent,5.0,Completed
3875.0,19.0,Felix Odion,518.0,2024-11-22 20:22:15.403,11:01:00,21.0,Good,4.0,Completed
3876.0,19.0,Felix Odion,518.0,2024-10-25 20:22:15.403,10:51:00,21.0,Excellent,5.0,Completed
3877.0,19.0,Felix Odion,518.0,2024-10-01 20:22:15.403,13:35:00,25.0,Excellent,5.0,Completed
3878.0,19.0,Felix Odion,518.0,2024-08-22 20:22:15.403,16:53:00,16.0,Very Poor,1.0,Completed
3879.0,19.0,Felix Odion,518.0,2025-02-12 20:22:15.403,15:05:00,23.0,Excellent,5.0,Completed
3880.0,19.0,Felix Odion,518.0,2024-11-04 20:22:15.403,13:30:00,3.0,Very Poor,1.0,Completed
3881.0,19.0,Felix Odion,518.0,2024-03-30 20:22:15.403,12:10:00,20.0,Excellent,5.0,Completed
3882.0,19.0,Felix Odion,518.0,2024-03-24 20:22:15.403,14:17:00,4.0,Average,3.0,Completed
3883.0,20.0,Adewale Ogunleye,519.0,2024-07-11 20:22:15.403,12:48:00,2.0,Average,3.0,Completed
3884.0,20.0,Adewale Ogunleye,519.0,2024-03-22 20:22:15.403,08:49:00,19.0,Good,4.0,Completed
3885.0,20.0,Adewale Ogunleye,519.0,2024-08-07 20:22:15.403,14:57:00,27.0,Excellent,5.0,Completed
3886.0,20.0,Adewale Ogunleye,519.0,2024-11-06 20:22:15.403,15:24:00,19.0,Very Poor,1.0,Completed
3887.0,20.0,Adewale Ogunleye,519.0,2025-01-09 20:22:15.403,15:54:00,27.0,Good,4.0,Completed
3888.0,20.0,Adewale Ogunleye,519.0,2024-06-15 20:22:15.403,15:44:00,14.0,Average,3.0,Completed
3889.0,18.0,Amaka Obi,520.0,2024-09-24 20:22:15.403,13:33:00,5.0,Very Poor,1.0,Completed
3890.0,18.0,Amaka Obi,520.0,2024-09-30 20:22:15.403,10:53:00,26.0,Good,4.0,Completed
3891.0,18.0,Amaka Obi,520.0,2024-04-30 20:22:15.403,19:32:00,21.0,Very Poor,1.0,Completed
3892.0,18.0,Amaka Obi,520.0,2024-11-07 20:22:15.403,12:45:00,19.0,Excellent,5.0,Completed
3893.0,18.0,Amaka Obi,520.0,2024-07-11 20:22:15.403,13:58:00,5.0,Good,4.0,Completed
3894.0,8.0,Ngozi Okonkwo,521.0,2024-05-12 20:22:15.403,08:17:00,8.0,Good,4.0,Completed
3895.0,8.0,Ngozi Okonkwo,521.0,2024-10-02 20:22:15.403,18:27:00,8.0,Excellent,5.0,Completed
3896.0,8.0,Ngozi Okonkwo,521.0,2024-12-21 20:22:15.403,11:24:00,1.0,Poor,2.0,Completed
3897.0,8.0,Ngozi Okonkwo,521.0,2024-07-19 20:22:15.403,12:19:00,18.0,Average,3.0,Completed
3898.0,8.0,Ngozi Okonkwo,521.0,2024-08-28 20:22:15.403,11:30:00,26.0,Very Poor,1.0,Completed
3899.0,8.0,Ngozi Okonkwo,521.0,2024-11-10 20:22:15.403,19:30:00,5.0,Very Poor,1.0,Completed
3900.0,8.0,Ngozi Okonkwo,521.0,2024-09-10 20:22:15.403,17:34:00,16.0,Good,4.0,Completed
3901.0,8.0,Ngozi Okonkwo,521.0,2024-04-03 20:22:15.403,18:28:00,13.0,Excellent,5.0,Completed
3902.0,8.0,Ngozi Okonkwo,521.0,2024-10-30 20:22:15.403,10:13:00,2.0,Poor,2.0,Completed
3903.0,8.0,Ngozi Okonkwo,521.0,2025-02-21 20:22:15.403,08:09:00,14.0,Excellent,5.0,Completed
3904.0,6.0,Funke Adeyemi,522.0,2024-12-18 20:22:15.403,08:04:00,16.0,Good,4.0,Completed
3905.0,6.0,Funke Adeyemi,522.0,2025-01-04 20:22:15.403,16:49:00,13.0,Very Poor,1.0,Completed
3906.0,6.0,Funke Adeyemi,522.0,2024-11-10 20:22:15.403,08:27:00,13.0,Excellent,5.0,Completed
3907.0,6.0,Funke Adeyemi,522.0,2024-10-25 20:22:15.403,17:25:00,3.0,Very Poor,1.0,Completed
3908.0,6.0,Funke Adeyemi,522.0,2024-03-29 20:22:15.403,08:35:00,19.0,Excellent,5.0,Completed
3909.0,6.0,Funke Adeyemi,522.0,2024-10-15 20:22:15.403,09:47:00,3.0,Excellent,5.0,Completed
3910.0,6.0,Funke Adeyemi,522.0,2024-06-26 20:22:15.403,16:09:00,14.0,Good,4.0,Completed
3911.0,6.0,Funke Adeyemi,522.0,2025-01-23 20:22:15.403,17:00:00,15.0,Excellent,5.0,Completed
3912.0,13.0,Bola Akinwunmi,523.0,2024-11-08 20:22:15.403,19:45:00,11.0,Poor,2.0,Completed
3913.0,13.0,Bola Akinwunmi,523.0,2025-02-26 20:22:15.403,12:14:00,8.0,Good,4.0,Completed
3914.0,13.0,Bola Akinwunmi,523.0,2024-07-31 20:22:15.403,08:34:00,14.0,Poor,2.0,Completed
3915.0,13.0,Bola Akinwunmi,523.0,2025-01-16 20:22:15.403,18:06:00,9.0,Average,3.0,Completed
3916.0,13.0,Bola Akinwunmi,523.0,2024-12-25 20:22:15.403,10:52:00,15.0,Good,4.0,Completed
3917.0,13.0,Bola Akinwunmi,523.0,2024-11-29 20:22:15.403,18:41:00,5.0,Poor,2.0,Completed
3918.0,13.0,Bola Akinwunmi,523.0,2024-11-30 20:22:15.403,17:39:00,13.0,Good,4.0,Completed
3919.0,13.0,Bola Akinwunmi,523.0,2025-01-23 20:22:15.403,17:11:00,16.0,Very Poor,1.0,Completed
3920.0,3.0,Tunde Balogun,524.0,2024-06-13 20:22:15.403,08:32:00,24.0,Very Poor,1.0,Completed
3921.0,3.0,Tunde Balogun,524.0,2025-02-12 20:22:15.403,17:23:00,14.0,Excellent,5.0,Completed
3922.0,3.0,Tunde Balogun,524.0,2025-01-31 20:22:15.403,12:06:00,28.0,Average,3.0,Completed
3923.0,3.0,Tunde Balogun,524.0,2024-11-23 20:22:15.403,09:00:00,3.0,Excellent,5.0,Completed
3924.0,3.0,Tunde Balogun,524.0,2024-12-30 20:22:15.403,16:23:00,10.0,Poor,2.0,Completed
3925.0,3.0,Tunde Balogun,524.0,2024-05-03 20:22:15.403,12:35:00,11.0,Average,3.0,Completed
3926.0,3.0,Tunde Balogun,524.0,2024-03-11 20:22:15.403,14:07:00,6.0,Excellent,5.0,Completed
3927.0,3.0,Tunde Balogun,524.0,2024-12-03 20:22:15.403,11:48:00,18.0,Very Poor,1.0,Completed
3928.0,3.0,Tunde Balogun,524.0,2024-05-25 20:22:15.403,13:58:00,2.0,Very Poor,1.0,Completed
3929.0,3.0,Tunde Balogun,524.0,2025-02-23 20:22:15.403,11:34:00,2.0,Good,4.0,Completed
3930.0,4.0,Aisha Mohammed,525.0,2024-08-12 20:22:15.403,11:25:00,10.0,Excellent,5.0,Completed
3931.0,4.0,Aisha Mohammed,525.0,2024-12-07 20:22:15.403,09:49:00,14.0,Poor,2.0,Completed
3932.0,4.0,Aisha Mohammed,525.0,2024-07-02 20:22:15.403,15:26:00,13.0,Poor,2.0,Completed
3933.0,4.0,Aisha Mohammed,525.0,2024-12-29 20:22:15.403,10:53:00,10.0,Average,3.0,Completed
3934.0,4.0,Aisha Mohammed,525.0,2024-11-26 20:22:15.403,17:33:00,22.0,Good,4.0,Completed
3935.0,4.0,Aisha Mohammed,525.0,2024-09-03 20:22:15.403,17:14:00,18.0,Average,3.0,Completed
3936.0,4.0,Aisha Mohammed,525.0,2024-12-18 20:22:15.403,16:35:00,16.0,Poor,2.0,Completed
3937.0,4.0,Aisha Mohammed,525.0,2024-09-14 20:22:15.403,09:23:00,8.0,Average,3.0,Completed
3938.0,4.0,Aisha Mohammed,525.0,2024-03-13 20:22:15.403,16:22:00,6.0,Average,3.0,Completed
3939.0,15.0,Gbenga Adesina,526.0,2024-04-08 20:22:15.403,08:48:00,28.0,Good,4.0,Completed
3940.0,15.0,Gbenga Adesina,526.0,2024-09-10 20:22:15.403,17:31:00,18.0,Good,4.0,Completed
3941.0,15.0,Gbenga Adesina,526.0,2024-04-01 20:22:15.403,14:31:00,4.0,Good,4.0,Completed
3942.0,15.0,Gbenga Adesina,526.0,2024-07-04 20:22:15.403,09:49:00,5.0,Good,4.0,Completed
3943.0,15.0,Gbenga Adesina,526.0,2025-02-04 20:22:15.403,14:19:00,16.0,Good,4.0,Completed
3944.0,15.0,Gbenga Adesina,526.0,2024-05-30 20:22:15.403,18:52:00,5.0,Excellent,5.0,Completed
3945.0,15.0,Gbenga Adesina,526.0,2024-12-14 20:22:15.403,08:38:00,16.0,Very Poor,1.0,Completed
3946.0,15.0,Gbenga Adesina,526.0,2024-11-11 20:22:15.403,11:09:00,20.0,Poor,2.0,Completed
3947.0,15.0,Gbenga Adesina,526.0,2024-08-02 20:22:15.403,18:32:00,14.0,Very Poor,1.0,Completed
3948.0,15.0,Gbenga Adesina,526.0,2024-06-12 20:22:15.403,09:42:00,1.0,Average,3.0,Completed
3949.0,16.0,Chika Umeh,527.0,2024-06-23 20:22:15.403,18:54:00,17.0,Excellent,5.0,Completed
3950.0,16.0,Chika Umeh,527.0,2024-11-24 20:22:15.403,14:05:00,19.0,Good,4.0,Completed
3951.0,16.0,Chika Umeh,527.0,2024-05-04 20:22:15.403,14:46:00,23.0,Average,3.0,Completed
3952.0,16.0,Chika Umeh,527.0,2025-01-03 20:22:15.403,13:14:00,26.0,Very Poor,1.0,Completed
3953.0,16.0,Chika Umeh,527.0,2024-12-17 20:22:15.403,13:17:00,22.0,Good,4.0,Completed
3954.0,16.0,Chika Umeh,527.0,2024-08-01 20:22:15.403,16:08:00,22.0,Poor,2.0,Completed
3955.0,16.0,Chika Umeh,527.0,2024-12-31 20:22:15.403,19:34:00,26.0,Average,3.0,Completed
3956.0,16.0,Chika Umeh,527.0,2024-07-15 20:22:15.403,19:51:00,1.0,Very Poor,1.0,Completed
3957.0,14.0,Zainab Suleiman,528.0,2024-08-15 20:22:15.403,19:54:00,18.0,Very Poor,1.0,Completed
3958.0,14.0,Zainab Suleiman,528.0,2024-09-13 20:22:15.403,19:58:00,5.0,Average,3.0,Completed
3959.0,14.0,Zainab Suleiman,528.0,2024-05-08 20:22:15.403,10:52:00,8.0,Average,3.0,Completed
3960.0,14.0,Zainab Suleiman,528.0,2024-10-26 20:22:15.403,10:30:00,11.0,Excellent,5.0,Completed
3961.0,14.0,Zainab Suleiman,528.0,2024-06-17 20:22:15.403,17:56:00,15.0,Good,4.0,Completed
3962.0,14.0,Zainab Suleiman,528.0,2024-10-01 20:22:15.403,14:41:00,25.0,Average,3.0,Completed
3963.0,14.0,Zainab Suleiman,528.0,2024-10-07 20:22:15.403,12:33:00,18.0,Good,4.0,Completed
3964.0,14.0,Zainab Suleiman,528.0,2024-08-31 20:22:15.403,17:26:00,25.0,Average,3.0,Completed
3965.0,14.0,Zainab Suleiman,528.0,2024-04-28 20:22:15.403,08:13:00,5.0,Excellent,5.0,Completed
3966.0,5.0,Obinna Eze,529.0,2024-04-21 20:22:15.403,11:10:00,16.0,Poor,2.0,Completed
3967.0,5.0,Obinna Eze,529.0,2024-11-12 20:22:15.403,09:25:00,19.0,Very Poor,1.0,Completed
3968.0,5.0,Obinna Eze,529.0,2024-07-13 20:22:15.403,19:04:00,23.0,Poor,2.0,Completed
3969.0,5.0,Obinna Eze,529.0,2024-07-27 20:22:15.403,10:59:00,8.0,Average,3.0,Completed
3970.0,5.0,Obinna Eze,529.0,2024-10-28 20:22:15.403,15:52:00,8.0,Average,3.0,Completed
3971.0,5.0,Obinna Eze,529.0,2024-11-08 20:22:15.403,08:51:00,9.0,Poor,2.0,Completed
3972.0,5.0,Obinna Eze,529.0,2024-12-19 20:22:15.403,12:25:00,18.0,Good,4.0,Completed
3973.0,5.0,Obinna Eze,529.0,2024-11-01 20:22:15.403,10:22:00,19.0,Average,3.0,Completed
3974.0,9.0,Ibrahim Danjuma,530.0,2024-11-10 20:22:15.403,13:40:00,21.0,Excellent,5.0,Completed
3975.0,9.0,Ibrahim Danjuma,530.0,2025-02-25 20:22:15.403,08:49:00,9.0,Poor,2.0,Completed
3976.0,9.0,Ibrahim Danjuma,530.0,2024-11-19 20:22:15.403,11:04:00,28.0,Very Poor,1.0,Completed
3977.0,9.0,Ibrahim Danjuma,530.0,2024-03-18 20:22:15.403,09:03:00,20.0,Poor,2.0,Completed
3978.0,9.0,Ibrahim Danjuma,530.0,2024-06-14 20:22:15.403,15:10:00,5.0,Average,3.0,Completed
3979.0,9.0,Ibrahim Danjuma,530.0,2024-10-30 20:22:15.403,19:15:00,14.0,Very Poor,1.0,Completed
3980.0,9.0,Ibrahim Danjuma,530.0,2024-08-16 20:22:15.403,11:32:00,23.0,Poor,2.0,Completed
3981.0,9.0,Ibrahim Danjuma,530.0,2025-02-13 20:22:15.403,18:22:00,9.0,Good,4.0,Completed
3982.0,9.0,Ibrahim Danjuma,530.0,2024-10-22 20:22:15.403,14:10:00,15.0,Average,3.0,Completed
3983.0,9.0,Ibrahim Danjuma,530.0,2024-07-28 20:22:15.403,17:28:00,27.0,Poor,2.0,Completed
3984.0,3.0,Tunde Balogun,531.0,2024-07-22 20:22:15.403,10:37:00,9.0,Good,4.0,Completed
3985.0,3.0,Tunde Balogun,531.0,2024-05-16 20:22:15.403,17:02:00,12.0,Excellent,5.0,Completed
3986.0,3.0,Tunde Balogun,531.0,2025-02-26 20:22:15.403,12:39:00,3.0,Very Poor,1.0,Completed
3987.0,3.0,Tunde Balogun,531.0,2024-10-05 20:22:15.403,19:58:00,11.0,Average,3.0,Completed
3988.0,3.0,Tunde Balogun,531.0,2024-08-17 20:22:15.403,19:49:00,21.0,Good,4.0,Completed
3989.0,3.0,Tunde Balogun,531.0,2024-05-21 20:22:15.403,14:48:00,9.0,Very Poor,1.0,Completed
3990.0,3.0,Tunde Balogun,531.0,2024-08-29 20:22:15.403,10:08:00,20.0,Good,4.0,Completed
3991.0,18.0,Amaka Obi,532.0,2024-08-01 20:22:15.403,19:55:00,25.0,Average,3.0,Completed
3992.0,18.0,Amaka Obi,532.0,2024-12-23 20:22:15.403,08:45:00,9.0,Excellent,5.0,Completed
3993.0,18.0,Amaka Obi,532.0,2024-06-27 20:22:15.403,16:55:00,15.0,Average,3.0,Completed
3994.0,18.0,Amaka Obi,532.0,2024-11-25 20:22:15.403,11:02:00,25.0,Excellent,5.0,Completed
3995.0,18.0,Amaka Obi,532.0,2024-07-27 20:22:15.403,09:16:00,29.0,Poor,2.0,Completed
3996.0,18.0,Amaka Obi,532.0,2025-02-08 20:22:15.403,15:48:00,23.0,Excellent,5.0,Completed
3997.0,20.0,Adewale Ogunleye,533.0,2024-11-10 20:22:15.403,16:27:00,9.0,Poor,2.0,Completed
3998.0,20.0,Adewale Ogunleye,533.0,2024-07-09 20:22:15.403,10:07:00,1.0,Poor,2.0,Completed
3999.0,20.0,Adewale Ogunleye,533.0,2024-10-28 20:22:15.403,14:23:00,27.0,Excellent,5.0,Completed
4000.0,20.0,Adewale Ogunleye,533.0,2024-08-20 20:22:15.403,19:23:00,28.0,Very Poor,1.0,Completed
4001.0,20.0,Adewale Ogunleye,533.0,2024-05-13 20:22:15.403,13:06:00,12.0,Poor,2.0,Completed
4002.0,11.0,Kemi Adebanjo,534.0,2024-05-15 20:22:15.403,13:46:00,3.0,Average,3.0,Completed
4003.0,11.0,Kemi Adebanjo,534.0,2024-09-22 20:22:15.403,17:12:00,9.0,Very Poor,1.0,Completed
4004.0,11.0,Kemi Adebanjo,534.0,2025-01-04 20:22:15.403,19:05:00,25.0,Poor,2.0,Completed
4005.0,11.0,Kemi Adebanjo,534.0,2024-08-20 20:22:15.403,16:05:00,14.0,Good,4.0,Completed
4006.0,11.0,Kemi Adebanjo,534.0,2024-08-28 20:22:15.403,09:38:00,17.0,Good,4.0,Completed
4007.0,11.0,Kemi Adebanjo,534.0,2025-02-06 20:22:15.403,11:35:00,19.0,Very Poor,1.0,Completed
4008.0,11.0,Kemi Adebanjo,534.0,2024-04-15 20:22:15.403,13:16:00,13.0,Excellent,5.0,Completed
4009.0,11.0,Kemi Adebanjo,534.0,2024-09-30 20:22:15.403,18:04:00,5.0,Excellent,5.0,Completed
4010.0,11.0,Kemi Adebanjo,534.0,2024-04-29 20:22:15.403,12:41:00,7.0,Very Poor,1.0,Completed
4011.0,12.0,Yakubu Bello,535.0,2025-01-21 20:22:15.403,15:29:00,20.0,Good,4.0,Completed
4012.0,12.0,Yakubu Bello,535.0,2025-03-03 20:22:15.403,17:05:00,2.0,Average,3.0,Completed
4013.0,12.0,Yakubu Bello,535.0,2024-08-23 20:22:15.403,16:21:00,28.0,Very Poor,1.0,Completed
4014.0,12.0,Yakubu Bello,535.0,2024-04-09 20:22:15.403,12:36:00,4.0,Excellent,5.0,Completed
4015.0,12.0,Yakubu Bello,535.0,2024-08-16 20:22:15.403,14:21:00,16.0,Average,3.0,Completed
4016.0,12.0,Yakubu Bello,535.0,2024-05-22 20:22:15.403,16:00:00,27.0,Average,3.0,Completed
4017.0,12.0,Yakubu Bello,535.0,2024-12-12 20:22:15.403,09:04:00,12.0,Good,4.0,Completed
4018.0,13.0,Bola Akinwunmi,536.0,2024-05-12 20:22:15.403,08:44:00,15.0,Poor,2.0,Completed
4019.0,13.0,Bola Akinwunmi,536.0,2024-04-15 20:22:15.403,09:10:00,14.0,Average,3.0,Completed
4020.0,13.0,Bola Akinwunmi,536.0,2024-12-24 20:22:15.403,12:19:00,13.0,Good,4.0,Completed
4021.0,13.0,Bola Akinwunmi,536.0,2024-08-20 20:22:15.403,11:19:00,25.0,Excellent,5.0,Completed
4022.0,13.0,Bola Akinwunmi,536.0,2024-06-29 20:22:15.403,14:26:00,22.0,Very Poor,1.0,Completed
4023.0,13.0,Bola Akinwunmi,536.0,2024-10-14 20:22:15.403,09:10:00,2.0,Good,4.0,Completed
4024.0,13.0,Bola Akinwunmi,536.0,2024-05-11 20:22:15.403,15:18:00,15.0,Good,4.0,Completed
4025.0,13.0,Bola Akinwunmi,536.0,2024-08-13 20:22:15.403,17:28:00,28.0,Very Poor,1.0,Completed
4026.0,19.0,Felix Odion,537.0,2025-02-15 20:22:15.403,12:13:00,17.0,Average,3.0,Completed
4027.0,19.0,Felix Odion,537.0,2024-04-08 20:22:15.403,08:42:00,10.0,Average,3.0,Completed
4028.0,19.0,Felix Odion,537.0,2024-05-12 20:22:15.403,18:01:00,2.0,Poor,2.0,Completed
4029.0,19.0,Felix Odion,537.0,2024-10-15 20:22:15.403,11:16:00,13.0,Average,3.0,Completed
4030.0,19.0,Felix Odion,537.0,2024-04-03 20:22:15.403,15:43:00,11.0,Excellent,5.0,Completed
4031.0,19.0,Felix Odion,537.0,2024-07-09 20:22:15.403,16:01:00,2.0,Average,3.0,Completed
4032.0,7.0,Segun Oladipo,538.0,2025-03-07 20:22:15.403,16:32:00,22.0,Poor,2.0,Completed
4033.0,7.0,Segun Oladipo,538.0,2025-02-07 20:22:15.403,18:00:00,12.0,Average,3.0,Completed
4034.0,7.0,Segun Oladipo,538.0,2024-12-20 20:22:15.403,15:04:00,28.0,Good,4.0,Completed
4035.0,7.0,Segun Oladipo,538.0,2024-12-16 20:22:15.403,16:14:00,7.0,Poor,2.0,Completed
4036.0,7.0,Segun Oladipo,538.0,2025-01-14 20:22:15.403,09:06:00,15.0,Good,4.0,Completed
4037.0,7.0,Segun Oladipo,538.0,2024-07-05 20:22:15.403,09:50:00,5.0,Poor,2.0,Completed
4038.0,18.0,Amaka Obi,539.0,2024-06-21 20:22:15.403,11:38:00,11.0,Very Poor,1.0,Completed
4039.0,18.0,Amaka Obi,539.0,2024-04-30 20:22:15.403,12:35:00,29.0,Excellent,5.0,Completed
4040.0,18.0,Amaka Obi,539.0,2024-11-25 20:22:15.403,09:59:00,1.0,Very Poor,1.0,Completed
4041.0,18.0,Amaka Obi,539.0,2025-01-30 20:22:15.403,19:55:00,7.0,Good,4.0,Completed
4042.0,18.0,Amaka Obi,539.0,2024-03-15 20:22:15.403,17:23:00,10.0,Excellent,5.0,Completed
4043.0,18.0,Amaka Obi,539.0,2024-12-29 20:22:15.403,16:05:00,5.0,Poor,2.0,Completed
4044.0,18.0,Amaka Obi,539.0,2024-05-17 20:22:15.403,10:23:00,8.0,Average,3.0,Completed
4045.0,18.0,Amaka Obi,539.0,2024-06-14 20:22:15.403,15:51:00,5.0,Very Poor,1.0,Completed
4046.0,8.0,Ngozi Okonkwo,540.0,2024-03-12 20:22:15.403,11:15:00,22.0,Good,4.0,Completed
4047.0,8.0,Ngozi Okonkwo,540.0,2024-04-15 20:22:15.403,13:23:00,3.0,Excellent,5.0,Completed
4048.0,8.0,Ngozi Okonkwo,540.0,2024-05-17 20:22:15.403,18:52:00,7.0,Good,4.0,Completed
4049.0,8.0,Ngozi Okonkwo,540.0,2025-03-06 20:22:15.403,13:45:00,11.0,Average,3.0,Completed
4050.0,8.0,Ngozi Okonkwo,540.0,2025-01-06 20:22:15.403,09:31:00,15.0,Good,4.0,Completed
4051.0,8.0,Ngozi Okonkwo,540.0,2024-04-22 20:22:15.403,16:47:00,2.0,Very Poor,1.0,Completed
4052.0,14.0,Zainab Suleiman,541.0,2024-08-17 20:22:15.403,12:45:00,18.0,Excellent,5.0,Completed
4053.0,14.0,Zainab Suleiman,541.0,2024-06-29 20:22:15.403,15:13:00,2.0,Poor,2.0,Completed
4054.0,14.0,Zainab Suleiman,541.0,2025-02-24 20:22:15.403,12:17:00,28.0,Excellent,5.0,Completed
4055.0,14.0,Zainab Suleiman,541.0,2024-09-29 20:22:15.403,13:05:00,7.0,Excellent,5.0,Completed
4056.0,14.0,Zainab Suleiman,541.0,2024-08-28 20:22:15.403,14:02:00,2.0,Average,3.0,Completed
4057.0,14.0,Zainab Suleiman,541.0,2025-01-22 20:22:15.403,17:36:00,20.0,Excellent,5.0,Completed
4058.0,14.0,Zainab Suleiman,541.0,2024-07-24 20:22:15.403,10:59:00,20.0,Good,4.0,Completed
4059.0,14.0,Zainab Suleiman,541.0,2024-03-28 20:22:15.403,17:03:00,25.0,Good,4.0,Completed
4060.0,14.0,Zainab Suleiman,541.0,2024-10-17 20:22:15.403,11:02:00,12.0,Average,3.0,Completed
4061.0,14.0,Zainab Suleiman,541.0,2025-03-06 20:22:15.403,11:49:00,22.0,Very Poor,1.0,Completed
4062.0,9.0,Ibrahim Danjuma,542.0,2024-05-23 20:22:15.403,18:55:00,5.0,Excellent,5.0,Completed
4063.0,9.0,Ibrahim Danjuma,542.0,2025-01-21 20:22:15.403,12:23:00,23.0,Excellent,5.0,Completed
4064.0,9.0,Ibrahim Danjuma,542.0,2024-10-14 20:22:15.403,15:59:00,5.0,Poor,2.0,Completed
4065.0,9.0,Ibrahim Danjuma,542.0,2024-05-08 20:22:15.403,14:05:00,26.0,Excellent,5.0,Completed
4066.0,9.0,Ibrahim Danjuma,542.0,2024-06-02 20:22:15.403,15:34:00,26.0,Excellent,5.0,Completed
4067.0,9.0,Ibrahim Danjuma,542.0,2024-11-27 20:22:15.403,12:00:00,18.0,Average,3.0,Completed
4068.0,5.0,Obinna Eze,543.0,2024-10-27 20:22:15.403,18:38:00,27.0,Good,4.0,Completed
4069.0,5.0,Obinna Eze,543.0,2024-03-24 20:22:15.403,10:33:00,18.0,Average,3.0,Completed
4070.0,5.0,Obinna Eze,543.0,2024-12-27 20:22:15.403,08:02:00,11.0,Average,3.0,Completed
4071.0,5.0,Obinna Eze,543.0,2024-12-20 20:22:15.403,14:40:00,7.0,Average,3.0,Completed
4072.0,5.0,Obinna Eze,543.0,2024-04-27 20:22:15.403,11:15:00,12.0,Excellent,5.0,Completed
4073.0,5.0,Obinna Eze,543.0,2024-11-18 20:22:15.403,10:40:00,7.0,Excellent,5.0,Completed
4074.0,5.0,Obinna Eze,543.0,2024-12-29 20:22:15.403,09:02:00,12.0,Good,4.0,Completed
4075.0,5.0,Obinna Eze,543.0,2024-08-07 20:22:15.403,13:02:00,3.0,Poor,2.0,Completed
4076.0,5.0,Obinna Eze,543.0,2025-02-12 20:22:15.403,17:09:00,19.0,Very Poor,1.0,Completed
4077.0,8.0,Ngozi Okonkwo,544.0,2024-08-26 20:22:15.403,13:12:00,25.0,Excellent,5.0,Completed
4078.0,8.0,Ngozi Okonkwo,544.0,2024-03-18 20:22:15.403,13:59:00,12.0,Poor,2.0,Completed
4079.0,8.0,Ngozi Okonkwo,544.0,2024-07-07 20:22:15.403,15:51:00,10.0,Poor,2.0,Completed
4080.0,8.0,Ngozi Okonkwo,544.0,2024-04-06 20:22:15.403,10:45:00,9.0,Excellent,5.0,Completed
4081.0,8.0,Ngozi Okonkwo,544.0,2024-03-10 20:22:15.403,15:24:00,2.0,Excellent,5.0,Completed
4082.0,8.0,Ngozi Okonkwo,544.0,2024-06-30 20:22:15.403,17:49:00,23.0,Excellent,5.0,Completed
4083.0,8.0,Ngozi Okonkwo,544.0,2025-01-06 20:22:15.403,08:09:00,20.0,Good,4.0,Completed
4084.0,8.0,Ngozi Okonkwo,544.0,2025-01-07 20:22:15.403,17:53:00,19.0,Poor,2.0,Completed
4085.0,13.0,Bola Akinwunmi,545.0,2024-05-07 20:22:15.403,13:21:00,16.0,Excellent,5.0,Completed
4086.0,13.0,Bola Akinwunmi,545.0,2024-08-15 20:22:15.403,13:03:00,10.0,Poor,2.0,Completed
4087.0,13.0,Bola Akinwunmi,545.0,2024-12-18 20:22:15.403,10:02:00,8.0,Very Poor,1.0,Completed
4088.0,13.0,Bola Akinwunmi,545.0,2024-11-04 20:22:15.403,19:54:00,24.0,Good,4.0,Completed
4089.0,13.0,Bola Akinwunmi,545.0,2024-10-30 20:22:15.403,17:43:00,11.0,Poor,2.0,Completed
4090.0,13.0,Bola Akinwunmi,545.0,2024-09-24 20:22:15.403,11:52:00,11.0,Excellent,5.0,Completed
4091.0,13.0,Bola Akinwunmi,545.0,2024-07-28 20:22:15.403,09:59:00,10.0,Poor,2.0,Completed
4092.0,13.0,Bola Akinwunmi,545.0,2024-03-29 20:22:15.403,15:50:00,21.0,Average,3.0,Completed
4093.0,13.0,Bola Akinwunmi,545.0,2025-01-03 20:22:15.403,11:05:00,18.0,Excellent,5.0,Completed
4094.0,13.0,Bola Akinwunmi,545.0,2024-11-22 20:22:15.403,08:19:00,13.0,Good,4.0,Completed
4095.0,10.0,Chinedu Opara,546.0,2024-11-01 20:22:15.403,12:12:00,4.0,Poor,2.0,Completed
4096.0,10.0,Chinedu Opara,546.0,2024-03-25 20:22:15.403,11:47:00,2.0,Average,3.0,Completed
4097.0,10.0,Chinedu Opara,546.0,2025-02-22 20:22:15.403,16:56:00,16.0,Good,4.0,Completed
4098.0,10.0,Chinedu Opara,546.0,2024-03-21 20:22:15.403,16:44:00,25.0,Very Poor,1.0,Completed
4099.0,10.0,Chinedu Opara,546.0,2024-06-28 20:22:15.403,19:18:00,1.0,Average,3.0,Completed
4100.0,10.0,Chinedu Opara,546.0,2024-05-15 20:22:15.403,13:28:00,11.0,Good,4.0,Completed
4101.0,10.0,Chinedu Opara,546.0,2024-07-14 20:22:15.403,16:34:00,14.0,Good,4.0,Completed
4102.0,14.0,Zainab Suleiman,547.0,2025-01-02 20:22:15.403,17:21:00,11.0,Very Poor,1.0,Completed
4103.0,14.0,Zainab Suleiman,547.0,2024-07-31 20:22:15.403,18:47:00,5.0,Poor,2.0,Completed
4104.0,14.0,Zainab Suleiman,547.0,2024-04-04 20:22:15.403,16:08:00,1.0,Poor,2.0,Completed
4105.0,14.0,Zainab Suleiman,547.0,2024-09-01 20:22:15.403,15:35:00,5.0,Average,3.0,Completed
4106.0,14.0,Zainab Suleiman,547.0,2024-11-29 20:22:15.403,09:07:00,22.0,Excellent,5.0,Completed
4107.0,14.0,Zainab Suleiman,547.0,2024-05-22 20:22:15.403,17:11:00,27.0,Good,4.0,Completed
4108.0,14.0,Zainab Suleiman,547.0,2024-11-11 20:22:15.403,13:09:00,15.0,Average,3.0,Completed
4109.0,14.0,Zainab Suleiman,547.0,2024-08-20 20:22:15.403,14:30:00,13.0,Very Poor,1.0,Completed
4110.0,14.0,Zainab Suleiman,547.0,2024-12-09 20:22:15.403,14:14:00,20.0,Excellent,5.0,Completed
4111.0,14.0,Zainab Suleiman,547.0,2024-12-20 20:22:15.403,17:47:00,25.0,Average,3.0,Completed
4112.0,19.0,Felix Odion,548.0,2024-11-04 20:22:15.403,09:47:00,26.0,Good,4.0,Completed
4113.0,19.0,Felix Odion,548.0,2024-11-01 20:22:15.403,09:17:00,21.0,Good,4.0,Completed
4114.0,19.0,Felix Odion,548.0,2024-08-06 20:22:15.403,14:36:00,28.0,Poor,2.0,Completed
4115.0,19.0,Felix Odion,548.0,2024-06-16 20:22:15.403,15:08:00,25.0,Excellent,5.0,Completed
4116.0,19.0,Felix Odion,548.0,2024-08-01 20:22:15.403,19:55:00,24.0,Very Poor,1.0,Completed
4117.0,19.0,Felix Odion,548.0,2024-04-30 20:22:15.403,13:14:00,19.0,Average,3.0,Completed
4118.0,19.0,Felix Odion,548.0,2024-12-03 20:22:15.403,17:24:00,17.0,Poor,2.0,Completed
4119.0,4.0,Aisha Mohammed,549.0,2024-08-13 20:22:15.403,16:43:00,23.0,Very Poor,1.0,Completed
4120.0,4.0,Aisha Mohammed,549.0,2024-11-19 20:22:15.403,08:37:00,27.0,Very Poor,1.0,Completed
4121.0,4.0,Aisha Mohammed,549.0,2024-11-02 20:22:15.403,13:14:00,23.0,Poor,2.0,Completed
4122.0,4.0,Aisha Mohammed,549.0,2024-07-10 20:22:15.403,08:24:00,14.0,Average,3.0,Completed
4123.0,4.0,Aisha Mohammed,549.0,2024-11-05 20:22:15.403,17:35:00,22.0,Good,4.0,Completed
4124.0,4.0,Aisha Mohammed,549.0,2025-01-26 20:22:15.403,18:11:00,2.0,Very Poor,1.0,Completed
4125.0,5.0,Obinna Eze,550.0,2024-06-17 20:22:15.403,12:37:00,12.0,Excellent,5.0,Completed
4126.0,5.0,Obinna Eze,550.0,2024-05-04 20:22:15.403,12:18:00,24.0,Very Poor,1.0,Completed
4127.0,5.0,Obinna Eze,550.0,2025-02-03 20:22:15.403,10:58:00,24.0,Average,3.0,Completed
4128.0,5.0,Obinna Eze,550.0,2024-06-14 20:22:15.403,16:35:00,20.0,Excellent,5.0,Completed
4129.0,5.0,Obinna Eze,550.0,2024-12-22 20:22:15.403,08:09:00,5.0,Average,3.0,Completed
4130.0,5.0,Obinna Eze,550.0,2024-06-12 20:22:15.403,17:40:00,26.0,Good,4.0,Completed
4131.0,13.0,Bola Akinwunmi,551.0,2024-03-13 20:22:15.403,12:26:00,9.0,Good,4.0,Completed
4132.0,13.0,Bola Akinwunmi,551.0,2024-08-07 20:22:15.403,17:17:00,12.0,Very Poor,1.0,Completed
4133.0,13.0,Bola Akinwunmi,551.0,2024-03-17 20:22:15.403,17:45:00,4.0,Poor,2.0,Completed
4134.0,13.0,Bola Akinwunmi,551.0,2024-10-30 20:22:15.403,12:35:00,7.0,Poor,2.0,Completed
4135.0,13.0,Bola Akinwunmi,551.0,2024-04-12 20:22:15.403,15:52:00,8.0,Average,3.0,Completed
4136.0,13.0,Bola Akinwunmi,551.0,2024-10-07 20:22:15.403,17:49:00,14.0,Very Poor,1.0,Completed
4137.0,18.0,Amaka Obi,552.0,2024-07-05 20:22:15.403,09:26:00,20.0,Good,4.0,Completed
4138.0,18.0,Amaka Obi,552.0,2024-05-16 20:22:15.403,13:47:00,1.0,Good,4.0,Completed
4139.0,18.0,Amaka Obi,552.0,2025-01-26 20:22:15.403,12:59:00,11.0,Good,4.0,Completed
4140.0,18.0,Amaka Obi,552.0,2024-10-25 20:22:15.403,12:39:00,7.0,Excellent,5.0,Completed
4141.0,18.0,Amaka Obi,552.0,2024-07-03 20:22:15.403,16:42:00,22.0,Excellent,5.0,Completed
4142.0,18.0,Amaka Obi,552.0,2024-12-19 20:22:15.403,10:51:00,22.0,Poor,2.0,Completed
4143.0,18.0,Amaka Obi,552.0,2024-06-18 20:22:15.403,09:57:00,12.0,Very Poor,1.0,Completed
4144.0,4.0,Aisha Mohammed,553.0,2024-04-08 20:22:15.403,13:59:00,17.0,Very Poor,1.0,Completed
4145.0,4.0,Aisha Mohammed,553.0,2025-01-28 20:22:15.403,18:10:00,18.0,Average,3.0,Completed
4146.0,4.0,Aisha Mohammed,553.0,2025-01-09 20:22:15.403,08:32:00,25.0,Good,4.0,Completed
4147.0,4.0,Aisha Mohammed,553.0,2024-07-29 20:22:15.403,13:00:00,21.0,Excellent,5.0,Completed
4148.0,4.0,Aisha Mohammed,553.0,2024-12-15 20:22:15.403,18:45:00,15.0,Excellent,5.0,Completed
4149.0,4.0,Aisha Mohammed,553.0,2024-07-07 20:22:15.403,18:04:00,21.0,Very Poor,1.0,Completed
4150.0,4.0,Aisha Mohammed,553.0,2024-06-20 20:22:15.403,16:01:00,6.0,Good,4.0,Completed
4151.0,2.0,Chioma Nwosu,554.0,2024-07-21 20:22:15.403,19:57:00,27.0,Excellent,5.0,Completed
4152.0,2.0,Chioma Nwosu,554.0,2024-03-29 20:22:15.403,08:26:00,10.0,Excellent,5.0,Completed
4153.0,2.0,Chioma Nwosu,554.0,2024-03-22 20:22:15.403,18:01:00,4.0,Excellent,5.0,Completed
4154.0,2.0,Chioma Nwosu,554.0,2024-04-12 20:22:15.403,08:59:00,22.0,Good,4.0,Completed
4155.0,2.0,Chioma Nwosu,554.0,2024-06-30 20:22:15.403,17:20:00,12.0,Excellent,5.0,Completed
4156.0,1.0,Emeka Okafor,555.0,2024-12-30 20:22:15.403,19:01:00,8.0,Excellent,5.0,Completed
4157.0,1.0,Emeka Okafor,555.0,2024-09-07 20:22:15.403,15:21:00,19.0,Poor,2.0,Completed
4158.0,1.0,Emeka Okafor,555.0,2024-08-30 20:22:15.403,18:30:00,20.0,Poor,2.0,Completed
4159.0,1.0,Emeka Okafor,555.0,2024-04-08 20:22:15.403,18:53:00,12.0,Good,4.0,Completed
4160.0,1.0,Emeka Okafor,555.0,2025-01-31 20:22:15.403,08:32:00,26.0,Very Poor,1.0,Completed
4161.0,1.0,Emeka Okafor,555.0,2025-02-28 20:22:15.403,16:13:00,6.0,Very Poor,1.0,Completed
4162.0,1.0,Emeka Okafor,555.0,2024-09-09 20:22:15.403,09:12:00,25.0,Excellent,5.0,Completed
4163.0,1.0,Emeka Okafor,555.0,2024-04-12 20:22:15.403,14:01:00,22.0,Poor,2.0,Completed
4164.0,1.0,Emeka Okafor,555.0,2024-07-08 20:22:15.403,12:59:00,20.0,Good,4.0,Completed
4165.0,4.0,Aisha Mohammed,556.0,2025-01-18 20:22:15.403,18:01:00,23.0,Excellent,5.0,Completed
4166.0,4.0,Aisha Mohammed,556.0,2024-12-01 20:22:15.403,08:30:00,13.0,Poor,2.0,Completed
4167.0,4.0,Aisha Mohammed,556.0,2024-08-05 20:22:15.403,09:10:00,25.0,Good,4.0,Completed
4168.0,4.0,Aisha Mohammed,556.0,2024-06-01 20:22:15.403,15:56:00,2.0,Good,4.0,Completed
4169.0,4.0,Aisha Mohammed,556.0,2024-06-15 20:22:15.403,12:17:00,14.0,Very Poor,1.0,Completed
4170.0,4.0,Aisha Mohammed,556.0,2024-06-15 20:22:15.403,15:02:00,12.0,Average,3.0,Completed
4171.0,4.0,Aisha Mohammed,556.0,2024-04-24 20:22:15.403,09:30:00,3.0,Good,4.0,Completed
4172.0,5.0,Obinna Eze,557.0,2024-04-22 20:22:15.403,16:51:00,11.0,Very Poor,1.0,Completed
4173.0,5.0,Obinna Eze,557.0,2024-05-11 20:22:15.403,19:55:00,5.0,Excellent,5.0,Completed
4174.0,5.0,Obinna Eze,557.0,2025-01-07 20:22:15.403,10:14:00,18.0,Poor,2.0,Completed
4175.0,5.0,Obinna Eze,557.0,2024-12-11 20:22:15.403,10:17:00,7.0,Very Poor,1.0,Completed
4176.0,5.0,Obinna Eze,557.0,2024-08-02 20:22:15.403,10:52:00,6.0,Very Poor,1.0,Completed
4177.0,6.0,Funke Adeyemi,558.0,2024-03-22 20:22:15.403,10:51:00,16.0,Poor,2.0,Completed
4178.0,6.0,Funke Adeyemi,558.0,2024-05-29 20:22:15.403,12:45:00,16.0,Very Poor,1.0,Completed
4179.0,6.0,Funke Adeyemi,558.0,2024-04-07 20:22:15.403,14:04:00,10.0,Good,4.0,Completed
4180.0,6.0,Funke Adeyemi,558.0,2025-03-02 20:22:15.403,13:53:00,27.0,Very Poor,1.0,Completed
4181.0,6.0,Funke Adeyemi,558.0,2024-05-02 20:22:15.403,14:01:00,21.0,Very Poor,1.0,Completed
4182.0,6.0,Funke Adeyemi,558.0,2024-06-06 20:22:15.403,08:06:00,4.0,Very Poor,1.0,Completed
4183.0,6.0,Funke Adeyemi,558.0,2024-10-27 20:22:15.403,11:54:00,23.0,Excellent,5.0,Completed
4184.0,6.0,Funke Adeyemi,558.0,2024-10-28 20:22:15.403,12:08:00,23.0,Average,3.0,Completed
4185.0,6.0,Funke Adeyemi,558.0,2024-11-22 20:22:15.403,09:02:00,20.0,Poor,2.0,Completed
4186.0,6.0,Funke Adeyemi,558.0,2024-05-03 20:22:15.403,18:16:00,6.0,Excellent,5.0,Completed
4187.0,2.0,Chioma Nwosu,559.0,2024-12-21 20:22:15.403,15:04:00,5.0,Poor,2.0,Completed
4188.0,2.0,Chioma Nwosu,559.0,2024-12-08 20:22:15.403,16:47:00,2.0,Good,4.0,Completed
4189.0,2.0,Chioma Nwosu,559.0,2024-10-16 20:22:15.403,18:34:00,3.0,Good,4.0,Completed
4190.0,2.0,Chioma Nwosu,559.0,2024-07-30 20:22:15.403,17:37:00,29.0,Excellent,5.0,Completed
4191.0,2.0,Chioma Nwosu,559.0,2024-12-28 20:22:15.403,08:04:00,23.0,Good,4.0,Completed
4192.0,6.0,Funke Adeyemi,560.0,2024-11-20 20:22:15.403,08:54:00,13.0,Good,4.0,Completed
4193.0,6.0,Funke Adeyemi,560.0,2025-01-17 20:22:15.403,16:15:00,16.0,Poor,2.0,Completed
4194.0,6.0,Funke Adeyemi,560.0,2024-05-23 20:22:15.403,17:27:00,27.0,Very Poor,1.0,Completed
4195.0,6.0,Funke Adeyemi,560.0,2024-03-15 20:22:15.403,18:59:00,3.0,Excellent,5.0,Completed
4196.0,6.0,Funke Adeyemi,560.0,2024-06-20 20:22:15.403,19:27:00,25.0,Poor,2.0,Completed
4197.0,6.0,Funke Adeyemi,560.0,2024-07-08 20:22:15.403,09:25:00,11.0,Good,4.0,Completed
4198.0,6.0,Funke Adeyemi,560.0,2024-07-22 20:22:15.403,17:48:00,14.0,Average,3.0,Completed
4199.0,6.0,Funke Adeyemi,560.0,2024-11-05 20:22:15.403,11:21:00,16.0,Average,3.0,Completed
4200.0,6.0,Funke Adeyemi,561.0,2024-11-07 20:22:15.403,09:02:00,7.0,Very Poor,1.0,Completed
4201.0,6.0,Funke Adeyemi,561.0,2024-09-25 20:22:15.403,12:37:00,19.0,Average,3.0,Completed
4202.0,6.0,Funke Adeyemi,561.0,2025-01-14 20:22:15.403,19:24:00,9.0,Good,4.0,Completed
4203.0,6.0,Funke Adeyemi,561.0,2024-09-08 20:22:15.403,15:02:00,6.0,Very Poor,1.0,Completed
4204.0,6.0,Funke Adeyemi,561.0,2024-11-14 20:22:15.403,09:00:00,1.0,Excellent,5.0,Completed
4205.0,6.0,Funke Adeyemi,561.0,2024-11-24 20:22:15.403,09:59:00,5.0,Very Poor,1.0,Completed
4206.0,1.0,Emeka Okafor,562.0,2024-05-24 20:22:15.403,17:23:00,25.0,Very Poor,1.0,Completed
4207.0,1.0,Emeka Okafor,562.0,2024-08-05 20:22:15.403,18:42:00,1.0,Good,4.0,Completed
4208.0,1.0,Emeka Okafor,562.0,2024-04-11 20:22:15.403,14:18:00,13.0,Good,4.0,Completed
4209.0,1.0,Emeka Okafor,562.0,2024-03-23 20:22:15.403,08:46:00,23.0,Very Poor,1.0,Completed
4210.0,1.0,Emeka Okafor,562.0,2025-01-18 20:22:15.403,12:29:00,5.0,Excellent,5.0,Completed
4211.0,1.0,Emeka Okafor,562.0,2024-05-05 20:22:15.403,11:43:00,15.0,Average,3.0,Completed
4212.0,1.0,Emeka Okafor,562.0,2025-02-02 20:22:15.403,14:17:00,7.0,Good,4.0,Completed
4213.0,12.0,Yakubu Bello,563.0,2024-07-31 20:22:15.403,08:08:00,13.0,Very Poor,1.0,Completed
4214.0,12.0,Yakubu Bello,563.0,2024-09-14 20:22:15.403,15:27:00,19.0,Very Poor,1.0,Completed
4215.0,12.0,Yakubu Bello,563.0,2024-05-29 20:22:15.403,14:23:00,19.0,Poor,2.0,Completed
4216.0,12.0,Yakubu Bello,563.0,2024-05-26 20:22:15.403,09:00:00,17.0,Good,4.0,Completed
4217.0,12.0,Yakubu Bello,563.0,2024-06-06 20:22:15.403,12:48:00,18.0,Good,4.0,Completed
4218.0,7.0,Segun Oladipo,564.0,2024-06-23 20:22:15.403,08:51:00,10.0,Good,4.0,Completed
4219.0,7.0,Segun Oladipo,564.0,2024-03-16 20:22:15.403,16:57:00,15.0,Excellent,5.0,Completed
4220.0,7.0,Segun Oladipo,564.0,2024-08-01 20:22:15.403,12:24:00,15.0,Poor,2.0,Completed
4221.0,7.0,Segun Oladipo,564.0,2024-08-24 20:22:15.403,19:08:00,5.0,Average,3.0,Completed
4222.0,7.0,Segun Oladipo,564.0,2024-09-01 20:22:15.403,12:38:00,9.0,Excellent,5.0,Completed
4223.0,7.0,Segun Oladipo,564.0,2025-01-31 20:22:15.403,15:43:00,14.0,Average,3.0,Completed
4224.0,7.0,Segun Oladipo,564.0,2024-03-26 20:22:15.403,12:50:00,9.0,Poor,2.0,Completed
4225.0,16.0,Chika Umeh,565.0,2024-11-09 20:22:15.403,09:43:00,13.0,Good,4.0,Completed
4226.0,16.0,Chika Umeh,565.0,2024-03-30 20:22:15.403,19:11:00,7.0,Average,3.0,Completed
4227.0,16.0,Chika Umeh,565.0,2024-07-15 20:22:15.403,18:44:00,15.0,Poor,2.0,Completed
4228.0,16.0,Chika Umeh,565.0,2024-06-23 20:22:15.403,10:37:00,3.0,Excellent,5.0,Completed
4229.0,16.0,Chika Umeh,565.0,2025-02-12 20:22:15.403,18:58:00,28.0,Poor,2.0,Completed
4230.0,16.0,Chika Umeh,565.0,2024-05-14 20:22:15.403,11:57:00,1.0,Excellent,5.0,Completed
4231.0,16.0,Chika Umeh,565.0,2024-11-13 20:22:15.403,19:22:00,21.0,Very Poor,1.0,Completed
4232.0,16.0,Chika Umeh,565.0,2025-01-13 20:22:15.403,15:45:00,18.0,Very Poor,1.0,Completed
4233.0,1.0,Emeka Okafor,566.0,2024-08-09 20:22:15.403,10:41:00,17.0,Very Poor,1.0,Completed
4234.0,1.0,Emeka Okafor,566.0,2024-09-29 20:22:15.403,16:01:00,19.0,Average,3.0,Completed
4235.0,1.0,Emeka Okafor,566.0,2024-07-11 20:22:15.403,17:15:00,8.0,Good,4.0,Completed
4236.0,1.0,Emeka Okafor,566.0,2024-08-06 20:22:15.403,14:31:00,9.0,Excellent,5.0,Completed
4237.0,1.0,Emeka Okafor,566.0,2024-08-14 20:22:15.403,08:00:00,24.0,Good,4.0,Completed
4238.0,1.0,Emeka Okafor,566.0,2024-04-07 20:22:15.403,17:33:00,6.0,Excellent,5.0,Completed
4239.0,8.0,Ngozi Okonkwo,567.0,2024-11-06 20:22:15.403,11:58:00,1.0,Poor,2.0,Completed
4240.0,8.0,Ngozi Okonkwo,567.0,2024-03-19 20:22:15.403,17:30:00,11.0,Very Poor,1.0,Completed
4241.0,8.0,Ngozi Okonkwo,567.0,2024-11-30 20:22:15.403,17:48:00,24.0,Poor,2.0,Completed
4242.0,8.0,Ngozi Okonkwo,567.0,2024-11-25 20:22:15.403,13:26:00,6.0,Average,3.0,Completed
4243.0,8.0,Ngozi Okonkwo,567.0,2025-02-05 20:22:15.403,13:55:00,20.0,Average,3.0,Completed
4244.0,8.0,Ngozi Okonkwo,567.0,2025-01-09 20:22:15.403,15:02:00,11.0,Very Poor,1.0,Completed
4245.0,8.0,Ngozi Okonkwo,567.0,2024-07-28 20:22:15.403,14:46:00,11.0,Very Poor,1.0,Completed
4246.0,8.0,Ngozi Okonkwo,567.0,2024-09-15 20:22:15.403,09:22:00,17.0,Good,4.0,Completed
4247.0,8.0,Ngozi Okonkwo,567.0,2024-04-22 20:22:15.403,19:00:00,7.0,Excellent,5.0,Completed
4248.0,5.0,Obinna Eze,568.0,2024-04-04 20:22:15.403,09:41:00,15.0,Very Poor,1.0,Completed
4249.0,5.0,Obinna Eze,568.0,2024-11-27 20:22:15.403,09:58:00,3.0,Average,3.0,Completed
4250.0,5.0,Obinna Eze,568.0,2024-12-10 20:22:15.403,10:40:00,1.0,Very Poor,1.0,Completed
4251.0,5.0,Obinna Eze,568.0,2024-03-20 20:22:15.403,15:59:00,22.0,Excellent,5.0,Completed
4252.0,5.0,Obinna Eze,568.0,2025-02-28 20:22:15.403,11:03:00,11.0,Excellent,5.0,Completed
4253.0,5.0,Obinna Eze,568.0,2024-03-13 20:22:15.403,09:41:00,20.0,Good,4.0,Completed
4254.0,13.0,Bola Akinwunmi,569.0,2024-06-26 20:22:15.403,11:32:00,12.0,Very Poor,1.0,Completed
4255.0,13.0,Bola Akinwunmi,569.0,2024-04-14 20:22:15.403,19:43:00,10.0,Average,3.0,Completed
4256.0,13.0,Bola Akinwunmi,569.0,2024-11-21 20:22:15.403,18:07:00,16.0,Good,4.0,Completed
4257.0,13.0,Bola Akinwunmi,569.0,2025-02-27 20:22:15.403,16:06:00,21.0,Poor,2.0,Completed
4258.0,13.0,Bola Akinwunmi,569.0,2025-03-06 20:22:15.403,15:04:00,6.0,Excellent,5.0,Completed
4259.0,13.0,Bola Akinwunmi,569.0,2024-08-19 20:22:15.403,12:08:00,13.0,Average,3.0,Completed
4260.0,13.0,Bola Akinwunmi,569.0,2024-03-23 20:22:15.403,11:05:00,20.0,Excellent,5.0,Completed
4261.0,6.0,Funke Adeyemi,570.0,2024-03-12 20:22:15.403,10:30:00,23.0,Poor,2.0,Completed
4262.0,6.0,Funke Adeyemi,570.0,2024-09-07 20:22:15.403,12:39:00,21.0,Poor,2.0,Completed
4263.0,6.0,Funke Adeyemi,570.0,2024-08-29 20:22:15.403,14:03:00,15.0,Very Poor,1.0,Completed
4264.0,6.0,Funke Adeyemi,570.0,2024-12-04 20:22:15.403,14:50:00,16.0,Poor,2.0,Completed
4265.0,6.0,Funke Adeyemi,570.0,2024-09-25 20:22:15.403,12:03:00,13.0,Excellent,5.0,Completed
4266.0,6.0,Funke Adeyemi,570.0,2024-11-27 20:22:15.403,11:45:00,28.0,Average,3.0,Completed
4267.0,10.0,Chinedu Opara,571.0,2024-09-17 20:22:15.403,08:40:00,27.0,Very Poor,1.0,Completed
4268.0,10.0,Chinedu Opara,571.0,2025-02-09 20:22:15.403,15:14:00,17.0,Excellent,5.0,Completed
4269.0,10.0,Chinedu Opara,571.0,2024-12-24 20:22:15.403,13:34:00,15.0,Average,3.0,Completed
4270.0,10.0,Chinedu Opara,571.0,2024-09-27 20:22:15.403,17:34:00,10.0,Very Poor,1.0,Completed
4271.0,10.0,Chinedu Opara,571.0,2024-04-02 20:22:15.403,09:42:00,24.0,Excellent,5.0,Completed
4272.0,10.0,Chinedu Opara,571.0,2024-11-02 20:22:15.403,16:04:00,11.0,Excellent,5.0,Completed
4273.0,10.0,Chinedu Opara,571.0,2024-07-22 20:22:15.403,11:21:00,22.0,Very Poor,1.0,Completed
4274.0,10.0,Chinedu Opara,571.0,2024-10-10 20:22:15.403,11:20:00,14.0,Excellent,5.0,Completed
4275.0,10.0,Chinedu Opara,571.0,2024-10-23 20:22:15.403,09:45:00,2.0,Excellent,5.0,Completed
4276.0,4.0,Aisha Mohammed,572.0,2024-09-19 20:22:15.403,17:43:00,6.0,Average,3.0,Completed
4277.0,4.0,Aisha Mohammed,572.0,2024-03-09 20:22:15.403,16:14:00,16.0,Very Poor,1.0,Completed
4278.0,4.0,Aisha Mohammed,572.0,2024-08-31 20:22:15.403,13:16:00,11.0,Good,4.0,Completed
4279.0,4.0,Aisha Mohammed,572.0,2024-09-18 20:22:15.403,10:46:00,20.0,Good,4.0,Completed
4280.0,4.0,Aisha Mohammed,572.0,2025-02-11 20:22:15.403,11:30:00,16.0,Poor,2.0,Completed
4281.0,4.0,Aisha Mohammed,572.0,2024-08-08 20:22:15.403,19:38:00,24.0,Average,3.0,Completed
4282.0,4.0,Aisha Mohammed,572.0,2024-08-04 20:22:15.403,11:14:00,12.0,Good,4.0,Completed
4283.0,4.0,Aisha Mohammed,572.0,2024-06-30 20:22:15.403,16:12:00,22.0,Excellent,5.0,Completed
4284.0,4.0,Aisha Mohammed,572.0,2024-05-25 20:22:15.403,14:43:00,27.0,Excellent,5.0,Completed
4285.0,4.0,Aisha Mohammed,572.0,2024-05-07 20:22:15.403,08:57:00,4.0,Poor,2.0,Completed
4286.0,15.0,Gbenga Adesina,573.0,2024-06-06 20:22:15.403,16:49:00,9.0,Good,4.0,Completed
4287.0,15.0,Gbenga Adesina,573.0,2024-05-27 20:22:15.403,18:36:00,26.0,Very Poor,1.0,Completed
4288.0,15.0,Gbenga Adesina,573.0,2024-06-26 20:22:15.403,14:36:00,17.0,Very Poor,1.0,Completed
4289.0,15.0,Gbenga Adesina,573.0,2024-07-17 20:22:15.403,15:09:00,21.0,Good,4.0,Completed
4290.0,15.0,Gbenga Adesina,573.0,2024-06-22 20:22:15.403,14:44:00,24.0,Good,4.0,Completed
4291.0,18.0,Amaka Obi,574.0,2024-06-01 20:22:15.403,08:01:00,21.0,Good,4.0,Completed
4292.0,18.0,Amaka Obi,574.0,2024-04-10 20:22:15.403,12:27:00,3.0,Excellent,5.0,Completed
4293.0,18.0,Amaka Obi,574.0,2024-08-28 20:22:15.403,19:00:00,21.0,Very Poor,1.0,Completed
4294.0,18.0,Amaka Obi,574.0,2024-12-18 20:22:15.403,16:55:00,16.0,Average,3.0,Completed
4295.0,18.0,Amaka Obi,574.0,2024-10-21 20:22:15.403,16:20:00,20.0,Average,3.0,Completed
4296.0,18.0,Amaka Obi,574.0,2024-07-13 20:22:15.403,13:03:00,18.0,Very Poor,1.0,Completed
4297.0,18.0,Amaka Obi,574.0,2025-03-07 20:22:15.403,08:11:00,24.0,Poor,2.0,Completed
4298.0,18.0,Amaka Obi,574.0,2024-08-29 20:22:15.403,09:25:00,15.0,Average,3.0,Completed
4299.0,18.0,Amaka Obi,575.0,2025-01-09 20:22:15.403,10:04:00,11.0,Average,3.0,Completed
4300.0,18.0,Amaka Obi,575.0,2024-11-01 20:22:15.403,14:45:00,27.0,Excellent,5.0,Completed
4301.0,18.0,Amaka Obi,575.0,2024-06-09 20:22:15.403,15:07:00,28.0,Poor,2.0,Completed
4302.0,18.0,Amaka Obi,575.0,2025-01-30 20:22:15.403,08:17:00,2.0,Very Poor,1.0,Completed
4303.0,18.0,Amaka Obi,575.0,2024-10-04 20:22:15.403,10:55:00,7.0,Very Poor,1.0,Completed
4304.0,18.0,Amaka Obi,575.0,2025-02-06 20:22:15.403,14:10:00,17.0,Poor,2.0,Completed
4305.0,18.0,Amaka Obi,575.0,2024-06-14 20:22:15.403,16:30:00,27.0,Very Poor,1.0,Completed
4306.0,7.0,Segun Oladipo,576.0,2025-01-08 20:22:15.403,17:33:00,3.0,Good,4.0,Completed
4307.0,7.0,Segun Oladipo,576.0,2024-03-29 20:22:15.403,14:13:00,5.0,Poor,2.0,Completed
4308.0,7.0,Segun Oladipo,576.0,2024-07-31 20:22:15.403,14:21:00,16.0,Good,4.0,Completed
4309.0,7.0,Segun Oladipo,576.0,2024-04-28 20:22:15.403,14:43:00,24.0,Excellent,5.0,Completed
4310.0,7.0,Segun Oladipo,576.0,2024-12-31 20:22:15.403,13:22:00,29.0,Poor,2.0,Completed
4311.0,3.0,Tunde Balogun,577.0,2024-08-01 20:22:15.403,14:18:00,3.0,Average,3.0,Completed
4312.0,3.0,Tunde Balogun,577.0,2024-04-02 20:22:15.403,14:43:00,16.0,Average,3.0,Completed
4313.0,3.0,Tunde Balogun,577.0,2025-03-04 20:22:15.403,17:20:00,26.0,Poor,2.0,Completed
4314.0,3.0,Tunde Balogun,577.0,2025-02-18 20:22:15.403,08:16:00,22.0,Average,3.0,Completed
4315.0,3.0,Tunde Balogun,577.0,2025-01-28 20:22:15.403,19:56:00,14.0,Very Poor,1.0,Completed
4316.0,3.0,Tunde Balogun,577.0,2024-05-14 20:22:15.403,17:00:00,10.0,Very Poor,1.0,Completed
4317.0,3.0,Tunde Balogun,577.0,2024-06-11 20:22:15.403,10:08:00,12.0,Poor,2.0,Completed
4318.0,7.0,Segun Oladipo,578.0,2024-12-12 20:22:15.403,13:38:00,29.0,Very Poor,1.0,Completed
4319.0,7.0,Segun Oladipo,578.0,2025-01-19 20:22:15.403,08:58:00,22.0,Very Poor,1.0,Completed
4320.0,7.0,Segun Oladipo,578.0,2025-01-18 20:22:15.403,15:35:00,13.0,Very Poor,1.0,Completed
4321.0,7.0,Segun Oladipo,578.0,2024-05-11 20:22:15.403,19:36:00,5.0,Excellent,5.0,Completed
4322.0,7.0,Segun Oladipo,578.0,2024-04-01 20:22:15.403,09:05:00,14.0,Average,3.0,Completed
4323.0,7.0,Segun Oladipo,578.0,2024-05-30 20:22:15.403,14:26:00,11.0,Very Poor,1.0,Completed
4324.0,17.0,Rasheed Lawal,579.0,2024-06-01 20:22:15.403,12:37:00,1.0,Average,3.0,Completed
4325.0,17.0,Rasheed Lawal,579.0,2024-12-22 20:22:15.403,19:08:00,1.0,Average,3.0,Completed
4326.0,17.0,Rasheed Lawal,579.0,2024-10-03 20:22:15.403,10:17:00,6.0,Very Poor,1.0,Completed
4327.0,17.0,Rasheed Lawal,579.0,2024-10-24 20:22:15.403,12:20:00,5.0,Very Poor,1.0,Completed
4328.0,17.0,Rasheed Lawal,579.0,2024-07-17 20:22:15.403,14:13:00,7.0,Good,4.0,Completed
4329.0,17.0,Rasheed Lawal,579.0,2024-12-15 20:22:15.403,17:30:00,17.0,Very Poor,1.0,Completed
4330.0,1.0,Emeka Okafor,580.0,2025-01-20 20:22:15.403,11:09:00,20.0,Poor,2.0,Completed
4331.0,1.0,Emeka Okafor,580.0,2024-03-27 20:22:15.403,19:33:00,22.0,Excellent,5.0,Completed
4332.0,1.0,Emeka Okafor,580.0,2024-05-04 20:22:15.403,09:15:00,27.0,Very Poor,1.0,Completed
4333.0,1.0,Emeka Okafor,580.0,2024-05-21 20:22:15.403,12:31:00,10.0,Excellent,5.0,Completed
4334.0,1.0,Emeka Okafor,580.0,2024-04-21 20:22:15.403,09:49:00,2.0,Average,3.0,Completed
4335.0,1.0,Emeka Okafor,580.0,2024-12-13 20:22:15.403,16:47:00,1.0,Excellent,5.0,Completed
4336.0,1.0,Emeka Okafor,580.0,2024-08-11 20:22:15.403,09:08:00,18.0,Average,3.0,Completed
4337.0,1.0,Emeka Okafor,580.0,2024-12-06 20:22:15.403,12:13:00,9.0,Very Poor,1.0,Completed
4338.0,1.0,Emeka Okafor,580.0,2024-09-06 20:22:15.403,10:26:00,29.0,Good,4.0,Completed
4339.0,1.0,Emeka Okafor,580.0,2024-06-24 20:22:15.403,19:43:00,13.0,Good,4.0,Completed
4340.0,3.0,Tunde Balogun,581.0,2025-01-18 20:22:15.403,14:21:00,17.0,Poor,2.0,Completed
4341.0,3.0,Tunde Balogun,581.0,2024-07-12 20:22:15.403,14:30:00,15.0,Average,3.0,Completed
4342.0,3.0,Tunde Balogun,581.0,2024-06-15 20:22:15.403,08:02:00,18.0,Very Poor,1.0,Completed
4343.0,3.0,Tunde Balogun,581.0,2024-05-26 20:22:15.403,13:50:00,18.0,Poor,2.0,Completed
4344.0,3.0,Tunde Balogun,581.0,2025-02-25 20:22:15.403,13:52:00,21.0,Very Poor,1.0,Completed
4345.0,3.0,Tunde Balogun,581.0,2024-04-07 20:22:15.403,17:00:00,17.0,Average,3.0,Completed
4346.0,3.0,Tunde Balogun,581.0,2024-08-24 20:22:15.403,10:07:00,9.0,Good,4.0,Completed
4347.0,3.0,Tunde Balogun,581.0,2025-02-28 20:22:15.403,12:33:00,14.0,Excellent,5.0,Completed
4348.0,3.0,Tunde Balogun,581.0,2025-02-25 20:22:15.403,18:58:00,28.0,Poor,2.0,Completed
4349.0,3.0,Tunde Balogun,581.0,2024-09-25 20:22:15.403,08:04:00,1.0,Average,3.0,Completed
4350.0,2.0,Chioma Nwosu,582.0,2024-03-10 20:22:15.403,19:15:00,14.0,Good,4.0,Completed
4351.0,2.0,Chioma Nwosu,582.0,2025-01-26 20:22:15.403,11:30:00,24.0,Very Poor,1.0,Completed
4352.0,2.0,Chioma Nwosu,582.0,2024-04-01 20:22:15.403,19:57:00,16.0,Good,4.0,Completed
4353.0,2.0,Chioma Nwosu,582.0,2024-09-22 20:22:15.403,18:06:00,26.0,Excellent,5.0,Completed
4354.0,2.0,Chioma Nwosu,582.0,2024-11-20 20:22:15.403,08:29:00,5.0,Very Poor,1.0,Completed
4355.0,2.0,Chioma Nwosu,582.0,2024-12-21 20:22:15.403,18:37:00,13.0,Excellent,5.0,Completed
4356.0,2.0,Chioma Nwosu,582.0,2024-12-08 20:22:15.403,15:17:00,18.0,Average,3.0,Completed
4357.0,2.0,Chioma Nwosu,582.0,2024-11-02 20:22:15.403,17:26:00,8.0,Average,3.0,Completed
4358.0,2.0,Chioma Nwosu,582.0,2024-04-13 20:22:15.403,13:21:00,5.0,Very Poor,1.0,Completed
4359.0,2.0,Chioma Nwosu,582.0,2024-11-29 20:22:15.403,14:58:00,11.0,Poor,2.0,Completed
4360.0,16.0,Chika Umeh,583.0,2024-05-08 20:22:15.403,16:52:00,1.0,Average,3.0,Completed
4361.0,16.0,Chika Umeh,583.0,2024-08-22 20:22:15.403,17:42:00,13.0,Very Poor,1.0,Completed
4362.0,16.0,Chika Umeh,583.0,2024-12-24 20:22:15.403,17:21:00,8.0,Good,4.0,Completed
4363.0,16.0,Chika Umeh,583.0,2024-05-19 20:22:15.403,16:06:00,29.0,Average,3.0,Completed
4364.0,16.0,Chika Umeh,583.0,2024-03-10 20:22:15.403,14:48:00,10.0,Poor,2.0,Completed
4365.0,16.0,Chika Umeh,583.0,2024-10-26 20:22:15.403,18:04:00,3.0,Good,4.0,Completed
4366.0,16.0,Chika Umeh,583.0,2024-05-28 20:22:15.403,09:57:00,4.0,Average,3.0,Completed
4367.0,16.0,Chika Umeh,583.0,2024-05-08 20:22:15.403,08:07:00,17.0,Very Poor,1.0,Completed
4368.0,1.0,Emeka Okafor,584.0,2024-11-02 20:22:15.403,12:40:00,16.0,Good,4.0,Completed
4369.0,1.0,Emeka Okafor,584.0,2024-04-23 20:22:15.403,11:55:00,12.0,Poor,2.0,Completed
4370.0,1.0,Emeka Okafor,584.0,2024-09-09 20:22:15.403,17:53:00,21.0,Excellent,5.0,Completed
4371.0,1.0,Emeka Okafor,584.0,2024-06-12 20:22:15.403,15:59:00,2.0,Excellent,5.0,Completed
4372.0,1.0,Emeka Okafor,584.0,2025-01-23 20:22:15.403,10:11:00,25.0,Excellent,5.0,Completed
4373.0,1.0,Emeka Okafor,584.0,2024-06-08 20:22:15.403,11:20:00,21.0,Excellent,5.0,Completed
4374.0,1.0,Emeka Okafor,584.0,2024-03-28 20:22:15.403,11:59:00,2.0,Excellent,5.0,Completed
4375.0,1.0,Emeka Okafor,584.0,2024-08-25 20:22:15.403,08:42:00,2.0,Very Poor,1.0,Completed
4376.0,1.0,Emeka Okafor,584.0,2025-01-17 20:22:15.403,16:53:00,9.0,Excellent,5.0,Completed
4377.0,10.0,Chinedu Opara,585.0,2025-02-27 20:22:15.403,11:51:00,25.0,Average,3.0,Completed
4378.0,10.0,Chinedu Opara,585.0,2024-08-17 20:22:15.403,14:25:00,27.0,Good,4.0,Completed
4379.0,10.0,Chinedu Opara,585.0,2024-03-14 20:22:15.403,16:29:00,18.0,Excellent,5.0,Completed
4380.0,10.0,Chinedu Opara,585.0,2024-05-08 20:22:15.403,13:21:00,8.0,Poor,2.0,Completed
4381.0,10.0,Chinedu Opara,585.0,2025-01-26 20:22:15.403,09:35:00,4.0,Average,3.0,Completed
4382.0,10.0,Chinedu Opara,585.0,2024-05-02 20:22:15.403,17:14:00,7.0,Good,4.0,Completed
4383.0,10.0,Chinedu Opara,585.0,2024-06-27 20:22:15.403,15:23:00,12.0,Good,4.0,Completed
4384.0,10.0,Chinedu Opara,585.0,2024-03-28 20:22:15.403,08:20:00,19.0,Good,4.0,Completed
4385.0,4.0,Aisha Mohammed,586.0,2024-10-20 20:22:15.403,12:14:00,24.0,Good,4.0,Completed
4386.0,4.0,Aisha Mohammed,586.0,2025-01-23 20:22:15.403,13:27:00,1.0,Average,3.0,Completed
4387.0,4.0,Aisha Mohammed,586.0,2024-09-12 20:22:15.403,16:10:00,5.0,Poor,2.0,Completed
4388.0,4.0,Aisha Mohammed,586.0,2025-01-30 20:22:15.403,08:23:00,13.0,Excellent,5.0,Completed
4389.0,4.0,Aisha Mohammed,586.0,2024-07-12 20:22:15.403,17:52:00,12.0,Excellent,5.0,Completed
4390.0,4.0,Aisha Mohammed,586.0,2024-12-12 20:22:15.403,10:34:00,17.0,Excellent,5.0,Completed
4391.0,17.0,Rasheed Lawal,587.0,2024-07-22 20:22:15.403,13:14:00,10.0,Average,3.0,Completed
4392.0,17.0,Rasheed Lawal,587.0,2024-08-21 20:22:15.403,17:40:00,19.0,Poor,2.0,Completed
4393.0,17.0,Rasheed Lawal,587.0,2024-11-01 20:22:15.403,13:26:00,18.0,Average,3.0,Completed
4394.0,17.0,Rasheed Lawal,587.0,2024-11-03 20:22:15.403,12:34:00,23.0,Average,3.0,Completed
4395.0,17.0,Rasheed Lawal,587.0,2024-10-13 20:22:15.403,19:35:00,8.0,Very Poor,1.0,Completed
4396.0,1.0,Emeka Okafor,588.0,2024-05-14 20:22:15.403,13:37:00,13.0,Very Poor,1.0,Completed
4397.0,1.0,Emeka Okafor,588.0,2025-01-21 20:22:15.403,13:24:00,29.0,Average,3.0,Completed
4398.0,1.0,Emeka Okafor,588.0,2024-05-02 20:22:15.403,10:33:00,5.0,Poor,2.0,Completed
4399.0,1.0,Emeka Okafor,588.0,2024-06-29 20:22:15.403,09:10:00,27.0,Excellent,5.0,Completed
4400.0,1.0,Emeka Okafor,588.0,2024-07-21 20:22:15.403,10:20:00,19.0,Poor,2.0,Completed
4401.0,1.0,Emeka Okafor,588.0,2024-12-28 20:22:15.403,13:57:00,26.0,Poor,2.0,Completed
4402.0,1.0,Emeka Okafor,588.0,2024-06-10 20:22:15.403,19:17:00,23.0,Good,4.0,Completed
4403.0,1.0,Emeka Okafor,588.0,2024-09-07 20:22:15.403,12:52:00,27.0,Average,3.0,Completed
4404.0,1.0,Emeka Okafor,588.0,2024-07-13 20:22:15.403,10:59:00,9.0,Poor,2.0,Completed
4405.0,1.0,Emeka Okafor,588.0,2024-05-02 20:22:15.403,09:23:00,22.0,Poor,2.0,Completed
4406.0,14.0,Zainab Suleiman,589.0,2024-04-05 20:22:15.403,19:08:00,4.0,Good,4.0,Completed
4407.0,14.0,Zainab Suleiman,589.0,2024-10-15 20:22:15.403,14:42:00,14.0,Average,3.0,Completed
4408.0,14.0,Zainab Suleiman,589.0,2024-07-10 20:22:15.403,12:34:00,1.0,Excellent,5.0,Completed
4409.0,14.0,Zainab Suleiman,589.0,2024-08-08 20:22:15.403,10:15:00,16.0,Average,3.0,Completed
4410.0,14.0,Zainab Suleiman,589.0,2024-10-06 20:22:15.403,18:29:00,11.0,Very Poor,1.0,Completed
4411.0,14.0,Zainab Suleiman,589.0,2024-12-09 20:22:15.403,17:22:00,29.0,Excellent,5.0,Completed
4412.0,7.0,Segun Oladipo,590.0,2024-03-10 20:22:15.403,17:13:00,11.0,Very Poor,1.0,Completed
4413.0,7.0,Segun Oladipo,590.0,2024-08-02 20:22:15.403,10:50:00,4.0,Excellent,5.0,Completed
4414.0,7.0,Segun Oladipo,590.0,2024-03-16 20:22:15.403,19:14:00,13.0,Excellent,5.0,Completed
4415.0,7.0,Segun Oladipo,590.0,2025-02-09 20:22:15.403,16:39:00,20.0,Excellent,5.0,Completed
4416.0,7.0,Segun Oladipo,590.0,2024-09-15 20:22:15.403,10:26:00,28.0,Excellent,5.0,Completed
4417.0,11.0,Kemi Adebanjo,591.0,2024-04-05 20:22:15.403,19:07:00,7.0,Average,3.0,Completed
4418.0,11.0,Kemi Adebanjo,591.0,2024-08-25 20:22:15.403,08:44:00,23.0,Excellent,5.0,Completed
4419.0,11.0,Kemi Adebanjo,591.0,2024-07-06 20:22:15.403,09:02:00,27.0,Excellent,5.0,Completed
4420.0,11.0,Kemi Adebanjo,591.0,2024-12-27 20:22:15.403,15:05:00,8.0,Very Poor,1.0,Completed
4421.0,11.0,Kemi Adebanjo,591.0,2024-12-06 20:22:15.403,19:59:00,22.0,Average,3.0,Completed
4422.0,11.0,Kemi Adebanjo,591.0,2024-04-11 20:22:15.403,14:31:00,11.0,Poor,2.0,Completed
4423.0,11.0,Kemi Adebanjo,591.0,2024-05-27 20:22:15.403,18:07:00,26.0,Excellent,5.0,Completed
4424.0,11.0,Kemi Adebanjo,591.0,2024-09-21 20:22:15.403,15:35:00,22.0,Good,4.0,Completed
4425.0,12.0,Yakubu Bello,592.0,2024-09-20 20:22:15.403,16:35:00,24.0,Average,3.0,Completed
4426.0,12.0,Yakubu Bello,592.0,2024-05-09 20:22:15.403,16:09:00,25.0,Good,4.0,Completed
4427.0,12.0,Yakubu Bello,592.0,2024-05-24 20:22:15.403,17:04:00,9.0,Very Poor,1.0,Completed
4428.0,12.0,Yakubu Bello,592.0,2024-06-02 20:22:15.403,09:38:00,20.0,Excellent,5.0,Completed
4429.0,12.0,Yakubu Bello,592.0,2024-03-23 20:22:15.403,13:19:00,6.0,Excellent,5.0,Completed
4430.0,17.0,Rasheed Lawal,593.0,2024-12-13 20:22:15.403,17:39:00,22.0,Poor,2.0,Completed
4431.0,17.0,Rasheed Lawal,593.0,2024-11-25 20:22:15.403,17:53:00,18.0,Poor,2.0,Completed
4432.0,17.0,Rasheed Lawal,593.0,2024-03-27 20:22:15.403,16:01:00,22.0,Excellent,5.0,Completed
4433.0,17.0,Rasheed Lawal,593.0,2024-05-04 20:22:15.403,15:33:00,14.0,Poor,2.0,Completed
4434.0,17.0,Rasheed Lawal,593.0,2024-06-20 20:22:15.403,18:07:00,28.0,Good,4.0,Completed
4435.0,6.0,Funke Adeyemi,594.0,2024-03-19 20:22:15.403,14:15:00,19.0,Very Poor,1.0,Completed
4436.0,6.0,Funke Adeyemi,594.0,2024-06-25 20:22:15.403,10:56:00,7.0,Poor,2.0,Completed
4437.0,6.0,Funke Adeyemi,594.0,2024-09-03 20:22:15.403,08:25:00,21.0,Good,4.0,Completed
4438.0,6.0,Funke Adeyemi,594.0,2024-05-09 20:22:15.403,13:44:00,14.0,Poor,2.0,Completed
4439.0,6.0,Funke Adeyemi,594.0,2024-05-22 20:22:15.403,12:03:00,17.0,Excellent,5.0,Completed
4440.0,6.0,Funke Adeyemi,594.0,2024-06-14 20:22:15.403,18:04:00,18.0,Good,4.0,Completed
4441.0,8.0,Ngozi Okonkwo,595.0,2025-02-16 20:22:15.403,10:12:00,5.0,Poor,2.0,Completed
4442.0,8.0,Ngozi Okonkwo,595.0,2024-06-21 20:22:15.403,12:41:00,21.0,Excellent,5.0,Completed
4443.0,8.0,Ngozi Okonkwo,595.0,2025-02-04 20:22:15.403,18:10:00,23.0,Poor,2.0,Completed
4444.0,8.0,Ngozi Okonkwo,595.0,2024-09-12 20:22:15.403,17:28:00,1.0,Poor,2.0,Completed
4445.0,8.0,Ngozi Okonkwo,595.0,2025-02-05 20:22:15.403,11:07:00,5.0,Poor,2.0,Completed
4446.0,8.0,Ngozi Okonkwo,595.0,2025-03-05 20:22:15.403,14:15:00,26.0,Good,4.0,Completed
4447.0,8.0,Ngozi Okonkwo,595.0,2025-03-05 20:22:15.403,09:06:00,12.0,Good,4.0,Completed
4448.0,8.0,Ngozi Okonkwo,595.0,2024-08-15 20:22:15.403,18:52:00,6.0,Excellent,5.0,Completed
4449.0,8.0,Ngozi Okonkwo,595.0,2024-06-16 20:22:15.403,12:49:00,22.0,Average,3.0,Completed
4450.0,1.0,Emeka Okafor,596.0,2024-03-17 20:22:15.403,11:51:00,9.0,Excellent,5.0,Completed
4451.0,1.0,Emeka Okafor,596.0,2024-08-06 20:22:15.403,17:08:00,12.0,Poor,2.0,Completed
4452.0,1.0,Emeka Okafor,596.0,2024-07-26 20:22:15.403,16:37:00,5.0,Average,3.0,Completed
4453.0,1.0,Emeka Okafor,596.0,2024-07-28 20:22:15.403,19:22:00,15.0,Very Poor,1.0,Completed
4454.0,1.0,Emeka Okafor,596.0,2024-12-24 20:22:15.403,09:39:00,28.0,Good,4.0,Completed
4455.0,2.0,Chioma Nwosu,597.0,2024-08-08 20:22:15.403,12:38:00,2.0,Very Poor,1.0,Completed
4456.0,2.0,Chioma Nwosu,597.0,2025-02-22 20:22:15.403,08:45:00,16.0,Good,4.0,Completed
4457.0,2.0,Chioma Nwosu,597.0,2025-02-10 20:22:15.403,12:05:00,6.0,Very Poor,1.0,Completed
4458.0,2.0,Chioma Nwosu,597.0,2025-01-06 20:22:15.403,16:39:00,14.0,Very Poor,1.0,Completed
4459.0,2.0,Chioma Nwosu,597.0,2024-03-12 20:22:15.403,10:20:00,24.0,Average,3.0,Completed
4460.0,7.0,Segun Oladipo,598.0,2024-07-24 20:22:15.403,08:49:00,4.0,Good,4.0,Completed
4461.0,7.0,Segun Oladipo,598.0,2024-07-22 20:22:15.403,12:20:00,15.0,Good,4.0,Completed
4462.0,7.0,Segun Oladipo,598.0,2024-10-21 20:22:15.403,15:42:00,10.0,Poor,2.0,Completed
4463.0,7.0,Segun Oladipo,598.0,2025-02-28 20:22:15.403,11:19:00,22.0,Poor,2.0,Completed
4464.0,7.0,Segun Oladipo,598.0,2024-04-11 20:22:15.403,17:02:00,12.0,Poor,2.0,Completed
4465.0,7.0,Segun Oladipo,598.0,2025-02-05 20:22:15.403,17:22:00,18.0,Excellent,5.0,Completed
4466.0,7.0,Segun Oladipo,598.0,2024-11-09 20:22:15.403,10:37:00,15.0,Excellent,5.0,Completed
4467.0,7.0,Segun Oladipo,598.0,2025-01-19 20:22:15.403,09:25:00,18.0,Average,3.0,Completed
4468.0,14.0,Zainab Suleiman,599.0,2024-11-08 20:22:15.403,10:05:00,15.0,Average,3.0,Completed
4469.0,14.0,Zainab Suleiman,599.0,2024-03-29 20:22:15.403,13:37:00,7.0,Very Poor,1.0,Completed
4470.0,14.0,Zainab Suleiman,599.0,2024-12-26 20:22:15.403,08:34:00,27.0,Poor,2.0,Completed
4471.0,14.0,Zainab Suleiman,599.0,2024-03-23 20:22:15.403,17:12:00,6.0,Excellent,5.0,Completed
4472.0,14.0,Zainab Suleiman,599.0,2024-06-21 20:22:15.403,14:41:00,27.0,Poor,2.0,Completed
4473.0,14.0,Zainab Suleiman,599.0,2024-08-25 20:22:15.403,10:45:00,26.0,Good,4.0,Completed
4474.0,14.0,Zainab Suleiman,599.0,2024-03-14 20:22:15.403,16:32:00,10.0,Poor,2.0,Completed
4475.0,14.0,Zainab Suleiman,599.0,2024-10-23 20:22:15.403,18:31:00,15.0,Average,3.0,Completed
4476.0,14.0,Zainab Suleiman,599.0,2024-10-26 20:22:15.403,09:35:00,22.0,Good,4.0,Completed
4477.0,14.0,Zainab Suleiman,599.0,2024-07-12 20:22:15.403,14:22:00,16.0,Very Poor,1.0,Completed
4478.0,19.0,Felix Odion,600.0,2024-04-20 20:22:15.403,10:22:00,27.0,Poor,2.0,Completed
4479.0,19.0,Felix Odion,600.0,2025-01-12 20:22:15.403,12:15:00,10.0,Poor,2.0,Completed
4480.0,19.0,Felix Odion,600.0,2024-09-08 20:22:15.403,18:34:00,16.0,Average,3.0,Completed
4481.0,19.0,Felix Odion,600.0,2025-02-07 20:22:15.403,11:17:00,16.0,Good,4.0,Completed
4482.0,19.0,Felix Odion,600.0,2024-08-24 20:22:15.403,14:12:00,26.0,Very Poor,1.0,Completed
4483.0,19.0,Felix Odion,600.0,2024-12-20 20:22:15.403,12:03:00,12.0,Very Poor,1.0,Completed
4484.0,19.0,Felix Odion,600.0,2024-09-26 20:22:15.403,16:46:00,4.0,Poor,2.0,Completed
4485.0,19.0,Felix Odion,600.0,2025-02-06 20:22:15.403,10:59:00,26.0,Very Poor,1.0,Completed
4486.0,3.0,Tunde Balogun,601.0,2025-01-16 20:22:15.403,09:50:00,15.0,Good,4.0,Completed
4487.0,3.0,Tunde Balogun,601.0,2024-11-29 20:22:15.403,13:13:00,1.0,Very Poor,1.0,Completed
4488.0,3.0,Tunde Balogun,601.0,2024-05-28 20:22:15.403,09:53:00,19.0,Good,4.0,Completed
4489.0,3.0,Tunde Balogun,601.0,2024-07-26 20:22:15.403,19:11:00,24.0,Excellent,5.0,Completed
4490.0,3.0,Tunde Balogun,601.0,2024-11-24 20:22:15.403,09:34:00,22.0,Average,3.0,Completed
4491.0,3.0,Tunde Balogun,601.0,2025-01-29 20:22:15.403,12:58:00,1.0,Very Poor,1.0,Completed
4492.0,3.0,Tunde Balogun,601.0,2024-06-05 20:22:15.403,13:58:00,27.0,Average,3.0,Completed
4493.0,3.0,Tunde Balogun,601.0,2024-10-30 20:22:15.403,08:44:00,7.0,Good,4.0,Completed
4494.0,3.0,Tunde Balogun,601.0,2024-11-23 20:22:15.403,14:02:00,3.0,Average,3.0,Completed
4495.0,3.0,Tunde Balogun,601.0,2024-10-02 20:22:15.403,16:21:00,10.0,Good,4.0,Completed
4496.0,13.0,Bola Akinwunmi,602.0,2024-04-20 20:22:15.403,09:31:00,27.0,Poor,2.0,Completed
4497.0,13.0,Bola Akinwunmi,602.0,2024-09-20 20:22:15.403,10:48:00,13.0,Good,4.0,Completed
4498.0,13.0,Bola Akinwunmi,602.0,2024-07-20 20:22:15.403,19:11:00,13.0,Poor,2.0,Completed
4499.0,13.0,Bola Akinwunmi,602.0,2024-05-12 20:22:15.403,13:37:00,24.0,Very Poor,1.0,Completed
4500.0,13.0,Bola Akinwunmi,602.0,2025-02-08 20:22:15.403,15:12:00,15.0,Excellent,5.0,Completed
4501.0,13.0,Bola Akinwunmi,602.0,2024-07-24 20:22:15.403,14:11:00,2.0,Average,3.0,Completed
4502.0,10.0,Chinedu Opara,603.0,2024-12-20 20:22:15.403,13:20:00,5.0,Excellent,5.0,Completed
4503.0,10.0,Chinedu Opara,603.0,2024-11-20 20:22:15.403,18:28:00,18.0,Good,4.0,Completed
4504.0,10.0,Chinedu Opara,603.0,2025-01-31 20:22:15.403,19:09:00,24.0,Very Poor,1.0,Completed
4505.0,10.0,Chinedu Opara,603.0,2024-06-03 20:22:15.403,08:55:00,15.0,Average,3.0,Completed
4506.0,10.0,Chinedu Opara,603.0,2024-04-23 20:22:15.403,11:45:00,24.0,Poor,2.0,Completed
4507.0,10.0,Chinedu Opara,603.0,2024-05-02 20:22:15.403,15:57:00,12.0,Excellent,5.0,Completed
4508.0,10.0,Chinedu Opara,603.0,2024-03-23 20:22:15.403,18:50:00,27.0,Average,3.0,Completed
4509.0,10.0,Chinedu Opara,603.0,2024-10-15 20:22:15.403,17:43:00,9.0,Poor,2.0,Completed
4510.0,10.0,Chinedu Opara,603.0,2024-08-31 20:22:15.403,15:17:00,26.0,Very Poor,1.0,Completed
4511.0,10.0,Chinedu Opara,603.0,2024-11-12 20:22:15.403,10:30:00,12.0,Excellent,5.0,Completed
4512.0,15.0,Gbenga Adesina,604.0,2024-03-23 20:22:15.403,19:28:00,13.0,Excellent,5.0,Completed
4513.0,15.0,Gbenga Adesina,604.0,2025-02-13 20:22:15.403,18:00:00,19.0,Poor,2.0,Completed
4514.0,15.0,Gbenga Adesina,604.0,2024-06-26 20:22:15.403,11:04:00,21.0,Poor,2.0,Completed
4515.0,15.0,Gbenga Adesina,604.0,2024-09-04 20:22:15.403,16:50:00,7.0,Good,4.0,Completed
4516.0,15.0,Gbenga Adesina,604.0,2025-01-18 20:22:15.403,10:15:00,16.0,Very Poor,1.0,Completed
4517.0,15.0,Gbenga Adesina,604.0,2024-08-25 20:22:15.403,19:03:00,12.0,Excellent,5.0,Completed
4518.0,15.0,Gbenga Adesina,604.0,2024-04-21 20:22:15.403,10:58:00,19.0,Poor,2.0,Completed
4519.0,15.0,Gbenga Adesina,604.0,2024-07-30 20:22:15.403,16:25:00,3.0,Good,4.0,Completed
4520.0,15.0,Gbenga Adesina,605.0,2025-01-11 20:22:15.403,13:23:00,29.0,Average,3.0,Completed
4521.0,15.0,Gbenga Adesina,605.0,2024-12-04 20:22:15.403,15:11:00,15.0,Average,3.0,Completed
4522.0,15.0,Gbenga Adesina,605.0,2024-12-30 20:22:15.403,19:58:00,4.0,Very Poor,1.0,Completed
4523.0,15.0,Gbenga Adesina,605.0,2024-08-23 20:22:15.403,13:00:00,8.0,Poor,2.0,Completed
4524.0,15.0,Gbenga Adesina,605.0,2025-01-19 20:22:15.403,12:42:00,13.0,Poor,2.0,Completed
4525.0,15.0,Gbenga Adesina,605.0,2024-07-01 20:22:15.403,19:51:00,19.0,Average,3.0,Completed
4526.0,15.0,Gbenga Adesina,605.0,2024-05-26 20:22:15.403,14:55:00,3.0,Excellent,5.0,Completed
4527.0,15.0,Gbenga Adesina,605.0,2024-06-07 20:22:15.403,12:05:00,11.0,Excellent,5.0,Completed
4528.0,15.0,Gbenga Adesina,605.0,2024-07-17 20:22:15.403,16:00:00,16.0,Excellent,5.0,Completed
4529.0,15.0,Gbenga Adesina,605.0,2024-05-24 20:22:15.403,11:24:00,26.0,Very Poor,1.0,Completed
4530.0,5.0,Obinna Eze,606.0,2024-04-20 20:22:15.403,09:11:00,5.0,Very Poor,1.0,Completed
4531.0,5.0,Obinna Eze,606.0,2024-12-28 20:22:15.403,14:11:00,20.0,Excellent,5.0,Completed
4532.0,5.0,Obinna Eze,606.0,2024-07-12 20:22:15.403,17:52:00,8.0,Average,3.0,Completed
4533.0,5.0,Obinna Eze,606.0,2024-07-10 20:22:15.403,12:37:00,22.0,Average,3.0,Completed
4534.0,5.0,Obinna Eze,606.0,2024-04-26 20:22:15.403,14:10:00,3.0,Very Poor,1.0,Completed
4535.0,5.0,Obinna Eze,606.0,2024-12-19 20:22:15.403,19:26:00,15.0,Very Poor,1.0,Completed
4536.0,5.0,Obinna Eze,606.0,2024-12-20 20:22:15.403,14:47:00,5.0,Average,3.0,Completed
4537.0,5.0,Obinna Eze,606.0,2024-07-31 20:22:15.403,12:09:00,21.0,Excellent,5.0,Completed
4538.0,5.0,Obinna Eze,606.0,2025-01-02 20:22:15.403,12:02:00,2.0,Excellent,5.0,Completed
4539.0,5.0,Obinna Eze,606.0,2024-08-17 20:22:15.403,19:13:00,8.0,Very Poor,1.0,Completed
4540.0,7.0,Segun Oladipo,607.0,2024-10-11 20:22:15.403,16:30:00,24.0,Good,4.0,Completed
4541.0,7.0,Segun Oladipo,607.0,2024-05-02 20:22:15.403,18:38:00,16.0,Good,4.0,Completed
4542.0,7.0,Segun Oladipo,607.0,2024-11-14 20:22:15.403,16:36:00,10.0,Poor,2.0,Completed
4543.0,7.0,Segun Oladipo,607.0,2024-08-17 20:22:15.403,18:40:00,26.0,Poor,2.0,Completed
4544.0,7.0,Segun Oladipo,607.0,2024-09-19 20:22:15.403,10:55:00,16.0,Good,4.0,Completed
4545.0,7.0,Segun Oladipo,607.0,2025-01-11 20:22:15.403,19:02:00,27.0,Average,3.0,Completed
4546.0,7.0,Segun Oladipo,607.0,2024-05-27 20:22:15.403,10:56:00,24.0,Good,4.0,Completed
4547.0,7.0,Segun Oladipo,607.0,2024-05-02 20:22:15.403,19:45:00,19.0,Average,3.0,Completed
4548.0,7.0,Segun Oladipo,607.0,2024-03-19 20:22:15.403,16:40:00,17.0,Good,4.0,Completed
4549.0,9.0,Ibrahim Danjuma,608.0,2024-04-13 20:22:15.403,13:41:00,15.0,Excellent,5.0,Completed
4550.0,9.0,Ibrahim Danjuma,608.0,2024-03-19 20:22:15.403,12:19:00,5.0,Excellent,5.0,Completed
4551.0,9.0,Ibrahim Danjuma,608.0,2024-04-04 20:22:15.403,11:43:00,8.0,Poor,2.0,Completed
4552.0,9.0,Ibrahim Danjuma,608.0,2024-03-20 20:22:15.403,15:13:00,26.0,Good,4.0,Completed
4553.0,9.0,Ibrahim Danjuma,608.0,2025-01-22 20:22:15.403,17:16:00,7.0,Average,3.0,Completed
4554.0,9.0,Ibrahim Danjuma,608.0,2024-09-25 20:22:15.403,12:13:00,7.0,Good,4.0,Completed
4555.0,9.0,Ibrahim Danjuma,608.0,2024-07-27 20:22:15.403,17:47:00,14.0,Poor,2.0,Completed
4556.0,9.0,Ibrahim Danjuma,608.0,2024-10-25 20:22:15.403,12:36:00,6.0,Poor,2.0,Completed
4557.0,9.0,Ibrahim Danjuma,608.0,2024-12-07 20:22:15.403,10:44:00,11.0,Average,3.0,Completed
4558.0,4.0,Aisha Mohammed,609.0,2024-05-01 20:22:15.403,09:20:00,7.0,Good,4.0,Completed
4559.0,4.0,Aisha Mohammed,609.0,2024-11-12 20:22:15.403,18:06:00,6.0,Average,3.0,Completed
4560.0,4.0,Aisha Mohammed,609.0,2024-12-12 20:22:15.403,16:38:00,13.0,Excellent,5.0,Completed
4561.0,4.0,Aisha Mohammed,609.0,2024-12-31 20:22:15.403,09:31:00,21.0,Very Poor,1.0,Completed
4562.0,4.0,Aisha Mohammed,609.0,2024-08-02 20:22:15.403,16:46:00,22.0,Poor,2.0,Completed
4563.0,4.0,Aisha Mohammed,609.0,2025-03-04 20:22:15.403,08:06:00,5.0,Excellent,5.0,Completed
4564.0,12.0,Yakubu Bello,610.0,2024-11-17 20:22:15.403,18:56:00,13.0,Good,4.0,Completed
4565.0,12.0,Yakubu Bello,610.0,2024-07-29 20:22:15.403,08:25:00,24.0,Excellent,5.0,Completed
4566.0,12.0,Yakubu Bello,610.0,2024-04-25 20:22:15.403,17:46:00,5.0,Good,4.0,Completed
4567.0,12.0,Yakubu Bello,610.0,2024-06-12 20:22:15.403,12:33:00,11.0,Average,3.0,Completed
4568.0,12.0,Yakubu Bello,610.0,2024-07-17 20:22:15.403,14:42:00,10.0,Poor,2.0,Completed
4569.0,12.0,Yakubu Bello,610.0,2024-03-27 20:22:15.403,13:55:00,10.0,Excellent,5.0,Completed
4570.0,12.0,Yakubu Bello,610.0,2024-10-07 20:22:15.403,11:04:00,16.0,Very Poor,1.0,Completed
4571.0,12.0,Yakubu Bello,610.0,2024-05-24 20:22:15.403,10:41:00,10.0,Good,4.0,Completed
4572.0,12.0,Yakubu Bello,610.0,2024-10-31 20:22:15.403,16:14:00,13.0,Excellent,5.0,Completed
4573.0,12.0,Yakubu Bello,610.0,2025-01-01 20:22:15.403,12:09:00,11.0,Poor,2.0,Completed
4574.0,20.0,Adewale Ogunleye,611.0,2024-11-12 20:22:15.403,17:19:00,4.0,Average,3.0,Completed
4575.0,20.0,Adewale Ogunleye,611.0,2024-11-26 20:22:15.403,10:16:00,24.0,Good,4.0,Completed
4576.0,20.0,Adewale Ogunleye,611.0,2024-04-18 20:22:15.403,14:57:00,11.0,Very Poor,1.0,Completed
4577.0,20.0,Adewale Ogunleye,611.0,2024-07-13 20:22:15.403,11:36:00,22.0,Very Poor,1.0,Completed
4578.0,20.0,Adewale Ogunleye,611.0,2024-10-29 20:22:15.403,15:05:00,26.0,Average,3.0,Completed
4579.0,20.0,Adewale Ogunleye,611.0,2024-07-14 20:22:15.403,12:13:00,15.0,Very Poor,1.0,Completed
4580.0,20.0,Adewale Ogunleye,611.0,2024-04-11 20:22:15.403,14:46:00,16.0,Excellent,5.0,Completed
4581.0,20.0,Adewale Ogunleye,611.0,2024-03-30 20:22:15.403,09:45:00,22.0,Average,3.0,Completed
4582.0,18.0,Amaka Obi,612.0,2024-12-10 20:22:15.403,16:24:00,14.0,Very Poor,1.0,Completed
4583.0,18.0,Amaka Obi,612.0,2024-03-28 20:22:15.403,19:17:00,16.0,Excellent,5.0,Completed
4584.0,18.0,Amaka Obi,612.0,2024-06-05 20:22:15.403,19:54:00,16.0,Very Poor,1.0,Completed
4585.0,18.0,Amaka Obi,612.0,2024-04-13 20:22:15.403,09:45:00,6.0,Very Poor,1.0,Completed
4586.0,18.0,Amaka Obi,612.0,2024-12-12 20:22:15.403,19:33:00,4.0,Excellent,5.0,Completed
4587.0,18.0,Amaka Obi,612.0,2024-08-17 20:22:15.403,14:22:00,19.0,Good,4.0,Completed
4588.0,18.0,Amaka Obi,612.0,2024-11-28 20:22:15.403,15:07:00,18.0,Good,4.0,Completed
4589.0,18.0,Amaka Obi,612.0,2024-09-05 20:22:15.403,08:00:00,17.0,Poor,2.0,Completed
4590.0,16.0,Chika Umeh,613.0,2025-02-07 20:22:15.403,13:23:00,17.0,Good,4.0,Completed
4591.0,16.0,Chika Umeh,613.0,2024-06-17 20:22:15.403,15:24:00,6.0,Average,3.0,Completed
4592.0,16.0,Chika Umeh,613.0,2025-02-05 20:22:15.403,19:09:00,16.0,Excellent,5.0,Completed
4593.0,16.0,Chika Umeh,613.0,2024-06-16 20:22:15.403,15:37:00,22.0,Good,4.0,Completed
4594.0,16.0,Chika Umeh,613.0,2024-07-25 20:22:15.403,17:08:00,29.0,Very Poor,1.0,Completed
4595.0,16.0,Chika Umeh,613.0,2024-10-03 20:22:15.403,16:15:00,4.0,Poor,2.0,Completed
4596.0,16.0,Chika Umeh,613.0,2024-06-11 20:22:15.403,15:54:00,9.0,Average,3.0,Completed
4597.0,3.0,Tunde Balogun,614.0,2024-11-17 20:22:15.403,16:20:00,3.0,Poor,2.0,Completed
4598.0,3.0,Tunde Balogun,614.0,2024-12-28 20:22:15.403,12:58:00,8.0,Excellent,5.0,Completed
4599.0,3.0,Tunde Balogun,614.0,2024-10-22 20:22:15.403,08:50:00,8.0,Good,4.0,Completed
4600.0,3.0,Tunde Balogun,614.0,2024-09-09 20:22:15.403,19:06:00,7.0,Very Poor,1.0,Completed
4601.0,3.0,Tunde Balogun,614.0,2024-09-14 20:22:15.403,17:35:00,25.0,Average,3.0,Completed
4602.0,3.0,Tunde Balogun,614.0,2024-10-09 20:22:15.403,13:07:00,28.0,Excellent,5.0,Completed
4603.0,3.0,Tunde Balogun,614.0,2024-05-09 20:22:15.403,12:36:00,28.0,Excellent,5.0,Completed
4604.0,3.0,Tunde Balogun,614.0,2024-10-07 20:22:15.403,12:42:00,13.0,Very Poor,1.0,Completed
4605.0,3.0,Tunde Balogun,614.0,2024-10-20 20:22:15.403,11:31:00,23.0,Average,3.0,Completed
4606.0,3.0,Tunde Balogun,614.0,2024-06-07 20:22:15.403,11:37:00,24.0,Excellent,5.0,Completed
4607.0,7.0,Segun Oladipo,615.0,2024-07-23 20:22:15.403,15:17:00,25.0,Excellent,5.0,Completed
4608.0,7.0,Segun Oladipo,615.0,2024-08-15 20:22:15.403,12:34:00,11.0,Excellent,5.0,Completed
4609.0,7.0,Segun Oladipo,615.0,2024-08-08 20:22:15.403,10:56:00,25.0,Poor,2.0,Completed
4610.0,7.0,Segun Oladipo,615.0,2024-04-06 20:22:15.403,11:48:00,5.0,Good,4.0,Completed
4611.0,7.0,Segun Oladipo,615.0,2024-07-24 20:22:15.403,15:44:00,19.0,Excellent,5.0,Completed
4612.0,13.0,Bola Akinwunmi,616.0,2024-05-15 20:22:15.403,18:30:00,13.0,Good,4.0,Completed
4613.0,13.0,Bola Akinwunmi,616.0,2024-07-30 20:22:15.403,12:42:00,28.0,Very Poor,1.0,Completed
4614.0,13.0,Bola Akinwunmi,616.0,2024-03-14 20:22:15.403,08:40:00,26.0,Average,3.0,Completed
4615.0,13.0,Bola Akinwunmi,616.0,2024-09-06 20:22:15.403,14:36:00,4.0,Good,4.0,Completed
4616.0,13.0,Bola Akinwunmi,616.0,2024-11-10 20:22:15.403,11:44:00,10.0,Excellent,5.0,Completed
4617.0,20.0,Adewale Ogunleye,617.0,2025-01-07 20:22:15.403,08:02:00,18.0,Very Poor,1.0,Completed
4618.0,20.0,Adewale Ogunleye,617.0,2024-08-08 20:22:15.403,08:07:00,8.0,Very Poor,1.0,Completed
4619.0,20.0,Adewale Ogunleye,617.0,2024-08-28 20:22:15.403,17:30:00,19.0,Poor,2.0,Completed
4620.0,20.0,Adewale Ogunleye,617.0,2024-03-26 20:22:15.403,09:41:00,12.0,Very Poor,1.0,Completed
4621.0,20.0,Adewale Ogunleye,617.0,2024-03-14 20:22:15.403,16:26:00,2.0,Excellent,5.0,Completed
4622.0,20.0,Adewale Ogunleye,617.0,2024-05-24 20:22:15.403,16:13:00,24.0,Good,4.0,Completed
4623.0,20.0,Adewale Ogunleye,617.0,2024-11-06 20:22:15.403,17:48:00,13.0,Poor,2.0,Completed
4624.0,20.0,Adewale Ogunleye,617.0,2024-08-05 20:22:15.403,17:42:00,10.0,Poor,2.0,Completed
4625.0,20.0,Adewale Ogunleye,617.0,2024-10-16 20:22:15.403,14:57:00,27.0,Very Poor,1.0,Completed
4626.0,6.0,Funke Adeyemi,618.0,2025-02-10 20:22:15.403,08:41:00,23.0,Average,3.0,Completed
4627.0,6.0,Funke Adeyemi,618.0,2024-11-04 20:22:15.403,10:59:00,5.0,Poor,2.0,Completed
4628.0,6.0,Funke Adeyemi,618.0,2024-10-19 20:22:15.403,18:58:00,2.0,Good,4.0,Completed
4629.0,6.0,Funke Adeyemi,618.0,2024-08-02 20:22:15.403,19:11:00,23.0,Average,3.0,Completed
4630.0,6.0,Funke Adeyemi,618.0,2025-02-21 20:22:15.403,09:53:00,24.0,Very Poor,1.0,Completed
4631.0,6.0,Funke Adeyemi,618.0,2024-05-31 20:22:15.403,19:02:00,11.0,Excellent,5.0,Completed
4632.0,6.0,Funke Adeyemi,618.0,2024-04-29 20:22:15.403,11:40:00,24.0,Excellent,5.0,Completed
4633.0,6.0,Funke Adeyemi,618.0,2024-11-23 20:22:15.403,18:17:00,15.0,Average,3.0,Completed
4634.0,6.0,Funke Adeyemi,618.0,2024-08-28 20:22:15.403,11:50:00,5.0,Poor,2.0,Completed
4635.0,6.0,Funke Adeyemi,618.0,2025-01-10 20:22:15.403,09:41:00,18.0,Very Poor,1.0,Completed
4636.0,8.0,Ngozi Okonkwo,619.0,2024-09-18 20:22:15.403,17:59:00,20.0,Poor,2.0,Completed
4637.0,8.0,Ngozi Okonkwo,619.0,2024-07-11 20:22:15.403,10:52:00,29.0,Poor,2.0,Completed
4638.0,8.0,Ngozi Okonkwo,619.0,2024-10-18 20:22:15.403,14:53:00,16.0,Average,3.0,Completed
4639.0,8.0,Ngozi Okonkwo,619.0,2024-07-28 20:22:15.403,16:06:00,7.0,Very Poor,1.0,Completed
4640.0,8.0,Ngozi Okonkwo,619.0,2024-06-05 20:22:15.403,18:57:00,11.0,Good,4.0,Completed
4641.0,8.0,Ngozi Okonkwo,619.0,2025-01-23 20:22:15.403,16:10:00,6.0,Poor,2.0,Completed
4642.0,8.0,Ngozi Okonkwo,619.0,2025-02-16 20:22:15.403,16:51:00,12.0,Poor,2.0,Completed
4643.0,8.0,Ngozi Okonkwo,619.0,2024-10-22 20:22:15.403,15:12:00,22.0,Good,4.0,Completed
4644.0,8.0,Ngozi Okonkwo,619.0,2024-05-29 20:22:15.403,17:39:00,26.0,Average,3.0,Completed
4645.0,7.0,Segun Oladipo,620.0,2024-07-04 20:22:15.403,11:11:00,11.0,Average,3.0,Completed
4646.0,7.0,Segun Oladipo,620.0,2024-12-09 20:22:15.403,11:26:00,24.0,Good,4.0,Completed
4647.0,7.0,Segun Oladipo,620.0,2024-06-17 20:22:15.403,17:42:00,17.0,Poor,2.0,Completed
4648.0,7.0,Segun Oladipo,620.0,2024-09-25 20:22:15.403,19:18:00,12.0,Excellent,5.0,Completed
4649.0,7.0,Segun Oladipo,620.0,2025-01-20 20:22:15.403,09:00:00,6.0,Average,3.0,Completed
4650.0,7.0,Segun Oladipo,620.0,2024-10-21 20:22:15.403,14:36:00,6.0,Good,4.0,Completed
4651.0,7.0,Segun Oladipo,620.0,2024-10-28 20:22:15.403,10:37:00,27.0,Very Poor,1.0,Completed
4652.0,7.0,Segun Oladipo,620.0,2024-08-19 20:22:15.403,09:31:00,12.0,Very Poor,1.0,Completed
4653.0,8.0,Ngozi Okonkwo,621.0,2024-08-29 20:22:15.403,18:29:00,10.0,Good,4.0,Completed
4654.0,8.0,Ngozi Okonkwo,621.0,2024-09-18 20:22:15.403,16:02:00,23.0,Very Poor,1.0,Completed
4655.0,8.0,Ngozi Okonkwo,621.0,2024-09-25 20:22:15.403,18:02:00,3.0,Good,4.0,Completed
4656.0,8.0,Ngozi Okonkwo,621.0,2024-04-27 20:22:15.403,13:49:00,26.0,Good,4.0,Completed
4657.0,8.0,Ngozi Okonkwo,621.0,2024-11-25 20:22:15.403,18:57:00,13.0,Average,3.0,Completed
4658.0,8.0,Ngozi Okonkwo,621.0,2025-01-20 20:22:15.403,08:24:00,22.0,Poor,2.0,Completed
4659.0,8.0,Ngozi Okonkwo,621.0,2024-04-09 20:22:15.403,09:55:00,10.0,Very Poor,1.0,Completed
4660.0,8.0,Ngozi Okonkwo,621.0,2024-08-22 20:22:15.403,10:06:00,22.0,Average,3.0,Completed
4661.0,8.0,Ngozi Okonkwo,621.0,2024-12-07 20:22:15.403,14:25:00,7.0,Poor,2.0,Completed
4662.0,13.0,Bola Akinwunmi,622.0,2024-11-13 20:22:15.403,13:23:00,26.0,Very Poor,1.0,Completed
4663.0,13.0,Bola Akinwunmi,622.0,2024-12-31 20:22:15.403,10:00:00,18.0,Average,3.0,Completed
4664.0,13.0,Bola Akinwunmi,622.0,2025-02-23 20:22:15.403,13:12:00,6.0,Very Poor,1.0,Completed
4665.0,13.0,Bola Akinwunmi,622.0,2024-10-29 20:22:15.403,11:49:00,21.0,Excellent,5.0,Completed
4666.0,13.0,Bola Akinwunmi,622.0,2024-11-30 20:22:15.403,16:55:00,9.0,Average,3.0,Completed
4667.0,13.0,Bola Akinwunmi,622.0,2024-09-17 20:22:15.403,19:36:00,8.0,Poor,2.0,Completed
4668.0,13.0,Bola Akinwunmi,623.0,2024-03-25 20:22:15.403,11:02:00,22.0,Very Poor,1.0,Completed
4669.0,13.0,Bola Akinwunmi,623.0,2024-03-20 20:22:15.403,13:08:00,28.0,Poor,2.0,Completed
4670.0,13.0,Bola Akinwunmi,623.0,2024-09-21 20:22:15.403,18:28:00,18.0,Average,3.0,Completed
4671.0,13.0,Bola Akinwunmi,623.0,2025-02-24 20:22:15.403,08:15:00,28.0,Very Poor,1.0,Completed
4672.0,13.0,Bola Akinwunmi,623.0,2024-10-16 20:22:15.403,15:28:00,20.0,Very Poor,1.0,Completed
4673.0,13.0,Bola Akinwunmi,623.0,2024-10-23 20:22:15.403,15:26:00,21.0,Average,3.0,Completed
4674.0,13.0,Bola Akinwunmi,623.0,2024-08-14 20:22:15.403,15:22:00,3.0,Very Poor,1.0,Completed
4675.0,13.0,Bola Akinwunmi,623.0,2024-10-03 20:22:15.403,10:45:00,6.0,Excellent,5.0,Completed
4676.0,13.0,Bola Akinwunmi,623.0,2024-07-16 20:22:15.403,17:28:00,8.0,Very Poor,1.0,Completed
4677.0,9.0,Ibrahim Danjuma,624.0,2024-04-22 20:22:15.403,11:31:00,4.0,Average,3.0,Completed
4678.0,9.0,Ibrahim Danjuma,624.0,2025-01-15 20:22:15.403,18:47:00,29.0,Good,4.0,Completed
4679.0,9.0,Ibrahim Danjuma,624.0,2024-03-22 20:22:15.403,17:33:00,6.0,Poor,2.0,Completed
4680.0,9.0,Ibrahim Danjuma,624.0,2024-04-27 20:22:15.403,10:05:00,7.0,Excellent,5.0,Completed
4681.0,9.0,Ibrahim Danjuma,624.0,2024-08-12 20:22:15.403,16:51:00,19.0,Excellent,5.0,Completed
4682.0,9.0,Ibrahim Danjuma,624.0,2024-10-04 20:22:15.403,08:35:00,10.0,Very Poor,1.0,Completed
4683.0,9.0,Ibrahim Danjuma,624.0,2024-10-24 20:22:15.403,17:14:00,8.0,Excellent,5.0,Completed
4684.0,9.0,Ibrahim Danjuma,625.0,2025-01-21 20:22:15.403,08:28:00,21.0,Poor,2.0,Completed
4685.0,9.0,Ibrahim Danjuma,625.0,2024-07-19 20:22:15.403,17:58:00,11.0,Good,4.0,Completed
4686.0,9.0,Ibrahim Danjuma,625.0,2024-05-17 20:22:15.403,08:11:00,29.0,Good,4.0,Completed
4687.0,9.0,Ibrahim Danjuma,625.0,2024-09-23 20:22:15.403,10:09:00,24.0,Very Poor,1.0,Completed
4688.0,9.0,Ibrahim Danjuma,625.0,2024-06-21 20:22:15.403,12:16:00,4.0,Poor,2.0,Completed
4689.0,9.0,Ibrahim Danjuma,625.0,2025-02-17 20:22:15.403,09:48:00,28.0,Very Poor,1.0,Completed
4690.0,9.0,Ibrahim Danjuma,625.0,2025-02-02 20:22:15.403,09:22:00,29.0,Poor,2.0,Completed
4691.0,9.0,Ibrahim Danjuma,625.0,2024-09-13 20:22:15.403,18:27:00,10.0,Excellent,5.0,Completed
4692.0,19.0,Felix Odion,626.0,2025-01-14 20:22:15.403,08:28:00,28.0,Good,4.0,Completed
4693.0,19.0,Felix Odion,626.0,2025-01-05 20:22:15.403,16:02:00,29.0,Excellent,5.0,Completed
4694.0,19.0,Felix Odion,626.0,2024-04-19 20:22:15.403,14:44:00,19.0,Poor,2.0,Completed
4695.0,19.0,Felix Odion,626.0,2025-02-09 20:22:15.403,12:37:00,29.0,Good,4.0,Completed
4696.0,19.0,Felix Odion,626.0,2024-10-08 20:22:15.403,08:10:00,9.0,Average,3.0,Completed
4697.0,9.0,Ibrahim Danjuma,627.0,2024-10-20 20:22:15.403,12:26:00,8.0,Poor,2.0,Completed
4698.0,9.0,Ibrahim Danjuma,627.0,2024-03-30 20:22:15.403,19:57:00,12.0,Very Poor,1.0,Completed
4699.0,9.0,Ibrahim Danjuma,627.0,2024-08-23 20:22:15.403,12:02:00,6.0,Good,4.0,Completed
4700.0,9.0,Ibrahim Danjuma,627.0,2024-07-01 20:22:15.403,18:39:00,24.0,Excellent,5.0,Completed
4701.0,9.0,Ibrahim Danjuma,627.0,2024-06-08 20:22:15.403,14:41:00,7.0,Good,4.0,Completed
4702.0,9.0,Ibrahim Danjuma,627.0,2024-09-17 20:22:15.403,14:46:00,21.0,Good,4.0,Completed
4703.0,9.0,Ibrahim Danjuma,627.0,2025-01-18 20:22:15.403,14:49:00,29.0,Very Poor,1.0,Completed
4704.0,9.0,Ibrahim Danjuma,627.0,2024-09-25 20:22:15.403,13:11:00,5.0,Very Poor,1.0,Completed
4705.0,9.0,Ibrahim Danjuma,627.0,2025-01-01 20:22:15.403,13:36:00,4.0,Excellent,5.0,Completed
4706.0,18.0,Amaka Obi,628.0,2025-01-12 20:22:15.403,08:55:00,26.0,Excellent,5.0,Completed
4707.0,18.0,Amaka Obi,628.0,2024-06-25 20:22:15.403,19:33:00,6.0,Good,4.0,Completed
4708.0,18.0,Amaka Obi,628.0,2024-11-16 20:22:15.403,18:02:00,4.0,Average,3.0,Completed
4709.0,18.0,Amaka Obi,628.0,2024-08-02 20:22:15.403,11:55:00,1.0,Average,3.0,Completed
4710.0,18.0,Amaka Obi,628.0,2024-10-24 20:22:15.403,15:11:00,19.0,Very Poor,1.0,Completed
4711.0,18.0,Amaka Obi,628.0,2024-06-06 20:22:15.403,13:43:00,2.0,Very Poor,1.0,Completed
4712.0,18.0,Amaka Obi,628.0,2025-03-01 20:22:15.403,10:45:00,2.0,Average,3.0,Completed
4713.0,18.0,Amaka Obi,628.0,2025-03-06 20:22:15.403,13:59:00,11.0,Good,4.0,Completed
4714.0,16.0,Chika Umeh,629.0,2024-12-13 20:22:15.403,13:26:00,3.0,Good,4.0,Completed
4715.0,16.0,Chika Umeh,629.0,2025-02-19 20:22:15.403,12:13:00,11.0,Average,3.0,Completed
4716.0,16.0,Chika Umeh,629.0,2024-12-03 20:22:15.403,16:20:00,25.0,Excellent,5.0,Completed
4717.0,16.0,Chika Umeh,629.0,2024-06-14 20:22:15.403,16:35:00,12.0,Poor,2.0,Completed
4718.0,16.0,Chika Umeh,629.0,2024-04-18 20:22:15.403,12:11:00,14.0,Poor,2.0,Completed
4719.0,16.0,Chika Umeh,629.0,2024-04-28 20:22:15.403,13:22:00,10.0,Average,3.0,Completed
4720.0,16.0,Chika Umeh,629.0,2024-06-22 20:22:15.403,17:09:00,12.0,Very Poor,1.0,Completed
4721.0,16.0,Chika Umeh,629.0,2025-02-27 20:22:15.403,08:15:00,22.0,Very Poor,1.0,Completed
4722.0,16.0,Chika Umeh,629.0,2024-03-09 20:22:15.403,12:54:00,14.0,Excellent,5.0,Completed
4723.0,19.0,Felix Odion,630.0,2024-11-04 20:22:15.403,16:09:00,14.0,Very Poor,1.0,Completed
4724.0,19.0,Felix Odion,630.0,2024-06-15 20:22:15.403,19:29:00,28.0,Excellent,5.0,Completed
4725.0,19.0,Felix Odion,630.0,2024-03-19 20:22:15.403,18:02:00,3.0,Average,3.0,Completed
4726.0,19.0,Felix Odion,630.0,2024-06-11 20:22:15.403,19:33:00,27.0,Average,3.0,Completed
4727.0,19.0,Felix Odion,630.0,2024-10-29 20:22:15.403,10:29:00,29.0,Poor,2.0,Completed
4728.0,19.0,Felix Odion,630.0,2024-09-12 20:22:15.403,19:50:00,2.0,Average,3.0,Completed
4729.0,19.0,Felix Odion,630.0,2025-02-08 20:22:15.403,10:51:00,13.0,Average,3.0,Completed
4730.0,19.0,Felix Odion,630.0,2024-07-14 20:22:15.403,18:53:00,5.0,Average,3.0,Completed
4731.0,18.0,Amaka Obi,631.0,2024-08-04 20:22:15.403,18:08:00,19.0,Excellent,5.0,Completed
4732.0,18.0,Amaka Obi,631.0,2024-03-15 20:22:15.403,09:59:00,19.0,Good,4.0,Completed
4733.0,18.0,Amaka Obi,631.0,2024-04-27 20:22:15.403,14:37:00,21.0,Poor,2.0,Completed
4734.0,18.0,Amaka Obi,631.0,2024-07-01 20:22:15.403,09:10:00,18.0,Excellent,5.0,Completed
4735.0,18.0,Amaka Obi,631.0,2024-11-21 20:22:15.403,12:31:00,6.0,Average,3.0,Completed
4736.0,18.0,Amaka Obi,631.0,2025-03-07 20:22:15.403,10:38:00,20.0,Poor,2.0,Completed
4737.0,18.0,Amaka Obi,631.0,2024-08-15 20:22:15.403,11:36:00,7.0,Excellent,5.0,Completed
4738.0,18.0,Amaka Obi,631.0,2025-01-30 20:22:15.403,17:58:00,14.0,Poor,2.0,Completed
4739.0,18.0,Amaka Obi,631.0,2024-08-22 20:22:15.403,15:21:00,12.0,Good,4.0,Completed
4740.0,18.0,Amaka Obi,631.0,2024-12-29 20:22:15.403,10:16:00,9.0,Poor,2.0,Completed
4741.0,9.0,Ibrahim Danjuma,632.0,2024-09-08 20:22:15.403,09:51:00,27.0,Average,3.0,Completed
4742.0,9.0,Ibrahim Danjuma,632.0,2024-05-12 20:22:15.403,14:38:00,15.0,Average,3.0,Completed
4743.0,9.0,Ibrahim Danjuma,632.0,2024-11-25 20:22:15.403,13:33:00,29.0,Excellent,5.0,Completed
4744.0,9.0,Ibrahim Danjuma,632.0,2024-10-02 20:22:15.403,16:13:00,22.0,Very Poor,1.0,Completed
4745.0,9.0,Ibrahim Danjuma,632.0,2024-06-22 20:22:15.403,11:39:00,29.0,Average,3.0,Completed
4746.0,9.0,Ibrahim Danjuma,632.0,2025-01-07 20:22:15.403,16:49:00,11.0,Very Poor,1.0,Completed
4747.0,7.0,Segun Oladipo,633.0,2024-03-29 20:22:15.403,14:45:00,4.0,Very Poor,1.0,Completed
4748.0,7.0,Segun Oladipo,633.0,2024-12-02 20:22:15.403,17:25:00,21.0,Excellent,5.0,Completed
4749.0,7.0,Segun Oladipo,633.0,2024-08-16 20:22:15.403,15:30:00,4.0,Good,4.0,Completed
4750.0,7.0,Segun Oladipo,633.0,2024-04-10 20:22:15.403,18:53:00,27.0,Poor,2.0,Completed
4751.0,7.0,Segun Oladipo,633.0,2025-02-04 20:22:15.403,09:54:00,7.0,Good,4.0,Completed
4752.0,7.0,Segun Oladipo,633.0,2025-01-06 20:22:15.403,15:36:00,13.0,Poor,2.0,Completed
4753.0,7.0,Segun Oladipo,633.0,2024-06-25 20:22:15.403,11:15:00,19.0,Poor,2.0,Completed
4754.0,6.0,Funke Adeyemi,634.0,2025-02-21 20:22:15.403,18:53:00,1.0,Poor,2.0,Completed
4755.0,6.0,Funke Adeyemi,634.0,2025-01-30 20:22:15.403,09:47:00,26.0,Very Poor,1.0,Completed
4756.0,6.0,Funke Adeyemi,634.0,2024-11-10 20:22:15.403,13:37:00,18.0,Average,3.0,Completed
4757.0,6.0,Funke Adeyemi,634.0,2024-03-09 20:22:15.403,18:20:00,16.0,Excellent,5.0,Completed
4758.0,6.0,Funke Adeyemi,634.0,2024-11-27 20:22:15.403,10:57:00,12.0,Very Poor,1.0,Completed
4759.0,20.0,Adewale Ogunleye,635.0,2024-06-21 20:22:15.403,19:16:00,9.0,Very Poor,1.0,Completed
4760.0,20.0,Adewale Ogunleye,635.0,2024-09-23 20:22:15.403,16:07:00,28.0,Very Poor,1.0,Completed
4761.0,20.0,Adewale Ogunleye,635.0,2025-01-12 20:22:15.403,08:14:00,20.0,Very Poor,1.0,Completed
4762.0,20.0,Adewale Ogunleye,635.0,2024-12-22 20:22:15.403,12:03:00,5.0,Excellent,5.0,Completed
4763.0,20.0,Adewale Ogunleye,635.0,2024-07-14 20:22:15.403,08:33:00,2.0,Excellent,5.0,Completed
4764.0,20.0,Adewale Ogunleye,635.0,2024-07-12 20:22:15.403,09:42:00,29.0,Good,4.0,Completed
4765.0,9.0,Ibrahim Danjuma,636.0,2024-07-14 20:22:15.403,16:35:00,7.0,Very Poor,1.0,Completed
4766.0,9.0,Ibrahim Danjuma,636.0,2024-06-20 20:22:15.403,15:40:00,3.0,Very Poor,1.0,Completed
4767.0,9.0,Ibrahim Danjuma,636.0,2024-04-23 20:22:15.403,12:54:00,18.0,Average,3.0,Completed
4768.0,9.0,Ibrahim Danjuma,636.0,2024-04-12 20:22:15.403,08:35:00,7.0,Average,3.0,Completed
4769.0,9.0,Ibrahim Danjuma,636.0,2024-08-20 20:22:15.403,13:58:00,25.0,Good,4.0,Completed
4770.0,9.0,Ibrahim Danjuma,636.0,2024-07-04 20:22:15.403,16:03:00,9.0,Poor,2.0,Completed
4771.0,9.0,Ibrahim Danjuma,636.0,2024-07-18 20:22:15.403,09:49:00,28.0,Excellent,5.0,Completed
4772.0,9.0,Ibrahim Danjuma,636.0,2025-01-23 20:22:15.403,16:39:00,9.0,Average,3.0,Completed
4773.0,9.0,Ibrahim Danjuma,636.0,2024-08-25 20:22:15.403,16:26:00,10.0,Very Poor,1.0,Completed
4774.0,7.0,Segun Oladipo,637.0,2025-01-31 20:22:15.403,09:04:00,2.0,Very Poor,1.0,Completed
4775.0,7.0,Segun Oladipo,637.0,2024-04-22 20:22:15.403,13:33:00,21.0,Excellent,5.0,Completed
4776.0,7.0,Segun Oladipo,637.0,2024-12-03 20:22:15.403,12:47:00,17.0,Good,4.0,Completed
4777.0,7.0,Segun Oladipo,637.0,2024-09-18 20:22:15.403,16:30:00,20.0,Average,3.0,Completed
4778.0,7.0,Segun Oladipo,637.0,2024-08-10 20:22:15.403,09:38:00,27.0,Good,4.0,Completed
4779.0,7.0,Segun Oladipo,637.0,2024-07-13 20:22:15.403,11:16:00,12.0,Good,4.0,Completed
4780.0,20.0,Adewale Ogunleye,638.0,2024-08-27 20:22:15.403,16:06:00,29.0,Excellent,5.0,Completed
4781.0,20.0,Adewale Ogunleye,638.0,2024-11-14 20:22:15.403,15:23:00,1.0,Average,3.0,Completed
4782.0,20.0,Adewale Ogunleye,638.0,2024-10-16 20:22:15.403,17:49:00,1.0,Poor,2.0,Completed
4783.0,20.0,Adewale Ogunleye,638.0,2024-03-21 20:22:15.403,12:44:00,2.0,Poor,2.0,Completed
4784.0,20.0,Adewale Ogunleye,638.0,2025-02-27 20:22:15.403,08:40:00,26.0,Good,4.0,Completed
4785.0,20.0,Adewale Ogunleye,638.0,2024-03-08 20:22:15.403,08:58:00,4.0,Excellent,5.0,Completed
4786.0,20.0,Adewale Ogunleye,639.0,2024-08-05 20:22:15.403,10:04:00,15.0,Excellent,5.0,Completed
4787.0,20.0,Adewale Ogunleye,639.0,2024-07-05 20:22:15.403,18:01:00,11.0,Good,4.0,Completed
4788.0,20.0,Adewale Ogunleye,639.0,2024-11-24 20:22:15.403,13:11:00,2.0,Excellent,5.0,Completed
4789.0,20.0,Adewale Ogunleye,639.0,2024-12-19 20:22:15.403,18:40:00,4.0,Good,4.0,Completed
4790.0,20.0,Adewale Ogunleye,639.0,2025-01-01 20:22:15.403,18:16:00,18.0,Good,4.0,Completed
4791.0,20.0,Adewale Ogunleye,639.0,2024-06-26 20:22:15.403,18:13:00,25.0,Average,3.0,Completed
4792.0,9.0,Ibrahim Danjuma,640.0,2025-01-27 20:22:15.403,10:35:00,28.0,Poor,2.0,Completed
4793.0,9.0,Ibrahim Danjuma,640.0,2024-07-18 20:22:15.403,17:04:00,7.0,Good,4.0,Completed
4794.0,9.0,Ibrahim Danjuma,640.0,2024-07-03 20:22:15.403,13:54:00,28.0,Very Poor,1.0,Completed
4795.0,9.0,Ibrahim Danjuma,640.0,2024-07-23 20:22:15.403,11:44:00,18.0,Good,4.0,Completed
4796.0,9.0,Ibrahim Danjuma,640.0,2024-11-12 20:22:15.403,15:44:00,4.0,Good,4.0,Completed
4797.0,9.0,Ibrahim Danjuma,640.0,2024-06-12 20:22:15.403,12:10:00,16.0,Excellent,5.0,Completed
4798.0,9.0,Ibrahim Danjuma,640.0,2024-12-20 20:22:15.403,17:18:00,10.0,Excellent,5.0,Completed
4799.0,9.0,Ibrahim Danjuma,640.0,2024-04-05 20:22:15.403,13:19:00,28.0,Good,4.0,Completed
4800.0,6.0,Funke Adeyemi,641.0,2024-05-02 20:22:15.403,18:28:00,11.0,Excellent,5.0,Completed
4801.0,6.0,Funke Adeyemi,641.0,2024-05-31 20:22:15.403,17:32:00,20.0,Very Poor,1.0,Completed
4802.0,6.0,Funke Adeyemi,641.0,2025-01-30 20:22:15.403,16:09:00,6.0,Average,3.0,Completed
4803.0,6.0,Funke Adeyemi,641.0,2024-03-26 20:22:15.403,13:14:00,8.0,Poor,2.0,Completed
4804.0,6.0,Funke Adeyemi,641.0,2024-04-11 20:22:15.403,14:18:00,14.0,Poor,2.0,Completed
4805.0,6.0,Funke Adeyemi,641.0,2024-12-18 20:22:15.403,15:40:00,29.0,Good,4.0,Completed
4806.0,6.0,Funke Adeyemi,641.0,2024-03-22 20:22:15.403,16:54:00,22.0,Average,3.0,Completed
4807.0,6.0,Funke Adeyemi,642.0,2024-05-13 20:22:15.403,13:52:00,10.0,Good,4.0,Completed
4808.0,6.0,Funke Adeyemi,642.0,2024-05-05 20:22:15.403,11:12:00,28.0,Excellent,5.0,Completed
4809.0,6.0,Funke Adeyemi,642.0,2024-04-04 20:22:15.403,09:29:00,7.0,Average,3.0,Completed
4810.0,6.0,Funke Adeyemi,642.0,2024-05-29 20:22:15.403,17:42:00,18.0,Good,4.0,Completed
4811.0,6.0,Funke Adeyemi,642.0,2025-01-02 20:22:15.403,15:06:00,26.0,Good,4.0,Completed
4812.0,6.0,Funke Adeyemi,642.0,2024-06-11 20:22:15.403,17:13:00,3.0,Poor,2.0,Completed
4813.0,6.0,Funke Adeyemi,642.0,2024-11-27 20:22:15.403,18:13:00,18.0,Good,4.0,Completed
4814.0,19.0,Felix Odion,643.0,2024-07-17 20:22:15.403,14:31:00,14.0,Good,4.0,Completed
4815.0,19.0,Felix Odion,643.0,2024-09-10 20:22:15.403,18:41:00,27.0,Poor,2.0,Completed
4816.0,19.0,Felix Odion,643.0,2024-11-22 20:22:15.403,09:48:00,9.0,Poor,2.0,Completed
4817.0,19.0,Felix Odion,643.0,2025-01-20 20:22:15.403,18:39:00,3.0,Very Poor,1.0,Completed
4818.0,19.0,Felix Odion,643.0,2024-11-30 20:22:15.403,19:47:00,23.0,Excellent,5.0,Completed
4819.0,19.0,Felix Odion,643.0,2024-12-14 20:22:15.403,15:32:00,5.0,Excellent,5.0,Completed
4820.0,12.0,Yakubu Bello,644.0,2024-11-27 20:22:15.403,16:07:00,15.0,Average,3.0,Completed
4821.0,12.0,Yakubu Bello,644.0,2025-02-10 20:22:15.403,17:18:00,16.0,Excellent,5.0,Completed
4822.0,12.0,Yakubu Bello,644.0,2024-07-19 20:22:15.403,11:56:00,11.0,Average,3.0,Completed
4823.0,12.0,Yakubu Bello,644.0,2024-04-24 20:22:15.403,15:06:00,8.0,Poor,2.0,Completed
4824.0,12.0,Yakubu Bello,644.0,2024-04-14 20:22:15.403,12:26:00,20.0,Excellent,5.0,Completed
4825.0,5.0,Obinna Eze,645.0,2025-02-20 20:22:15.403,14:39:00,9.0,Average,3.0,Completed
4826.0,5.0,Obinna Eze,645.0,2024-11-16 20:22:15.403,12:41:00,13.0,Average,3.0,Completed
4827.0,5.0,Obinna Eze,645.0,2024-04-12 20:22:15.403,12:46:00,28.0,Excellent,5.0,Completed
4828.0,5.0,Obinna Eze,645.0,2024-04-24 20:22:15.403,12:21:00,29.0,Very Poor,1.0,Completed
4829.0,5.0,Obinna Eze,645.0,2024-06-07 20:22:15.403,09:43:00,21.0,Poor,2.0,Completed
4830.0,5.0,Obinna Eze,645.0,2024-03-22 20:22:15.403,10:26:00,22.0,Good,4.0,Completed
4831.0,5.0,Obinna Eze,645.0,2024-10-31 20:22:15.403,19:25:00,13.0,Good,4.0,Completed
4832.0,13.0,Bola Akinwunmi,646.0,2024-10-17 20:22:15.403,16:09:00,12.0,Excellent,5.0,Completed
4833.0,13.0,Bola Akinwunmi,646.0,2024-10-18 20:22:15.403,14:01:00,21.0,Poor,2.0,Completed
4834.0,13.0,Bola Akinwunmi,646.0,2024-09-28 20:22:15.403,12:31:00,3.0,Very Poor,1.0,Completed
4835.0,13.0,Bola Akinwunmi,646.0,2024-06-23 20:22:15.403,11:07:00,14.0,Excellent,5.0,Completed
4836.0,13.0,Bola Akinwunmi,646.0,2024-11-10 20:22:15.403,16:30:00,1.0,Good,4.0,Completed
4837.0,13.0,Bola Akinwunmi,646.0,2025-01-20 20:22:15.403,12:51:00,21.0,Average,3.0,Completed
4838.0,13.0,Bola Akinwunmi,646.0,2024-09-02 20:22:15.403,08:06:00,23.0,Excellent,5.0,Completed
4839.0,13.0,Bola Akinwunmi,646.0,2024-03-30 20:22:15.403,13:31:00,10.0,Very Poor,1.0,Completed
4840.0,13.0,Bola Akinwunmi,646.0,2025-01-08 20:22:15.403,12:52:00,13.0,Very Poor,1.0,Completed
4841.0,10.0,Chinedu Opara,647.0,2024-05-26 20:22:15.403,19:16:00,2.0,Average,3.0,Completed
4842.0,10.0,Chinedu Opara,647.0,2024-12-30 20:22:15.403,12:30:00,13.0,Average,3.0,Completed
4843.0,10.0,Chinedu Opara,647.0,2024-04-13 20:22:15.403,17:28:00,3.0,Average,3.0,Completed
4844.0,10.0,Chinedu Opara,647.0,2025-01-27 20:22:15.403,13:48:00,4.0,Good,4.0,Completed
4845.0,10.0,Chinedu Opara,647.0,2024-08-05 20:22:15.403,12:43:00,27.0,Good,4.0,Completed
4846.0,10.0,Chinedu Opara,647.0,2024-05-02 20:22:15.403,17:44:00,14.0,Excellent,5.0,Completed
4847.0,10.0,Chinedu Opara,647.0,2024-05-26 20:22:15.403,18:51:00,26.0,Excellent,5.0,Completed
4848.0,10.0,Chinedu Opara,647.0,2024-08-23 20:22:15.403,11:46:00,10.0,Poor,2.0,Completed
4849.0,10.0,Chinedu Opara,647.0,2024-08-30 20:22:15.403,19:47:00,15.0,Very Poor,1.0,Completed
4850.0,10.0,Chinedu Opara,647.0,2024-11-11 20:22:15.403,15:05:00,16.0,Poor,2.0,Completed
4851.0,19.0,Felix Odion,648.0,2024-03-12 20:22:15.403,15:13:00,29.0,Good,4.0,Completed
4852.0,19.0,Felix Odion,648.0,2025-03-03 20:22:15.403,12:55:00,15.0,Very Poor,1.0,Completed
4853.0,19.0,Felix Odion,648.0,2025-03-06 20:22:15.403,19:21:00,24.0,Poor,2.0,Completed
4854.0,19.0,Felix Odion,648.0,2024-05-01 20:22:15.403,08:57:00,20.0,Very Poor,1.0,Completed
4855.0,19.0,Felix Odion,648.0,2025-01-29 20:22:15.403,18:48:00,10.0,Very Poor,1.0,Completed
4856.0,19.0,Felix Odion,648.0,2024-03-14 20:22:15.403,12:33:00,18.0,Average,3.0,Completed
4857.0,19.0,Felix Odion,648.0,2024-12-06 20:22:15.403,19:24:00,19.0,Good,4.0,Completed
4858.0,19.0,Felix Odion,648.0,2024-07-18 20:22:15.403,14:55:00,2.0,Poor,2.0,Completed
4859.0,13.0,Bola Akinwunmi,649.0,2024-07-23 20:22:15.403,08:14:00,7.0,Poor,2.0,Completed
4860.0,13.0,Bola Akinwunmi,649.0,2025-03-02 20:22:15.403,14:13:00,3.0,Poor,2.0,Completed
4861.0,13.0,Bola Akinwunmi,649.0,2024-09-09 20:22:15.403,14:58:00,14.0,Poor,2.0,Completed
4862.0,13.0,Bola Akinwunmi,649.0,2025-01-12 20:22:15.403,08:01:00,21.0,Excellent,5.0,Completed
4863.0,13.0,Bola Akinwunmi,649.0,2025-02-24 20:22:15.403,15:01:00,11.0,Good,4.0,Completed
4864.0,3.0,Tunde Balogun,650.0,2024-05-30 20:22:15.403,10:05:00,5.0,Poor,2.0,Completed
4865.0,3.0,Tunde Balogun,650.0,2024-11-18 20:22:15.403,16:26:00,25.0,Poor,2.0,Completed
4866.0,3.0,Tunde Balogun,650.0,2025-01-31 20:22:15.403,10:52:00,13.0,Average,3.0,Completed
4867.0,3.0,Tunde Balogun,650.0,2024-09-07 20:22:15.403,08:18:00,14.0,Average,3.0,Completed
4868.0,3.0,Tunde Balogun,650.0,2024-08-03 20:22:15.403,09:37:00,3.0,Good,4.0,Completed
4869.0,3.0,Tunde Balogun,650.0,2024-10-02 20:22:15.403,17:03:00,20.0,Average,3.0,Completed
4870.0,2.0,Chioma Nwosu,651.0,2025-02-28 20:22:15.403,18:55:00,7.0,Very Poor,1.0,Completed
4871.0,2.0,Chioma Nwosu,651.0,2025-02-27 20:22:15.403,12:51:00,22.0,Average,3.0,Completed
4872.0,2.0,Chioma Nwosu,651.0,2024-11-09 20:22:15.403,12:52:00,6.0,Poor,2.0,Completed
4873.0,2.0,Chioma Nwosu,651.0,2024-04-20 20:22:15.403,17:50:00,29.0,Excellent,5.0,Completed
4874.0,2.0,Chioma Nwosu,651.0,2025-02-21 20:22:15.403,16:33:00,11.0,Good,4.0,Completed
4875.0,2.0,Chioma Nwosu,651.0,2024-11-18 20:22:15.403,17:11:00,25.0,Excellent,5.0,Completed
4876.0,8.0,Ngozi Okonkwo,652.0,2024-08-31 20:22:15.403,09:03:00,17.0,Very Poor,1.0,Completed
4877.0,8.0,Ngozi Okonkwo,652.0,2025-02-19 20:22:15.403,16:50:00,19.0,Average,3.0,Completed
4878.0,8.0,Ngozi Okonkwo,652.0,2024-04-24 20:22:15.403,14:55:00,17.0,Very Poor,1.0,Completed
4879.0,8.0,Ngozi Okonkwo,652.0,2024-08-11 20:22:15.403,19:18:00,12.0,Excellent,5.0,Completed
4880.0,8.0,Ngozi Okonkwo,652.0,2024-12-08 20:22:15.403,13:48:00,3.0,Average,3.0,Completed
4881.0,8.0,Ngozi Okonkwo,652.0,2024-10-03 20:22:15.403,19:12:00,21.0,Average,3.0,Completed
4882.0,8.0,Ngozi Okonkwo,652.0,2024-07-08 20:22:15.403,16:34:00,28.0,Good,4.0,Completed
4883.0,8.0,Ngozi Okonkwo,652.0,2024-08-30 20:22:15.403,18:22:00,3.0,Very Poor,1.0,Completed
4884.0,8.0,Ngozi Okonkwo,652.0,2024-08-17 20:22:15.403,16:41:00,8.0,Excellent,5.0,Completed
4885.0,10.0,Chinedu Opara,653.0,2024-05-08 20:22:15.403,10:11:00,21.0,Excellent,5.0,Completed
4886.0,10.0,Chinedu Opara,653.0,2024-05-15 20:22:15.403,14:27:00,21.0,Poor,2.0,Completed
4887.0,10.0,Chinedu Opara,653.0,2024-08-10 20:22:15.403,16:33:00,2.0,Poor,2.0,Completed
4888.0,10.0,Chinedu Opara,653.0,2024-03-29 20:22:15.403,14:26:00,10.0,Very Poor,1.0,Completed
4889.0,10.0,Chinedu Opara,653.0,2024-08-04 20:22:15.403,17:26:00,6.0,Excellent,5.0,Completed
4890.0,10.0,Chinedu Opara,653.0,2024-04-20 20:22:15.403,08:55:00,22.0,Poor,2.0,Completed
4891.0,10.0,Chinedu Opara,653.0,2024-03-18 20:22:15.403,11:41:00,16.0,Good,4.0,Completed
4892.0,10.0,Chinedu Opara,653.0,2024-06-28 20:22:15.403,17:28:00,29.0,Good,4.0,Completed
4893.0,12.0,Yakubu Bello,654.0,2024-04-04 20:22:15.403,08:43:00,1.0,Poor,2.0,Completed
4894.0,12.0,Yakubu Bello,654.0,2024-06-04 20:22:15.403,12:01:00,22.0,Excellent,5.0,Completed
4895.0,12.0,Yakubu Bello,654.0,2025-01-04 20:22:15.403,19:32:00,19.0,Very Poor,1.0,Completed
4896.0,12.0,Yakubu Bello,654.0,2024-11-20 20:22:15.403,14:51:00,25.0,Very Poor,1.0,Completed
4897.0,12.0,Yakubu Bello,654.0,2024-11-28 20:22:15.403,16:27:00,23.0,Good,4.0,Completed
4898.0,12.0,Yakubu Bello,654.0,2024-12-16 20:22:15.403,17:20:00,14.0,Poor,2.0,Completed
4899.0,12.0,Yakubu Bello,654.0,2025-01-27 20:22:15.403,17:42:00,24.0,Average,3.0,Completed
4900.0,12.0,Yakubu Bello,654.0,2025-01-10 20:22:15.403,19:43:00,25.0,Very Poor,1.0,Completed
4901.0,6.0,Funke Adeyemi,655.0,2024-12-23 20:22:15.403,16:37:00,9.0,Very Poor,1.0,Completed
4902.0,6.0,Funke Adeyemi,655.0,2024-05-29 20:22:15.403,16:59:00,6.0,Excellent,5.0,Completed
4903.0,6.0,Funke Adeyemi,655.0,2024-09-18 20:22:15.403,16:22:00,9.0,Excellent,5.0,Completed
4904.0,6.0,Funke Adeyemi,655.0,2024-12-09 20:22:15.403,14:48:00,9.0,Poor,2.0,Completed
4905.0,6.0,Funke Adeyemi,655.0,2024-09-26 20:22:15.403,15:35:00,19.0,Poor,2.0,Completed
4906.0,6.0,Funke Adeyemi,655.0,2024-04-09 20:22:15.403,17:42:00,23.0,Excellent,5.0,Completed
4907.0,6.0,Funke Adeyemi,655.0,2024-11-16 20:22:15.403,18:23:00,27.0,Good,4.0,Completed
4908.0,3.0,Tunde Balogun,656.0,2024-03-12 20:22:15.403,11:33:00,23.0,Very Poor,1.0,Completed
4909.0,3.0,Tunde Balogun,656.0,2024-12-07 20:22:15.403,11:43:00,14.0,Very Poor,1.0,Completed
4910.0,3.0,Tunde Balogun,656.0,2024-07-25 20:22:15.403,11:14:00,14.0,Average,3.0,Completed
4911.0,3.0,Tunde Balogun,656.0,2025-02-26 20:22:15.403,15:05:00,27.0,Average,3.0,Completed
4912.0,3.0,Tunde Balogun,656.0,2024-09-23 20:22:15.403,16:59:00,11.0,Good,4.0,Completed
4913.0,3.0,Tunde Balogun,656.0,2024-05-07 20:22:15.403,16:34:00,28.0,Excellent,5.0,Completed
4914.0,3.0,Tunde Balogun,656.0,2024-10-04 20:22:15.403,08:44:00,2.0,Poor,2.0,Completed
4915.0,3.0,Tunde Balogun,656.0,2024-03-14 20:22:15.403,15:02:00,4.0,Poor,2.0,Completed
4916.0,3.0,Tunde Balogun,656.0,2024-09-16 20:22:15.403,12:42:00,1.0,Excellent,5.0,Completed
4917.0,3.0,Tunde Balogun,656.0,2024-09-30 20:22:15.403,17:46:00,9.0,Average,3.0,Completed
4918.0,20.0,Adewale Ogunleye,657.0,2024-10-19 20:22:15.403,13:54:00,27.0,Good,4.0,Completed
4919.0,20.0,Adewale Ogunleye,657.0,2024-07-05 20:22:15.403,12:41:00,2.0,Good,4.0,Completed
4920.0,20.0,Adewale Ogunleye,657.0,2024-11-06 20:22:15.403,11:13:00,28.0,Average,3.0,Completed
4921.0,20.0,Adewale Ogunleye,657.0,2024-04-19 20:22:15.403,08:55:00,23.0,Very Poor,1.0,Completed
4922.0,20.0,Adewale Ogunleye,657.0,2024-10-07 20:22:15.403,11:04:00,2.0,Average,3.0,Completed
4923.0,20.0,Adewale Ogunleye,657.0,2024-06-18 20:22:15.403,12:20:00,20.0,Poor,2.0,Completed
4924.0,2.0,Chioma Nwosu,658.0,2024-07-10 20:22:15.403,12:49:00,15.0,Very Poor,1.0,Completed
4925.0,2.0,Chioma Nwosu,658.0,2024-03-16 20:22:15.403,13:21:00,4.0,Good,4.0,Completed
4926.0,2.0,Chioma Nwosu,658.0,2024-04-02 20:22:15.403,15:14:00,4.0,Good,4.0,Completed
4927.0,2.0,Chioma Nwosu,658.0,2024-05-14 20:22:15.403,16:53:00,10.0,Excellent,5.0,Completed
4928.0,2.0,Chioma Nwosu,658.0,2024-08-14 20:22:15.403,12:18:00,1.0,Poor,2.0,Completed
4929.0,2.0,Chioma Nwosu,658.0,2024-11-21 20:22:15.403,13:42:00,12.0,Very Poor,1.0,Completed
4930.0,2.0,Chioma Nwosu,658.0,2025-01-03 20:22:15.403,17:50:00,24.0,Excellent,5.0,Completed
4931.0,2.0,Chioma Nwosu,658.0,2024-07-23 20:22:15.403,10:11:00,24.0,Very Poor,1.0,Completed
4932.0,2.0,Chioma Nwosu,658.0,2025-02-17 20:22:15.403,09:26:00,3.0,Poor,2.0,Completed
4933.0,1.0,Emeka Okafor,659.0,2024-05-15 20:22:15.403,18:43:00,3.0,Good,4.0,Completed
4934.0,1.0,Emeka Okafor,659.0,2024-03-10 20:22:15.403,19:20:00,21.0,Average,3.0,Completed
4935.0,1.0,Emeka Okafor,659.0,2025-02-05 20:22:15.403,19:56:00,5.0,Good,4.0,Completed
4936.0,1.0,Emeka Okafor,659.0,2024-09-21 20:22:15.403,18:15:00,16.0,Very Poor,1.0,Completed
4937.0,1.0,Emeka Okafor,659.0,2024-10-27 20:22:15.403,11:42:00,28.0,Poor,2.0,Completed
4938.0,1.0,Emeka Okafor,659.0,2024-09-04 20:22:15.403,11:40:00,15.0,Good,4.0,Completed
4939.0,10.0,Chinedu Opara,660.0,2024-04-15 20:22:15.403,09:28:00,15.0,Good,4.0,Completed
4940.0,10.0,Chinedu Opara,660.0,2025-01-28 20:22:15.403,15:17:00,3.0,Average,3.0,Completed
4941.0,10.0,Chinedu Opara,660.0,2025-01-22 20:22:15.403,15:20:00,3.0,Poor,2.0,Completed
4942.0,10.0,Chinedu Opara,660.0,2024-03-23 20:22:15.403,19:33:00,12.0,Good,4.0,Completed
4943.0,10.0,Chinedu Opara,660.0,2024-09-24 20:22:15.403,12:19:00,5.0,Average,3.0,Completed
4944.0,10.0,Chinedu Opara,660.0,2024-05-05 20:22:15.403,08:48:00,7.0,Poor,2.0,Completed
4945.0,9.0,Ibrahim Danjuma,661.0,2024-03-21 20:22:15.403,13:44:00,1.0,Good,4.0,Completed
4946.0,9.0,Ibrahim Danjuma,661.0,2024-08-17 20:22:15.403,16:12:00,10.0,Poor,2.0,Completed
4947.0,9.0,Ibrahim Danjuma,661.0,2024-11-03 20:22:15.403,17:26:00,12.0,Poor,2.0,Completed
4948.0,9.0,Ibrahim Danjuma,661.0,2025-01-12 20:22:15.403,16:28:00,15.0,Average,3.0,Completed
4949.0,9.0,Ibrahim Danjuma,661.0,2024-07-02 20:22:15.403,19:26:00,7.0,Good,4.0,Completed
4950.0,16.0,Chika Umeh,662.0,2024-08-05 20:22:15.403,08:36:00,11.0,Good,4.0,Completed
4951.0,16.0,Chika Umeh,662.0,2024-06-13 20:22:15.403,11:15:00,9.0,Poor,2.0,Completed
4952.0,16.0,Chika Umeh,662.0,2024-04-20 20:22:15.403,14:18:00,6.0,Average,3.0,Completed
4953.0,16.0,Chika Umeh,662.0,2024-12-29 20:22:15.403,13:28:00,10.0,Good,4.0,Completed
4954.0,16.0,Chika Umeh,662.0,2024-05-21 20:22:15.403,15:53:00,20.0,Average,3.0,Completed
4955.0,16.0,Chika Umeh,662.0,2024-12-03 20:22:15.403,15:32:00,4.0,Very Poor,1.0,Completed
4956.0,16.0,Chika Umeh,662.0,2024-07-08 20:22:15.403,12:12:00,5.0,Excellent,5.0,Completed
4957.0,16.0,Chika Umeh,662.0,2024-03-27 20:22:15.403,15:52:00,19.0,Excellent,5.0,Completed
4958.0,16.0,Chika Umeh,662.0,2024-10-06 20:22:15.403,15:44:00,6.0,Good,4.0,Completed
4959.0,19.0,Felix Odion,663.0,2024-05-14 20:22:15.403,09:31:00,7.0,Excellent,5.0,Completed
4960.0,19.0,Felix Odion,663.0,2024-11-17 20:22:15.403,09:05:00,5.0,Very Poor,1.0,Completed
4961.0,19.0,Felix Odion,663.0,2024-07-29 20:22:15.403,19:44:00,19.0,Good,4.0,Completed
4962.0,19.0,Felix Odion,663.0,2024-09-21 20:22:15.403,19:45:00,23.0,Good,4.0,Completed
4963.0,19.0,Felix Odion,663.0,2025-01-13 20:22:15.403,13:41:00,19.0,Poor,2.0,Completed
4964.0,19.0,Felix Odion,663.0,2024-06-17 20:22:15.403,16:13:00,24.0,Average,3.0,Completed
4965.0,19.0,Felix Odion,663.0,2024-12-01 20:22:15.403,09:37:00,16.0,Poor,2.0,Completed
4966.0,19.0,Felix Odion,663.0,2025-01-02 20:22:15.403,17:47:00,2.0,Excellent,5.0,Completed
4967.0,19.0,Felix Odion,663.0,2024-12-11 20:22:15.403,12:03:00,4.0,Good,4.0,Completed
4968.0,19.0,Felix Odion,663.0,2024-11-13 20:22:15.403,10:41:00,4.0,Good,4.0,Completed
4969.0,14.0,Zainab Suleiman,664.0,2024-09-03 20:22:15.403,12:28:00,26.0,Average,3.0,Completed
4970.0,14.0,Zainab Suleiman,664.0,2024-10-01 20:22:15.403,16:06:00,8.0,Good,4.0,Completed
4971.0,14.0,Zainab Suleiman,664.0,2024-11-30 20:22:15.403,11:41:00,20.0,Excellent,5.0,Completed
4972.0,14.0,Zainab Suleiman,664.0,2024-10-31 20:22:15.403,16:37:00,18.0,Poor,2.0,Completed
4973.0,14.0,Zainab Suleiman,664.0,2025-01-16 20:22:15.403,08:25:00,20.0,Good,4.0,Completed
4974.0,14.0,Zainab Suleiman,664.0,2024-09-12 20:22:15.403,18:55:00,20.0,Excellent,5.0,Completed
4975.0,12.0,Yakubu Bello,665.0,2024-03-28 20:22:15.403,10:29:00,27.0,Good,4.0,Completed
4976.0,12.0,Yakubu Bello,665.0,2024-09-17 20:22:15.403,08:59:00,3.0,Very Poor,1.0,Completed
4977.0,12.0,Yakubu Bello,665.0,2024-09-05 20:22:15.403,17:31:00,26.0,Excellent,5.0,Completed
4978.0,12.0,Yakubu Bello,665.0,2024-11-17 20:22:15.403,09:51:00,5.0,Good,4.0,Completed
4979.0,12.0,Yakubu Bello,665.0,2024-11-17 20:22:15.403,17:11:00,1.0,Excellent,5.0,Completed
4980.0,12.0,Yakubu Bello,665.0,2025-01-19 20:22:15.403,19:46:00,11.0,Good,4.0,Completed
4981.0,12.0,Yakubu Bello,665.0,2024-09-01 20:22:15.403,19:13:00,15.0,Average,3.0,Completed
4982.0,12.0,Yakubu Bello,665.0,2024-07-16 20:22:15.403,12:09:00,22.0,Excellent,5.0,Completed
4983.0,12.0,Yakubu Bello,665.0,2025-02-03 20:22:15.403,18:52:00,12.0,Excellent,5.0,Completed
4984.0,4.0,Aisha Mohammed,666.0,2024-10-17 20:22:15.403,09:07:00,19.0,Average,3.0,Completed
4985.0,4.0,Aisha Mohammed,666.0,2025-03-01 20:22:15.403,11:37:00,4.0,Poor,2.0,Completed
4986.0,4.0,Aisha Mohammed,666.0,2024-09-05 20:22:15.403,13:18:00,27.0,Poor,2.0,Completed
4987.0,4.0,Aisha Mohammed,666.0,2024-08-13 20:22:15.403,13:32:00,7.0,Very Poor,1.0,Completed
4988.0,4.0,Aisha Mohammed,666.0,2024-10-31 20:22:15.403,13:41:00,11.0,Good,4.0,Completed
4989.0,4.0,Aisha Mohammed,666.0,2024-04-04 20:22:15.403,14:57:00,10.0,Excellent,5.0,Completed
4990.0,4.0,Aisha Mohammed,666.0,2024-08-18 20:22:15.403,10:32:00,8.0,Excellent,5.0,Completed
4991.0,4.0,Aisha Mohammed,666.0,2024-03-12 20:22:15.403,12:20:00,19.0,Good,4.0,Completed
4992.0,4.0,Aisha Mohammed,666.0,2024-10-10 20:22:15.403,17:14:00,28.0,Average,3.0,Completed
4993.0,4.0,Aisha Mohammed,666.0,2024-09-05 20:22:15.403,12:42:00,11.0,Poor,2.0,Completed
4994.0,1.0,Emeka Okafor,667.0,2024-11-27 20:22:15.403,14:01:00,24.0,Very Poor,1.0,Completed
4995.0,1.0,Emeka Okafor,667.0,2024-08-03 20:22:15.403,15:07:00,23.0,Excellent,5.0,Completed
4996.0,1.0,Emeka Okafor,667.0,2024-07-24 20:22:15.403,12:12:00,22.0,Poor,2.0,Completed
4997.0,1.0,Emeka Okafor,667.0,2024-12-10 20:22:15.403,09:07:00,4.0,Very Poor,1.0,Completed
4998.0,1.0,Emeka Okafor,667.0,2024-04-04 20:22:15.403,13:29:00,26.0,Good,4.0,Completed
4999.0,1.0,Emeka Okafor,667.0,2024-10-10 20:22:15.403,11:07:00,25.0,Average,3.0,Completed
5000.0,1.0,Emeka Okafor,667.0,2024-04-23 20:22:15.403,16:13:00,24.0,Average,3.0,Completed
5001.0,1.0,Emeka Okafor,667.0,2024-10-18 20:22:15.403,14:30:00,12.0,Average,3.0,Completed
5002.0,5.0,Obinna Eze,668.0,2024-07-15 20:22:15.403,15:50:00,22.0,Average,3.0,Completed
5003.0,5.0,Obinna Eze,668.0,2024-09-26 20:22:15.403,08:03:00,23.0,Average,3.0,Completed
5004.0,5.0,Obinna Eze,668.0,2024-11-30 20:22:15.403,13:13:00,21.0,Good,4.0,Completed
5005.0,5.0,Obinna Eze,668.0,2024-06-03 20:22:15.403,14:51:00,5.0,Average,3.0,Completed
5006.0,5.0,Obinna Eze,668.0,2024-06-15 20:22:15.403,09:02:00,6.0,Excellent,5.0,Completed
5007.0,5.0,Obinna Eze,668.0,2024-03-14 20:22:15.403,13:36:00,15.0,Excellent,5.0,Completed
5008.0,14.0,Zainab Suleiman,669.0,2024-04-07 20:22:15.403,10:45:00,8.0,Very Poor,1.0,Completed
5009.0,14.0,Zainab Suleiman,669.0,2024-04-09 20:22:15.403,11:06:00,23.0,Good,4.0,Completed
5010.0,14.0,Zainab Suleiman,669.0,2024-09-09 20:22:15.403,18:56:00,29.0,Good,4.0,Completed
5011.0,14.0,Zainab Suleiman,669.0,2024-06-28 20:22:15.403,19:02:00,18.0,Average,3.0,Completed
5012.0,14.0,Zainab Suleiman,669.0,2024-03-22 20:22:15.403,11:02:00,4.0,Excellent,5.0,Completed
5013.0,14.0,Zainab Suleiman,669.0,2024-12-20 20:22:15.403,10:16:00,21.0,Poor,2.0,Completed
5014.0,14.0,Zainab Suleiman,669.0,2024-05-07 20:22:15.403,13:16:00,16.0,Excellent,5.0,Completed
5015.0,14.0,Zainab Suleiman,669.0,2024-05-13 20:22:15.403,14:51:00,27.0,Poor,2.0,Completed
5016.0,6.0,Funke Adeyemi,670.0,2024-09-18 20:22:15.403,12:58:00,19.0,Very Poor,1.0,Completed
5017.0,6.0,Funke Adeyemi,670.0,2024-03-23 20:22:15.403,17:39:00,25.0,Excellent,5.0,Completed
5018.0,6.0,Funke Adeyemi,670.0,2024-05-15 20:22:15.403,18:21:00,10.0,Good,4.0,Completed
5019.0,6.0,Funke Adeyemi,670.0,2024-12-16 20:22:15.403,12:37:00,19.0,Good,4.0,Completed
5020.0,6.0,Funke Adeyemi,670.0,2025-01-09 20:22:15.403,15:12:00,21.0,Good,4.0,Completed
5021.0,6.0,Funke Adeyemi,670.0,2024-12-14 20:22:15.403,16:21:00,19.0,Excellent,5.0,Completed
5022.0,6.0,Funke Adeyemi,670.0,2024-09-27 20:22:15.403,13:47:00,7.0,Good,4.0,Completed
5023.0,10.0,Chinedu Opara,671.0,2024-12-22 20:22:15.403,11:48:00,19.0,Excellent,5.0,Completed
5024.0,10.0,Chinedu Opara,671.0,2024-07-27 20:22:15.403,12:30:00,24.0,Good,4.0,Completed
5025.0,10.0,Chinedu Opara,671.0,2024-10-05 20:22:15.403,14:50:00,5.0,Good,4.0,Completed
5026.0,10.0,Chinedu Opara,671.0,2024-03-10 20:22:15.403,14:32:00,7.0,Good,4.0,Completed
5027.0,10.0,Chinedu Opara,671.0,2025-02-01 20:22:15.403,11:30:00,15.0,Excellent,5.0,Completed
5028.0,10.0,Chinedu Opara,671.0,2024-05-28 20:22:15.403,10:50:00,3.0,Very Poor,1.0,Completed
5029.0,10.0,Chinedu Opara,671.0,2024-10-16 20:22:15.403,17:34:00,18.0,Poor,2.0,Completed
5030.0,10.0,Chinedu Opara,671.0,2024-03-18 20:22:15.403,13:45:00,28.0,Excellent,5.0,Completed
5031.0,10.0,Chinedu Opara,671.0,2025-02-06 20:22:15.403,12:08:00,22.0,Very Poor,1.0,Completed
5032.0,19.0,Felix Odion,672.0,2024-06-30 20:22:15.403,16:29:00,25.0,Very Poor,1.0,Completed
5033.0,19.0,Felix Odion,672.0,2025-01-27 20:22:15.403,10:20:00,22.0,Very Poor,1.0,Completed
5034.0,19.0,Felix Odion,672.0,2025-02-23 20:22:15.403,15:00:00,6.0,Excellent,5.0,Completed
5035.0,19.0,Felix Odion,672.0,2024-09-20 20:22:15.403,17:14:00,22.0,Very Poor,1.0,Completed
5036.0,19.0,Felix Odion,672.0,2024-11-22 20:22:15.403,13:56:00,28.0,Excellent,5.0,Completed
5037.0,19.0,Felix Odion,672.0,2024-03-28 20:22:15.403,19:35:00,19.0,Excellent,5.0,Completed
5038.0,19.0,Felix Odion,672.0,2025-01-26 20:22:15.403,16:28:00,14.0,Very Poor,1.0,Completed
5039.0,19.0,Felix Odion,672.0,2025-01-07 20:22:15.403,17:17:00,19.0,Good,4.0,Completed
5040.0,19.0,Felix Odion,672.0,2024-06-24 20:22:15.403,18:52:00,23.0,Average,3.0,Completed
5041.0,6.0,Funke Adeyemi,673.0,2025-03-02 20:22:15.403,19:27:00,5.0,Poor,2.0,Completed
5042.0,6.0,Funke Adeyemi,673.0,2024-12-07 20:22:15.403,16:52:00,14.0,Very Poor,1.0,Completed
5043.0,6.0,Funke Adeyemi,673.0,2024-05-10 20:22:15.403,11:15:00,26.0,Very Poor,1.0,Completed
5044.0,6.0,Funke Adeyemi,673.0,2025-01-03 20:22:15.403,14:49:00,11.0,Average,3.0,Completed
5045.0,6.0,Funke Adeyemi,673.0,2024-07-21 20:22:15.403,19:26:00,27.0,Excellent,5.0,Completed
5046.0,6.0,Funke Adeyemi,673.0,2024-05-13 20:22:15.403,09:45:00,24.0,Excellent,5.0,Completed
5047.0,6.0,Funke Adeyemi,673.0,2024-12-17 20:22:15.403,18:16:00,18.0,Good,4.0,Completed
5048.0,6.0,Funke Adeyemi,673.0,2024-12-14 20:22:15.403,15:52:00,17.0,Poor,2.0,Completed
5049.0,9.0,Ibrahim Danjuma,674.0,2024-09-13 20:22:15.403,15:15:00,21.0,Good,4.0,Completed
5050.0,9.0,Ibrahim Danjuma,674.0,2024-05-01 20:22:15.403,18:00:00,20.0,Good,4.0,Completed
5051.0,9.0,Ibrahim Danjuma,674.0,2024-03-25 20:22:15.403,11:32:00,19.0,Average,3.0,Completed
5052.0,9.0,Ibrahim Danjuma,674.0,2024-07-25 20:22:15.403,12:23:00,21.0,Good,4.0,Completed
5053.0,9.0,Ibrahim Danjuma,674.0,2024-11-15 20:22:15.403,11:12:00,4.0,Average,3.0,Completed
5054.0,12.0,Yakubu Bello,675.0,2024-06-15 20:22:15.403,14:45:00,20.0,Excellent,5.0,Completed
5055.0,12.0,Yakubu Bello,675.0,2024-12-06 20:22:15.403,19:23:00,11.0,Good,4.0,Completed
5056.0,12.0,Yakubu Bello,675.0,2024-07-20 20:22:15.403,16:29:00,6.0,Poor,2.0,Completed
5057.0,12.0,Yakubu Bello,675.0,2024-08-26 20:22:15.403,08:05:00,16.0,Average,3.0,Completed
5058.0,12.0,Yakubu Bello,675.0,2024-06-05 20:22:15.403,18:08:00,1.0,Excellent,5.0,Completed
5059.0,12.0,Yakubu Bello,675.0,2024-06-16 20:22:15.403,12:18:00,17.0,Excellent,5.0,Completed
5060.0,12.0,Yakubu Bello,675.0,2025-01-28 20:22:15.403,08:15:00,25.0,Excellent,5.0,Completed
5061.0,12.0,Yakubu Bello,675.0,2024-07-11 20:22:15.403,17:47:00,17.0,Poor,2.0,Completed
5062.0,9.0,Ibrahim Danjuma,676.0,2024-04-07 20:22:15.403,12:31:00,4.0,Very Poor,1.0,Completed
5063.0,9.0,Ibrahim Danjuma,676.0,2024-05-31 20:22:15.403,19:57:00,25.0,Excellent,5.0,Completed
5064.0,9.0,Ibrahim Danjuma,676.0,2025-02-06 20:22:15.403,16:23:00,2.0,Excellent,5.0,Completed
5065.0,9.0,Ibrahim Danjuma,676.0,2024-11-26 20:22:15.403,17:07:00,23.0,Excellent,5.0,Completed
5066.0,9.0,Ibrahim Danjuma,676.0,2024-09-02 20:22:15.403,12:17:00,23.0,Poor,2.0,Completed
5067.0,9.0,Ibrahim Danjuma,676.0,2024-11-25 20:22:15.403,18:09:00,15.0,Poor,2.0,Completed
5068.0,9.0,Ibrahim Danjuma,676.0,2024-08-23 20:22:15.403,08:42:00,3.0,Very Poor,1.0,Completed
5069.0,3.0,Tunde Balogun,677.0,2024-11-25 20:22:15.403,11:48:00,20.0,Excellent,5.0,Completed
5070.0,3.0,Tunde Balogun,677.0,2024-11-04 20:22:15.403,18:17:00,12.0,Average,3.0,Completed
5071.0,3.0,Tunde Balogun,677.0,2025-01-06 20:22:15.403,11:36:00,14.0,Good,4.0,Completed
5072.0,3.0,Tunde Balogun,677.0,2025-02-20 20:22:15.403,18:01:00,8.0,Very Poor,1.0,Completed
5073.0,3.0,Tunde Balogun,677.0,2025-02-12 20:22:15.403,19:49:00,3.0,Average,3.0,Completed
5074.0,5.0,Obinna Eze,678.0,2024-11-11 20:22:15.403,17:27:00,24.0,Very Poor,1.0,Completed
5075.0,5.0,Obinna Eze,678.0,2024-03-13 20:22:15.403,18:36:00,28.0,Poor,2.0,Completed
5076.0,5.0,Obinna Eze,678.0,2024-08-01 20:22:15.403,19:22:00,15.0,Good,4.0,Completed
5077.0,5.0,Obinna Eze,678.0,2024-08-09 20:22:15.403,13:20:00,12.0,Very Poor,1.0,Completed
5078.0,5.0,Obinna Eze,678.0,2024-04-09 20:22:15.403,12:27:00,1.0,Poor,2.0,Completed
5079.0,5.0,Obinna Eze,678.0,2024-11-21 20:22:15.403,10:02:00,5.0,Poor,2.0,Completed
5080.0,5.0,Obinna Eze,678.0,2024-12-01 20:22:15.403,13:55:00,25.0,Poor,2.0,Completed
5081.0,5.0,Obinna Eze,678.0,2024-12-23 20:22:15.403,11:47:00,17.0,Poor,2.0,Completed
5082.0,5.0,Obinna Eze,678.0,2024-10-31 20:22:15.403,08:14:00,27.0,Poor,2.0,Completed
5083.0,5.0,Obinna Eze,678.0,2025-01-23 20:22:15.403,17:41:00,22.0,Average,3.0,Completed
5084.0,17.0,Rasheed Lawal,679.0,2024-10-22 20:22:15.403,18:17:00,12.0,Excellent,5.0,Completed
5085.0,17.0,Rasheed Lawal,679.0,2024-07-31 20:22:15.403,16:09:00,26.0,Very Poor,1.0,Completed
5086.0,17.0,Rasheed Lawal,679.0,2024-11-09 20:22:15.403,08:44:00,28.0,Poor,2.0,Completed
5087.0,17.0,Rasheed Lawal,679.0,2024-08-25 20:22:15.403,13:58:00,23.0,Poor,2.0,Completed
5088.0,17.0,Rasheed Lawal,679.0,2024-12-01 20:22:15.403,13:52:00,7.0,Excellent,5.0,Completed
5089.0,17.0,Rasheed Lawal,679.0,2024-10-12 20:22:15.403,09:48:00,16.0,Poor,2.0,Completed
5090.0,2.0,Chioma Nwosu,680.0,2025-01-03 20:22:15.403,18:02:00,29.0,Good,4.0,Completed
5091.0,2.0,Chioma Nwosu,680.0,2024-11-23 20:22:15.403,09:43:00,19.0,Excellent,5.0,Completed
5092.0,2.0,Chioma Nwosu,680.0,2024-03-18 20:22:15.403,13:27:00,5.0,Very Poor,1.0,Completed
5093.0,2.0,Chioma Nwosu,680.0,2024-09-09 20:22:15.403,19:01:00,28.0,Poor,2.0,Completed
5094.0,2.0,Chioma Nwosu,680.0,2024-12-21 20:22:15.403,18:59:00,15.0,Poor,2.0,Completed
5095.0,2.0,Chioma Nwosu,680.0,2024-07-01 20:22:15.403,10:25:00,14.0,Good,4.0,Completed
5096.0,2.0,Chioma Nwosu,680.0,2024-08-08 20:22:15.403,17:09:00,16.0,Good,4.0,Completed
5097.0,1.0,Emeka Okafor,681.0,2024-06-24 20:22:15.403,18:41:00,5.0,Poor,2.0,Completed
5098.0,1.0,Emeka Okafor,681.0,2024-04-17 20:22:15.403,12:26:00,20.0,Average,3.0,Completed
5099.0,1.0,Emeka Okafor,681.0,2024-10-27 20:22:15.403,14:47:00,26.0,Poor,2.0,Completed
5100.0,1.0,Emeka Okafor,681.0,2024-07-28 20:22:15.403,08:22:00,7.0,Poor,2.0,Completed
5101.0,1.0,Emeka Okafor,681.0,2025-03-06 20:22:15.403,14:41:00,20.0,Average,3.0,Completed
5102.0,15.0,Gbenga Adesina,682.0,2024-06-28 20:22:15.403,10:39:00,26.0,Very Poor,1.0,Completed
5103.0,15.0,Gbenga Adesina,682.0,2024-07-01 20:22:15.403,13:30:00,16.0,Good,4.0,Completed
5104.0,15.0,Gbenga Adesina,682.0,2024-08-01 20:22:15.403,18:45:00,14.0,Excellent,5.0,Completed
5105.0,15.0,Gbenga Adesina,682.0,2024-06-06 20:22:15.403,09:19:00,24.0,Excellent,5.0,Completed
5106.0,15.0,Gbenga Adesina,682.0,2024-05-17 20:22:15.403,10:28:00,11.0,Poor,2.0,Completed
5107.0,10.0,Chinedu Opara,683.0,2024-06-29 20:22:15.403,17:45:00,27.0,Very Poor,1.0,Completed
5108.0,10.0,Chinedu Opara,683.0,2024-04-18 20:22:15.403,12:08:00,9.0,Excellent,5.0,Completed
5109.0,10.0,Chinedu Opara,683.0,2024-11-19 20:22:15.403,14:12:00,22.0,Average,3.0,Completed
5110.0,10.0,Chinedu Opara,683.0,2024-09-18 20:22:15.403,17:33:00,12.0,Average,3.0,Completed
5111.0,10.0,Chinedu Opara,683.0,2024-08-10 20:22:15.403,19:50:00,11.0,Good,4.0,Completed
5112.0,10.0,Chinedu Opara,683.0,2024-09-07 20:22:15.403,12:02:00,2.0,Good,4.0,Completed
5113.0,10.0,Chinedu Opara,683.0,2025-02-04 20:22:15.403,13:00:00,3.0,Excellent,5.0,Completed
5114.0,10.0,Chinedu Opara,683.0,2024-04-05 20:22:15.403,10:29:00,2.0,Excellent,5.0,Completed
5115.0,10.0,Chinedu Opara,683.0,2024-10-01 20:22:15.403,10:39:00,9.0,Average,3.0,Completed
5116.0,17.0,Rasheed Lawal,684.0,2024-06-28 20:22:15.403,08:23:00,4.0,Average,3.0,Completed
5117.0,17.0,Rasheed Lawal,684.0,2024-10-27 20:22:15.403,12:08:00,7.0,Very Poor,1.0,Completed
5118.0,17.0,Rasheed Lawal,684.0,2024-09-08 20:22:15.403,13:52:00,14.0,Average,3.0,Completed
5119.0,17.0,Rasheed Lawal,684.0,2025-02-08 20:22:15.403,10:32:00,10.0,Good,4.0,Completed
5120.0,17.0,Rasheed Lawal,684.0,2025-02-25 20:22:15.403,09:36:00,16.0,Good,4.0,Completed
5121.0,17.0,Rasheed Lawal,684.0,2024-11-16 20:22:15.403,17:07:00,5.0,Excellent,5.0,Completed
5122.0,17.0,Rasheed Lawal,684.0,2024-04-20 20:22:15.403,17:51:00,12.0,Good,4.0,Completed
5123.0,17.0,Rasheed Lawal,684.0,2024-07-16 20:22:15.403,08:38:00,21.0,Excellent,5.0,Completed
5124.0,17.0,Rasheed Lawal,685.0,2024-08-24 20:22:15.403,14:53:00,23.0,Poor,2.0,Completed
5125.0,17.0,Rasheed Lawal,685.0,2024-08-08 20:22:15.403,11:31:00,20.0,Average,3.0,Completed
5126.0,17.0,Rasheed Lawal,685.0,2025-02-09 20:22:15.403,18:03:00,12.0,Poor,2.0,Completed
5127.0,17.0,Rasheed Lawal,685.0,2024-05-16 20:22:15.403,16:02:00,8.0,Average,3.0,Completed
5128.0,17.0,Rasheed Lawal,685.0,2024-11-26 20:22:15.403,09:33:00,20.0,Good,4.0,Completed
5129.0,17.0,Rasheed Lawal,685.0,2024-04-12 20:22:15.403,17:48:00,8.0,Average,3.0,Completed
5130.0,17.0,Rasheed Lawal,685.0,2024-11-17 20:22:15.403,12:54:00,1.0,Good,4.0,Completed
5131.0,17.0,Rasheed Lawal,685.0,2025-02-25 20:22:15.403,10:02:00,5.0,Average,3.0,Completed
5132.0,17.0,Rasheed Lawal,685.0,2024-06-24 20:22:15.403,08:14:00,21.0,Excellent,5.0,Completed
5133.0,17.0,Rasheed Lawal,685.0,2024-12-16 20:22:15.403,15:17:00,22.0,Poor,2.0,Completed
5134.0,8.0,Ngozi Okonkwo,686.0,2024-09-24 20:22:15.403,15:57:00,10.0,Average,3.0,Completed
5135.0,8.0,Ngozi Okonkwo,686.0,2024-08-22 20:22:15.403,19:38:00,7.0,Very Poor,1.0,Completed
5136.0,8.0,Ngozi Okonkwo,686.0,2024-09-10 20:22:15.403,15:21:00,17.0,Good,4.0,Completed
5137.0,8.0,Ngozi Okonkwo,686.0,2024-10-28 20:22:15.403,11:08:00,26.0,Very Poor,1.0,Completed
5138.0,8.0,Ngozi Okonkwo,686.0,2024-08-25 20:22:15.403,08:08:00,9.0,Very Poor,1.0,Completed
5139.0,8.0,Ngozi Okonkwo,686.0,2024-08-28 20:22:15.403,17:58:00,14.0,Good,4.0,Completed
5140.0,8.0,Ngozi Okonkwo,686.0,2024-11-17 20:22:15.403,12:26:00,12.0,Poor,2.0,Completed
5141.0,2.0,Chioma Nwosu,687.0,2024-03-20 20:22:15.403,12:43:00,13.0,Average,3.0,Completed
5142.0,2.0,Chioma Nwosu,687.0,2024-07-23 20:22:15.403,19:12:00,7.0,Good,4.0,Completed
5143.0,2.0,Chioma Nwosu,687.0,2024-07-12 20:22:15.403,18:43:00,22.0,Excellent,5.0,Completed
5144.0,2.0,Chioma Nwosu,687.0,2024-09-26 20:22:15.403,11:25:00,18.0,Average,3.0,Completed
5145.0,2.0,Chioma Nwosu,687.0,2024-04-09 20:22:15.403,11:24:00,26.0,Average,3.0,Completed
5146.0,2.0,Chioma Nwosu,687.0,2024-05-24 20:22:15.403,18:41:00,21.0,Excellent,5.0,Completed
5147.0,2.0,Chioma Nwosu,687.0,2024-06-13 20:22:15.403,11:42:00,1.0,Good,4.0,Completed
5148.0,2.0,Chioma Nwosu,687.0,2024-09-16 20:22:15.403,14:23:00,11.0,Average,3.0,Completed
5149.0,2.0,Chioma Nwosu,687.0,2024-07-23 20:22:15.403,14:35:00,8.0,Very Poor,1.0,Completed
5150.0,2.0,Chioma Nwosu,687.0,2024-11-11 20:22:15.403,15:46:00,6.0,Very Poor,1.0,Completed
5151.0,6.0,Funke Adeyemi,688.0,2024-10-15 20:22:15.403,11:11:00,27.0,Poor,2.0,Completed
5152.0,6.0,Funke Adeyemi,688.0,2024-12-22 20:22:15.403,15:12:00,22.0,Very Poor,1.0,Completed
5153.0,6.0,Funke Adeyemi,688.0,2024-04-20 20:22:15.403,15:38:00,8.0,Average,3.0,Completed
5154.0,6.0,Funke Adeyemi,688.0,2024-07-19 20:22:15.403,19:03:00,25.0,Very Poor,1.0,Completed
5155.0,6.0,Funke Adeyemi,688.0,2025-01-28 20:22:15.403,08:47:00,16.0,Very Poor,1.0,Completed
5156.0,14.0,Zainab Suleiman,689.0,2024-09-15 20:22:15.403,12:28:00,17.0,Very Poor,1.0,Completed
5157.0,14.0,Zainab Suleiman,689.0,2024-11-02 20:22:15.403,15:45:00,3.0,Good,4.0,Completed
5158.0,14.0,Zainab Suleiman,689.0,2024-04-10 20:22:15.403,18:49:00,20.0,Average,3.0,Completed
5159.0,14.0,Zainab Suleiman,689.0,2024-10-01 20:22:15.403,15:26:00,11.0,Average,3.0,Completed
5160.0,14.0,Zainab Suleiman,689.0,2025-01-27 20:22:15.403,18:57:00,20.0,Very Poor,1.0,Completed
5161.0,6.0,Funke Adeyemi,690.0,2024-08-07 20:22:15.403,11:56:00,20.0,Excellent,5.0,Completed
5162.0,6.0,Funke Adeyemi,690.0,2024-10-06 20:22:15.403,12:02:00,29.0,Excellent,5.0,Completed
5163.0,6.0,Funke Adeyemi,690.0,2024-06-07 20:22:15.403,14:59:00,20.0,Very Poor,1.0,Completed
5164.0,6.0,Funke Adeyemi,690.0,2024-10-29 20:22:15.403,09:15:00,12.0,Very Poor,1.0,Completed
5165.0,6.0,Funke Adeyemi,690.0,2025-02-01 20:22:15.403,18:02:00,29.0,Good,4.0,Completed
5166.0,16.0,Chika Umeh,691.0,2024-05-22 20:22:15.403,12:06:00,5.0,Poor,2.0,Completed
5167.0,16.0,Chika Umeh,691.0,2024-05-19 20:22:15.403,12:23:00,5.0,Average,3.0,Completed
5168.0,16.0,Chika Umeh,691.0,2024-07-25 20:22:15.403,13:16:00,8.0,Good,4.0,Completed
5169.0,16.0,Chika Umeh,691.0,2024-06-28 20:22:15.403,12:50:00,6.0,Very Poor,1.0,Completed
5170.0,16.0,Chika Umeh,691.0,2024-10-11 20:22:15.403,09:59:00,22.0,Good,4.0,Completed
5171.0,16.0,Chika Umeh,691.0,2024-12-09 20:22:15.403,09:39:00,23.0,Average,3.0,Completed
5172.0,16.0,Chika Umeh,691.0,2024-06-25 20:22:15.403,10:13:00,6.0,Very Poor,1.0,Completed
5173.0,16.0,Chika Umeh,691.0,2024-12-14 20:22:15.403,16:32:00,23.0,Average,3.0,Completed
5174.0,16.0,Chika Umeh,691.0,2024-08-23 20:22:15.403,13:06:00,6.0,Excellent,5.0,Completed
5175.0,7.0,Segun Oladipo,692.0,2024-05-06 20:22:15.403,09:57:00,3.0,Average,3.0,Completed
5176.0,7.0,Segun Oladipo,692.0,2025-01-27 20:22:15.403,12:28:00,7.0,Good,4.0,Completed
5177.0,7.0,Segun Oladipo,692.0,2024-03-22 20:22:15.403,10:50:00,4.0,Very Poor,1.0,Completed
5178.0,7.0,Segun Oladipo,692.0,2024-10-10 20:22:15.403,13:25:00,26.0,Very Poor,1.0,Completed
5179.0,7.0,Segun Oladipo,692.0,2025-02-16 20:22:15.403,12:53:00,23.0,Average,3.0,Completed
5180.0,7.0,Segun Oladipo,692.0,2024-07-11 20:22:15.403,14:12:00,22.0,Very Poor,1.0,Completed
5181.0,7.0,Segun Oladipo,692.0,2024-05-09 20:22:15.403,15:06:00,15.0,Average,3.0,Completed
5182.0,7.0,Segun Oladipo,692.0,2025-01-30 20:22:15.403,19:04:00,6.0,Poor,2.0,Completed
5183.0,7.0,Segun Oladipo,692.0,2025-03-01 20:22:15.403,13:20:00,3.0,Poor,2.0,Completed
5184.0,1.0,Emeka Okafor,693.0,2024-08-27 20:22:15.403,08:59:00,11.0,Poor,2.0,Completed
5185.0,1.0,Emeka Okafor,693.0,2024-03-27 20:22:15.403,11:00:00,25.0,Very Poor,1.0,Completed
5186.0,1.0,Emeka Okafor,693.0,2024-12-30 20:22:15.403,09:54:00,4.0,Excellent,5.0,Completed
5187.0,1.0,Emeka Okafor,693.0,2025-03-06 20:22:15.403,08:02:00,23.0,Poor,2.0,Completed
5188.0,1.0,Emeka Okafor,693.0,2024-07-16 20:22:15.403,12:49:00,17.0,Poor,2.0,Completed
5189.0,1.0,Emeka Okafor,693.0,2024-05-20 20:22:15.403,12:14:00,23.0,Average,3.0,Completed
5190.0,1.0,Emeka Okafor,693.0,2025-02-19 20:22:15.403,19:58:00,7.0,Very Poor,1.0,Completed
5191.0,1.0,Emeka Okafor,693.0,2024-08-12 20:22:15.403,15:15:00,24.0,Very Poor,1.0,Completed
5192.0,1.0,Emeka Okafor,693.0,2025-02-07 20:22:15.403,19:40:00,13.0,Very Poor,1.0,Completed
5193.0,1.0,Emeka Okafor,693.0,2024-06-09 20:22:15.403,11:41:00,16.0,Average,3.0,Completed
5194.0,9.0,Ibrahim Danjuma,694.0,2024-10-11 20:22:15.403,11:34:00,27.0,Very Poor,1.0,Completed
5195.0,9.0,Ibrahim Danjuma,694.0,2024-06-05 20:22:15.403,16:31:00,24.0,Poor,2.0,Completed
5196.0,9.0,Ibrahim Danjuma,694.0,2024-12-02 20:22:15.403,08:29:00,22.0,Excellent,5.0,Completed
5197.0,9.0,Ibrahim Danjuma,694.0,2024-11-10 20:22:15.403,09:01:00,10.0,Very Poor,1.0,Completed
5198.0,9.0,Ibrahim Danjuma,694.0,2024-12-19 20:22:15.403,19:11:00,14.0,Average,3.0,Completed
5199.0,9.0,Ibrahim Danjuma,694.0,2024-11-19 20:22:15.403,14:44:00,18.0,Poor,2.0,Completed
5200.0,9.0,Ibrahim Danjuma,694.0,2025-01-07 20:22:15.403,08:40:00,17.0,Very Poor,1.0,Completed
5201.0,9.0,Ibrahim Danjuma,694.0,2025-01-05 20:22:15.403,19:32:00,11.0,Good,4.0,Completed
5202.0,9.0,Ibrahim Danjuma,694.0,2024-12-13 20:22:15.403,17:34:00,5.0,Good,4.0,Completed
5203.0,9.0,Ibrahim Danjuma,694.0,2024-03-31 20:22:15.403,16:45:00,9.0,Average,3.0,Completed
5204.0,5.0,Obinna Eze,695.0,2024-03-12 20:22:15.403,17:20:00,5.0,Average,3.0,Completed
5205.0,5.0,Obinna Eze,695.0,2024-12-03 20:22:15.403,16:44:00,23.0,Excellent,5.0,Completed
5206.0,5.0,Obinna Eze,695.0,2025-02-08 20:22:15.403,13:18:00,15.0,Average,3.0,Completed
5207.0,5.0,Obinna Eze,695.0,2024-08-17 20:22:15.403,18:14:00,28.0,Good,4.0,Completed
5208.0,5.0,Obinna Eze,695.0,2024-11-07 20:22:15.403,11:04:00,26.0,Excellent,5.0,Completed
5209.0,5.0,Obinna Eze,695.0,2025-01-22 20:22:15.403,18:11:00,28.0,Very Poor,1.0,Completed
5210.0,5.0,Obinna Eze,695.0,2025-02-02 20:22:15.403,10:54:00,12.0,Excellent,5.0,Completed
5211.0,5.0,Obinna Eze,695.0,2024-07-31 20:22:15.403,09:25:00,5.0,Average,3.0,Completed
5212.0,5.0,Obinna Eze,695.0,2024-05-08 20:22:15.403,18:40:00,19.0,Average,3.0,Completed
5213.0,5.0,Obinna Eze,695.0,2024-03-22 20:22:15.403,14:14:00,1.0,Good,4.0,Completed
5214.0,2.0,Chioma Nwosu,696.0,2024-11-08 20:22:15.403,18:04:00,23.0,Average,3.0,Completed
5215.0,2.0,Chioma Nwosu,696.0,2024-03-25 20:22:15.403,08:06:00,17.0,Excellent,5.0,Completed
5216.0,2.0,Chioma Nwosu,696.0,2024-06-26 20:22:15.403,12:04:00,29.0,Average,3.0,Completed
5217.0,2.0,Chioma Nwosu,696.0,2024-11-16 20:22:15.403,18:01:00,4.0,Good,4.0,Completed
5218.0,2.0,Chioma Nwosu,696.0,2024-10-16 20:22:15.403,17:37:00,3.0,Average,3.0,Completed
5219.0,3.0,Tunde Balogun,697.0,2024-03-18 20:22:15.403,16:02:00,21.0,Poor,2.0,Completed
5220.0,3.0,Tunde Balogun,697.0,2025-01-22 20:22:15.403,10:39:00,12.0,Poor,2.0,Completed
5221.0,3.0,Tunde Balogun,697.0,2025-01-21 20:22:15.403,09:26:00,26.0,Good,4.0,Completed
5222.0,3.0,Tunde Balogun,697.0,2024-09-23 20:22:15.403,14:14:00,27.0,Poor,2.0,Completed
5223.0,3.0,Tunde Balogun,697.0,2024-12-13 20:22:15.403,10:08:00,24.0,Very Poor,1.0,Completed
5224.0,3.0,Tunde Balogun,697.0,2025-02-20 20:22:15.403,11:08:00,4.0,Excellent,5.0,Completed
5225.0,3.0,Tunde Balogun,697.0,2024-07-16 20:22:15.403,19:40:00,3.0,Very Poor,1.0,Completed
5226.0,3.0,Tunde Balogun,697.0,2024-11-07 20:22:15.403,12:27:00,7.0,Average,3.0,Completed
5227.0,3.0,Tunde Balogun,697.0,2025-02-17 20:22:15.403,11:25:00,7.0,Good,4.0,Completed
5228.0,2.0,Chioma Nwosu,698.0,2025-01-23 20:22:15.403,11:16:00,23.0,Excellent,5.0,Completed
5229.0,2.0,Chioma Nwosu,698.0,2024-03-13 20:22:15.403,11:50:00,24.0,Very Poor,1.0,Completed
5230.0,2.0,Chioma Nwosu,698.0,2024-11-02 20:22:15.403,08:54:00,7.0,Good,4.0,Completed
5231.0,2.0,Chioma Nwosu,698.0,2024-06-24 20:22:15.403,15:22:00,12.0,Poor,2.0,Completed
5232.0,2.0,Chioma Nwosu,698.0,2024-11-10 20:22:15.403,11:33:00,27.0,Very Poor,1.0,Completed
5233.0,2.0,Chioma Nwosu,698.0,2024-12-16 20:22:15.403,16:35:00,28.0,Poor,2.0,Completed
5234.0,5.0,Obinna Eze,699.0,2025-03-06 20:22:15.403,17:58:00,22.0,Very Poor,1.0,Completed
5235.0,5.0,Obinna Eze,699.0,2024-09-26 20:22:15.403,09:04:00,18.0,Very Poor,1.0,Completed
5236.0,5.0,Obinna Eze,699.0,2024-12-03 20:22:15.403,11:53:00,22.0,Average,3.0,Completed
5237.0,5.0,Obinna Eze,699.0,2025-02-23 20:22:15.403,10:44:00,27.0,Average,3.0,Completed
5238.0,5.0,Obinna Eze,699.0,2025-01-13 20:22:15.403,12:59:00,19.0,Excellent,5.0,Completed
5239.0,5.0,Obinna Eze,699.0,2025-02-25 20:22:15.403,13:49:00,19.0,Very Poor,1.0,Completed
5240.0,5.0,Obinna Eze,699.0,2024-04-15 20:22:15.403,12:21:00,20.0,Good,4.0,Completed
5241.0,15.0,Gbenga Adesina,700.0,2024-09-17 20:22:15.403,15:02:00,29.0,Average,3.0,Completed
5242.0,15.0,Gbenga Adesina,700.0,2024-12-20 20:22:15.403,11:00:00,19.0,Very Poor,1.0,Completed
5243.0,15.0,Gbenga Adesina,700.0,2024-07-29 20:22:15.403,12:09:00,15.0,Good,4.0,Completed
5244.0,15.0,Gbenga Adesina,700.0,2024-11-14 20:22:15.403,15:04:00,1.0,Poor,2.0,Completed
5245.0,15.0,Gbenga Adesina,700.0,2024-12-30 20:22:15.403,13:30:00,8.0,Average,3.0,Completed
5246.0,15.0,Gbenga Adesina,700.0,2024-12-29 20:22:15.403,11:31:00,16.0,Good,4.0,Completed
5247.0,17.0,Rasheed Lawal,701.0,2024-04-30 20:22:15.403,14:17:00,16.0,Excellent,5.0,Completed
5248.0,17.0,Rasheed Lawal,701.0,2024-07-14 20:22:15.403,18:41:00,14.0,Very Poor,1.0,Completed
5249.0,17.0,Rasheed Lawal,701.0,2024-06-26 20:22:15.403,17:35:00,27.0,Average,3.0,Completed
5250.0,17.0,Rasheed Lawal,701.0,2024-11-30 20:22:15.403,11:45:00,9.0,Excellent,5.0,Completed
5251.0,17.0,Rasheed Lawal,701.0,2024-12-13 20:22:15.403,09:13:00,22.0,Good,4.0,Completed
5252.0,17.0,Rasheed Lawal,701.0,2024-07-12 20:22:15.403,08:16:00,6.0,Average,3.0,Completed
5253.0,16.0,Chika Umeh,702.0,2024-08-11 20:22:15.403,13:58:00,16.0,Average,3.0,Completed
5254.0,16.0,Chika Umeh,702.0,2024-07-02 20:22:15.403,17:06:00,5.0,Excellent,5.0,Completed
5255.0,16.0,Chika Umeh,702.0,2024-04-16 20:22:15.403,18:56:00,26.0,Good,4.0,Completed
5256.0,16.0,Chika Umeh,702.0,2024-06-13 20:22:15.403,13:56:00,10.0,Excellent,5.0,Completed
5257.0,16.0,Chika Umeh,702.0,2024-03-26 20:22:15.403,17:20:00,21.0,Excellent,5.0,Completed
5258.0,8.0,Ngozi Okonkwo,703.0,2024-04-19 20:22:15.403,18:04:00,1.0,Good,4.0,Completed
5259.0,8.0,Ngozi Okonkwo,703.0,2024-07-03 20:22:15.403,19:42:00,12.0,Very Poor,1.0,Completed
5260.0,8.0,Ngozi Okonkwo,703.0,2024-08-24 20:22:15.403,15:51:00,22.0,Excellent,5.0,Completed
5261.0,8.0,Ngozi Okonkwo,703.0,2024-10-26 20:22:15.403,16:01:00,25.0,Average,3.0,Completed
5262.0,8.0,Ngozi Okonkwo,703.0,2024-10-02 20:22:15.403,08:18:00,4.0,Excellent,5.0,Completed
5263.0,8.0,Ngozi Okonkwo,703.0,2024-07-06 20:22:15.403,12:03:00,9.0,Very Poor,1.0,Completed
5264.0,8.0,Ngozi Okonkwo,703.0,2024-07-20 20:22:15.403,14:05:00,10.0,Poor,2.0,Completed
5265.0,8.0,Ngozi Okonkwo,703.0,2024-07-31 20:22:15.403,19:54:00,9.0,Excellent,5.0,Completed
5266.0,2.0,Chioma Nwosu,704.0,2024-12-01 20:22:15.403,12:02:00,28.0,Excellent,5.0,Completed
5267.0,2.0,Chioma Nwosu,704.0,2024-06-04 20:22:15.403,09:34:00,8.0,Average,3.0,Completed
5268.0,2.0,Chioma Nwosu,704.0,2024-04-23 20:22:15.403,18:47:00,1.0,Poor,2.0,Completed
5269.0,2.0,Chioma Nwosu,704.0,2024-06-12 20:22:15.403,08:10:00,7.0,Good,4.0,Completed
5270.0,2.0,Chioma Nwosu,704.0,2024-07-31 20:22:15.403,12:59:00,16.0,Good,4.0,Completed
5271.0,2.0,Chioma Nwosu,704.0,2024-09-25 20:22:15.403,11:49:00,2.0,Average,3.0,Completed
5272.0,15.0,Gbenga Adesina,705.0,2024-04-26 20:22:15.403,11:37:00,8.0,Excellent,5.0,Completed
5273.0,15.0,Gbenga Adesina,705.0,2024-07-06 20:22:15.403,11:26:00,6.0,Excellent,5.0,Completed
5274.0,15.0,Gbenga Adesina,705.0,2024-11-09 20:22:15.403,17:00:00,6.0,Excellent,5.0,Completed
5275.0,15.0,Gbenga Adesina,705.0,2024-11-29 20:22:15.403,17:34:00,19.0,Average,3.0,Completed
5276.0,15.0,Gbenga Adesina,705.0,2024-08-20 20:22:15.403,13:28:00,4.0,Poor,2.0,Completed
5277.0,15.0,Gbenga Adesina,705.0,2024-08-01 20:22:15.403,16:07:00,6.0,Excellent,5.0,Completed
5278.0,15.0,Gbenga Adesina,705.0,2024-11-23 20:22:15.403,16:42:00,20.0,Poor,2.0,Completed
5279.0,15.0,Gbenga Adesina,705.0,2024-08-14 20:22:15.403,14:27:00,5.0,Excellent,5.0,Completed
5280.0,15.0,Gbenga Adesina,705.0,2024-05-17 20:22:15.403,15:59:00,8.0,Good,4.0,Completed
5281.0,15.0,Gbenga Adesina,705.0,2024-04-06 20:22:15.403,08:29:00,1.0,Poor,2.0,Completed
5282.0,1.0,Emeka Okafor,706.0,2024-03-27 20:22:15.403,19:21:00,8.0,Excellent,5.0,Completed
5283.0,1.0,Emeka Okafor,706.0,2024-04-16 20:22:15.403,11:26:00,21.0,Average,3.0,Completed
5284.0,1.0,Emeka Okafor,706.0,2025-02-09 20:22:15.403,19:50:00,26.0,Excellent,5.0,Completed
5285.0,1.0,Emeka Okafor,706.0,2024-10-15 20:22:15.403,08:47:00,22.0,Average,3.0,Completed
5286.0,1.0,Emeka Okafor,706.0,2024-07-14 20:22:15.403,16:03:00,27.0,Average,3.0,Completed
5287.0,1.0,Emeka Okafor,706.0,2024-10-06 20:22:15.403,14:26:00,14.0,Excellent,5.0,Completed
5288.0,1.0,Emeka Okafor,706.0,2024-09-27 20:22:15.403,14:31:00,13.0,Poor,2.0,Completed
5289.0,19.0,Felix Odion,707.0,2024-04-02 20:22:15.403,13:29:00,22.0,Excellent,5.0,Completed
5290.0,19.0,Felix Odion,707.0,2024-10-31 20:22:15.403,14:29:00,23.0,Very Poor,1.0,Completed
5291.0,19.0,Felix Odion,707.0,2024-04-30 20:22:15.403,11:48:00,11.0,Very Poor,1.0,Completed
5292.0,19.0,Felix Odion,707.0,2024-07-08 20:22:15.403,16:50:00,28.0,Average,3.0,Completed
5293.0,19.0,Felix Odion,707.0,2024-07-01 20:22:15.403,18:25:00,2.0,Good,4.0,Completed
5294.0,19.0,Felix Odion,707.0,2024-11-20 20:22:15.403,12:58:00,10.0,Very Poor,1.0,Completed
5295.0,19.0,Felix Odion,707.0,2024-10-18 20:22:15.403,12:12:00,22.0,Average,3.0,Completed
5296.0,19.0,Felix Odion,707.0,2024-11-08 20:22:15.403,09:52:00,12.0,Good,4.0,Completed
5297.0,19.0,Felix Odion,707.0,2024-03-22 20:22:15.403,13:27:00,11.0,Very Poor,1.0,Completed
5298.0,19.0,Felix Odion,707.0,2024-09-30 20:22:15.403,18:53:00,22.0,Poor,2.0,Completed
5299.0,3.0,Tunde Balogun,708.0,2024-03-28 20:22:15.403,11:36:00,29.0,Poor,2.0,Completed
5300.0,3.0,Tunde Balogun,708.0,2024-08-28 20:22:15.403,08:32:00,20.0,Very Poor,1.0,Completed
5301.0,3.0,Tunde Balogun,708.0,2024-06-22 20:22:15.403,14:04:00,15.0,Average,3.0,Completed
5302.0,3.0,Tunde Balogun,708.0,2024-10-01 20:22:15.403,14:05:00,9.0,Good,4.0,Completed
5303.0,3.0,Tunde Balogun,708.0,2024-08-21 20:22:15.403,19:48:00,5.0,Good,4.0,Completed
5304.0,3.0,Tunde Balogun,708.0,2024-07-27 20:22:15.403,17:50:00,10.0,Excellent,5.0,Completed
5305.0,3.0,Tunde Balogun,708.0,2024-03-09 20:22:15.403,09:06:00,16.0,Excellent,5.0,Completed
5306.0,3.0,Tunde Balogun,708.0,2025-01-18 20:22:15.403,19:14:00,28.0,Poor,2.0,Completed
5307.0,3.0,Tunde Balogun,708.0,2024-11-17 20:22:15.403,09:42:00,12.0,Average,3.0,Completed
5308.0,3.0,Tunde Balogun,708.0,2025-01-05 20:22:15.403,11:28:00,26.0,Average,3.0,Completed
5309.0,15.0,Gbenga Adesina,709.0,2024-10-02 20:22:15.403,09:45:00,21.0,Very Poor,1.0,Completed
5310.0,15.0,Gbenga Adesina,709.0,2024-08-28 20:22:15.403,10:42:00,11.0,Average,3.0,Completed
5311.0,15.0,Gbenga Adesina,709.0,2024-12-14 20:22:15.403,10:14:00,5.0,Excellent,5.0,Completed
5312.0,15.0,Gbenga Adesina,709.0,2024-06-18 20:22:15.403,18:50:00,10.0,Good,4.0,Completed
5313.0,15.0,Gbenga Adesina,709.0,2024-05-23 20:22:15.403,13:29:00,20.0,Average,3.0,Completed
5314.0,15.0,Gbenga Adesina,709.0,2024-05-28 20:22:15.403,12:28:00,15.0,Good,4.0,Completed
5315.0,15.0,Gbenga Adesina,709.0,2024-04-28 20:22:15.403,12:37:00,12.0,Poor,2.0,Completed
5316.0,15.0,Gbenga Adesina,709.0,2024-03-11 20:22:15.403,13:52:00,21.0,Good,4.0,Completed
5317.0,15.0,Gbenga Adesina,709.0,2024-09-17 20:22:15.403,19:58:00,26.0,Average,3.0,Completed
5318.0,15.0,Gbenga Adesina,709.0,2024-07-01 20:22:15.403,09:29:00,1.0,Poor,2.0,Completed
5319.0,12.0,Yakubu Bello,710.0,2024-05-09 20:22:15.403,17:36:00,25.0,Average,3.0,Completed
5320.0,12.0,Yakubu Bello,710.0,2024-07-14 20:22:15.403,09:01:00,4.0,Good,4.0,Completed
5321.0,12.0,Yakubu Bello,710.0,2025-03-04 20:22:15.403,18:44:00,10.0,Excellent,5.0,Completed
5322.0,12.0,Yakubu Bello,710.0,2025-02-25 20:22:15.403,11:49:00,11.0,Good,4.0,Completed
5323.0,12.0,Yakubu Bello,710.0,2025-03-01 20:22:15.403,19:31:00,7.0,Average,3.0,Completed
5324.0,12.0,Yakubu Bello,710.0,2024-11-07 20:22:15.403,08:55:00,7.0,Excellent,5.0,Completed
5325.0,12.0,Yakubu Bello,710.0,2024-11-17 20:22:15.403,14:07:00,1.0,Average,3.0,Completed
5326.0,10.0,Chinedu Opara,711.0,2024-03-23 20:22:15.403,19:24:00,15.0,Poor,2.0,Completed
5327.0,10.0,Chinedu Opara,711.0,2024-07-21 20:22:15.403,14:14:00,1.0,Average,3.0,Completed
5328.0,10.0,Chinedu Opara,711.0,2024-10-02 20:22:15.403,17:50:00,26.0,Good,4.0,Completed
5329.0,10.0,Chinedu Opara,711.0,2024-03-28 20:22:15.403,12:06:00,10.0,Very Poor,1.0,Completed
5330.0,10.0,Chinedu Opara,711.0,2024-09-20 20:22:15.403,17:27:00,19.0,Very Poor,1.0,Completed
5331.0,13.0,Bola Akinwunmi,712.0,2024-06-16 20:22:15.403,10:17:00,12.0,Very Poor,1.0,Completed
5332.0,13.0,Bola Akinwunmi,712.0,2024-07-16 20:22:15.403,08:43:00,22.0,Good,4.0,Completed
5333.0,13.0,Bola Akinwunmi,712.0,2025-01-14 20:22:15.403,11:19:00,6.0,Poor,2.0,Completed
5334.0,13.0,Bola Akinwunmi,712.0,2024-04-14 20:22:15.403,16:02:00,8.0,Very Poor,1.0,Completed
5335.0,13.0,Bola Akinwunmi,712.0,2024-06-12 20:22:15.403,18:31:00,2.0,Good,4.0,Completed
5336.0,13.0,Bola Akinwunmi,712.0,2024-10-05 20:22:15.403,09:30:00,15.0,Very Poor,1.0,Completed
5337.0,13.0,Bola Akinwunmi,712.0,2024-09-16 20:22:15.403,14:11:00,4.0,Very Poor,1.0,Completed
5338.0,15.0,Gbenga Adesina,713.0,2025-01-03 20:22:15.403,15:05:00,14.0,Excellent,5.0,Completed
5339.0,15.0,Gbenga Adesina,713.0,2024-05-25 20:22:15.403,12:45:00,6.0,Poor,2.0,Completed
5340.0,15.0,Gbenga Adesina,713.0,2024-06-19 20:22:15.403,14:57:00,22.0,Good,4.0,Completed
5341.0,15.0,Gbenga Adesina,713.0,2025-01-08 20:22:15.403,13:29:00,21.0,Excellent,5.0,Completed
5342.0,15.0,Gbenga Adesina,713.0,2024-10-30 20:22:15.403,12:55:00,29.0,Excellent,5.0,Completed
5343.0,15.0,Gbenga Adesina,713.0,2024-04-03 20:22:15.403,11:02:00,2.0,Very Poor,1.0,Completed
5344.0,15.0,Gbenga Adesina,713.0,2024-10-11 20:22:15.403,13:36:00,7.0,Excellent,5.0,Completed
5345.0,15.0,Gbenga Adesina,713.0,2024-07-16 20:22:15.403,17:29:00,23.0,Good,4.0,Completed
5346.0,10.0,Chinedu Opara,714.0,2025-01-04 20:22:15.403,16:30:00,27.0,Poor,2.0,Completed
5347.0,10.0,Chinedu Opara,714.0,2024-06-08 20:22:15.403,15:23:00,9.0,Average,3.0,Completed
5348.0,10.0,Chinedu Opara,714.0,2024-05-23 20:22:15.403,09:59:00,17.0,Good,4.0,Completed
5349.0,10.0,Chinedu Opara,714.0,2024-09-09 20:22:15.403,10:38:00,21.0,Excellent,5.0,Completed
5350.0,10.0,Chinedu Opara,714.0,2025-03-04 20:22:15.403,19:43:00,21.0,Good,4.0,Completed
5351.0,10.0,Chinedu Opara,714.0,2024-09-29 20:22:15.403,14:49:00,6.0,Good,4.0,Completed
5352.0,10.0,Chinedu Opara,714.0,2025-01-04 20:22:15.403,10:10:00,16.0,Very Poor,1.0,Completed
5353.0,20.0,Adewale Ogunleye,715.0,2024-10-09 20:22:15.403,16:16:00,14.0,Average,3.0,Completed
5354.0,20.0,Adewale Ogunleye,715.0,2024-08-31 20:22:15.403,13:02:00,2.0,Average,3.0,Completed
5355.0,20.0,Adewale Ogunleye,715.0,2024-05-29 20:22:15.403,12:37:00,10.0,Very Poor,1.0,Completed
5356.0,20.0,Adewale Ogunleye,715.0,2025-03-01 20:22:15.403,11:31:00,4.0,Excellent,5.0,Completed
5357.0,20.0,Adewale Ogunleye,715.0,2024-08-05 20:22:15.403,12:54:00,5.0,Average,3.0,Completed
5358.0,20.0,Adewale Ogunleye,715.0,2024-12-07 20:22:15.403,16:00:00,11.0,Excellent,5.0,Completed
5359.0,20.0,Adewale Ogunleye,715.0,2024-12-19 20:22:15.403,18:39:00,18.0,Good,4.0,Completed
5360.0,20.0,Adewale Ogunleye,715.0,2024-04-11 20:22:15.403,12:52:00,15.0,Good,4.0,Completed
5361.0,6.0,Funke Adeyemi,716.0,2024-09-23 20:22:15.403,12:02:00,14.0,Very Poor,1.0,Completed
5362.0,6.0,Funke Adeyemi,716.0,2024-10-17 20:22:15.403,09:59:00,19.0,Good,4.0,Completed
5363.0,6.0,Funke Adeyemi,716.0,2024-10-04 20:22:15.403,15:17:00,23.0,Poor,2.0,Completed
5364.0,6.0,Funke Adeyemi,716.0,2024-12-25 20:22:15.403,13:04:00,25.0,Very Poor,1.0,Completed
5365.0,6.0,Funke Adeyemi,716.0,2024-04-06 20:22:15.403,13:00:00,1.0,Very Poor,1.0,Completed
5366.0,6.0,Funke Adeyemi,716.0,2024-08-10 20:22:15.403,13:21:00,29.0,Average,3.0,Completed
5367.0,6.0,Funke Adeyemi,716.0,2024-12-25 20:22:15.403,13:51:00,9.0,Very Poor,1.0,Completed
5368.0,6.0,Funke Adeyemi,716.0,2024-12-23 20:22:15.403,08:15:00,10.0,Excellent,5.0,Completed
5369.0,6.0,Funke Adeyemi,716.0,2024-04-27 20:22:15.403,15:32:00,25.0,Very Poor,1.0,Completed
5370.0,1.0,Emeka Okafor,717.0,2024-10-07 20:22:15.403,13:56:00,29.0,Poor,2.0,Completed
5371.0,1.0,Emeka Okafor,717.0,2024-06-25 20:22:15.403,09:37:00,18.0,Excellent,5.0,Completed
5372.0,1.0,Emeka Okafor,717.0,2024-04-10 20:22:15.403,09:31:00,9.0,Poor,2.0,Completed
5373.0,1.0,Emeka Okafor,717.0,2025-02-03 20:22:15.403,19:56:00,10.0,Average,3.0,Completed
5374.0,1.0,Emeka Okafor,717.0,2024-10-07 20:22:15.403,14:34:00,2.0,Good,4.0,Completed
5375.0,12.0,Yakubu Bello,718.0,2024-12-15 20:22:15.403,10:25:00,20.0,Very Poor,1.0,Completed
5376.0,12.0,Yakubu Bello,718.0,2024-07-15 20:22:15.403,11:41:00,22.0,Good,4.0,Completed
5377.0,12.0,Yakubu Bello,718.0,2024-11-03 20:22:15.403,14:35:00,1.0,Excellent,5.0,Completed
5378.0,12.0,Yakubu Bello,718.0,2024-10-07 20:22:15.403,09:57:00,22.0,Excellent,5.0,Completed
5379.0,12.0,Yakubu Bello,718.0,2024-09-29 20:22:15.403,09:14:00,10.0,Very Poor,1.0,Completed
5380.0,7.0,Segun Oladipo,719.0,2024-04-13 20:22:15.403,13:50:00,1.0,Good,4.0,Completed
5381.0,7.0,Segun Oladipo,719.0,2024-10-05 20:22:15.403,16:13:00,16.0,Good,4.0,Completed
5382.0,7.0,Segun Oladipo,719.0,2024-03-13 20:22:15.403,17:18:00,14.0,Good,4.0,Completed
5383.0,7.0,Segun Oladipo,719.0,2024-06-07 20:22:15.403,18:46:00,13.0,Average,3.0,Completed
5384.0,7.0,Segun Oladipo,719.0,2024-06-10 20:22:15.403,10:01:00,10.0,Good,4.0,Completed
5385.0,7.0,Segun Oladipo,719.0,2024-07-22 20:22:15.403,14:00:00,3.0,Average,3.0,Completed
5386.0,7.0,Segun Oladipo,719.0,2025-02-03 20:22:15.403,12:00:00,29.0,Good,4.0,Completed
5387.0,7.0,Segun Oladipo,719.0,2024-06-07 20:22:15.403,19:35:00,22.0,Poor,2.0,Completed
5388.0,7.0,Segun Oladipo,719.0,2025-03-02 20:22:15.403,13:50:00,13.0,Good,4.0,Completed
5389.0,7.0,Segun Oladipo,719.0,2024-11-15 20:22:15.403,09:06:00,1.0,Excellent,5.0,Completed
5390.0,1.0,Emeka Okafor,720.0,2024-05-28 20:22:15.403,11:15:00,14.0,Average,3.0,Completed
5391.0,1.0,Emeka Okafor,720.0,2024-07-14 20:22:15.403,17:59:00,17.0,Poor,2.0,Completed
5392.0,1.0,Emeka Okafor,720.0,2024-10-27 20:22:15.403,11:24:00,7.0,Average,3.0,Completed
5393.0,1.0,Emeka Okafor,720.0,2024-06-12 20:22:15.403,11:15:00,16.0,Very Poor,1.0,Completed
5394.0,1.0,Emeka Okafor,720.0,2024-10-26 20:22:15.403,17:30:00,11.0,Poor,2.0,Completed
5395.0,1.0,Emeka Okafor,720.0,2024-04-18 20:22:15.403,12:34:00,28.0,Good,4.0,Completed
5396.0,16.0,Chika Umeh,721.0,2024-12-30 20:22:15.403,08:16:00,28.0,Excellent,5.0,Completed
5397.0,16.0,Chika Umeh,721.0,2025-02-10 20:22:15.403,16:58:00,12.0,Excellent,5.0,Completed
5398.0,16.0,Chika Umeh,721.0,2024-05-24 20:22:15.403,19:03:00,11.0,Good,4.0,Completed
5399.0,16.0,Chika Umeh,721.0,2024-03-08 20:22:15.403,08:36:00,10.0,Poor,2.0,Completed
5400.0,16.0,Chika Umeh,721.0,2024-12-06 20:22:15.403,12:10:00,24.0,Good,4.0,Completed
5401.0,16.0,Chika Umeh,721.0,2024-04-04 20:22:15.403,12:37:00,11.0,Very Poor,1.0,Completed
5402.0,16.0,Chika Umeh,721.0,2024-06-20 20:22:15.403,14:58:00,12.0,Very Poor,1.0,Completed
5403.0,7.0,Segun Oladipo,722.0,2024-04-23 20:22:15.403,14:12:00,2.0,Very Poor,1.0,Completed
5404.0,7.0,Segun Oladipo,722.0,2024-10-21 20:22:15.403,14:46:00,13.0,Poor,2.0,Completed
5405.0,7.0,Segun Oladipo,722.0,2024-11-04 20:22:15.403,14:00:00,25.0,Average,3.0,Completed
5406.0,7.0,Segun Oladipo,722.0,2024-07-15 20:22:15.403,18:53:00,1.0,Good,4.0,Completed
5407.0,7.0,Segun Oladipo,722.0,2024-11-17 20:22:15.403,19:09:00,11.0,Very Poor,1.0,Completed
5408.0,7.0,Segun Oladipo,722.0,2025-02-09 20:22:15.403,10:52:00,2.0,Good,4.0,Completed
5409.0,10.0,Chinedu Opara,723.0,2024-09-14 20:22:15.403,14:10:00,2.0,Very Poor,1.0,Completed
5410.0,10.0,Chinedu Opara,723.0,2024-09-18 20:22:15.403,14:56:00,4.0,Poor,2.0,Completed
5411.0,10.0,Chinedu Opara,723.0,2024-06-11 20:22:15.403,14:46:00,29.0,Very Poor,1.0,Completed
5412.0,10.0,Chinedu Opara,723.0,2024-10-24 20:22:15.403,08:24:00,16.0,Good,4.0,Completed
5413.0,10.0,Chinedu Opara,723.0,2024-12-27 20:22:15.403,18:41:00,26.0,Good,4.0,Completed
5414.0,10.0,Chinedu Opara,723.0,2024-08-09 20:22:15.403,13:12:00,3.0,Good,4.0,Completed
5415.0,10.0,Chinedu Opara,723.0,2024-06-19 20:22:15.403,11:18:00,5.0,Average,3.0,Completed
5416.0,10.0,Chinedu Opara,723.0,2024-04-15 20:22:15.403,09:35:00,19.0,Average,3.0,Completed
5417.0,10.0,Chinedu Opara,723.0,2024-09-03 20:22:15.403,15:07:00,23.0,Average,3.0,Completed
5418.0,10.0,Chinedu Opara,723.0,2024-04-06 20:22:15.403,13:34:00,27.0,Poor,2.0,Completed
5419.0,16.0,Chika Umeh,724.0,2024-11-24 20:22:15.403,12:07:00,2.0,Poor,2.0,Completed
5420.0,16.0,Chika Umeh,724.0,2024-05-14 20:22:15.403,17:09:00,13.0,Excellent,5.0,Completed
5421.0,16.0,Chika Umeh,724.0,2024-08-30 20:22:15.403,10:46:00,25.0,Average,3.0,Completed
5422.0,16.0,Chika Umeh,724.0,2024-06-21 20:22:15.403,14:35:00,4.0,Good,4.0,Completed
5423.0,16.0,Chika Umeh,724.0,2024-05-03 20:22:15.403,19:55:00,25.0,Good,4.0,Completed
5424.0,16.0,Chika Umeh,724.0,2025-01-13 20:22:15.403,17:56:00,8.0,Good,4.0,Completed
5425.0,16.0,Chika Umeh,724.0,2025-03-05 20:22:15.403,18:14:00,28.0,Average,3.0,Completed
5426.0,16.0,Chika Umeh,724.0,2025-01-13 20:22:15.403,09:21:00,15.0,Good,4.0,Completed
5427.0,11.0,Kemi Adebanjo,725.0,2025-02-04 20:22:15.403,08:36:00,12.0,Excellent,5.0,Completed
5428.0,11.0,Kemi Adebanjo,725.0,2024-10-16 20:22:15.403,14:18:00,1.0,Good,4.0,Completed
5429.0,11.0,Kemi Adebanjo,725.0,2024-07-11 20:22:15.403,18:33:00,9.0,Good,4.0,Completed
5430.0,11.0,Kemi Adebanjo,725.0,2024-10-13 20:22:15.403,15:19:00,24.0,Poor,2.0,Completed
5431.0,11.0,Kemi Adebanjo,725.0,2024-12-11 20:22:15.403,17:27:00,8.0,Good,4.0,Completed
5432.0,11.0,Kemi Adebanjo,725.0,2025-01-08 20:22:15.403,16:04:00,5.0,Excellent,5.0,Completed
5433.0,11.0,Kemi Adebanjo,725.0,2024-07-04 20:22:15.403,11:00:00,16.0,Good,4.0,Completed
5434.0,16.0,Chika Umeh,726.0,2024-04-02 20:22:15.403,19:44:00,25.0,Excellent,5.0,Completed
5435.0,16.0,Chika Umeh,726.0,2024-08-18 20:22:15.403,12:29:00,23.0,Excellent,5.0,Completed
5436.0,16.0,Chika Umeh,726.0,2024-05-21 20:22:15.403,19:16:00,14.0,Poor,2.0,Completed
5437.0,16.0,Chika Umeh,726.0,2024-07-24 20:22:15.403,15:33:00,17.0,Excellent,5.0,Completed
5438.0,16.0,Chika Umeh,726.0,2024-11-13 20:22:15.403,13:44:00,9.0,Good,4.0,Completed
5439.0,10.0,Chinedu Opara,727.0,2024-12-25 20:22:15.403,15:42:00,11.0,Poor,2.0,Completed
5440.0,10.0,Chinedu Opara,727.0,2024-03-18 20:22:15.403,09:28:00,10.0,Good,4.0,Completed
5441.0,10.0,Chinedu Opara,727.0,2024-10-16 20:22:15.403,09:17:00,2.0,Excellent,5.0,Completed
5442.0,10.0,Chinedu Opara,727.0,2024-04-24 20:22:15.403,11:15:00,6.0,Average,3.0,Completed
5443.0,10.0,Chinedu Opara,727.0,2025-02-25 20:22:15.403,14:11:00,23.0,Excellent,5.0,Completed
5444.0,10.0,Chinedu Opara,727.0,2024-10-16 20:22:15.403,12:33:00,3.0,Poor,2.0,Completed
5445.0,10.0,Chinedu Opara,727.0,2024-08-07 20:22:15.403,10:02:00,3.0,Good,4.0,Completed
5446.0,10.0,Chinedu Opara,727.0,2025-01-10 20:22:15.403,19:13:00,19.0,Good,4.0,Completed
5447.0,3.0,Tunde Balogun,728.0,2025-02-18 20:22:15.403,17:05:00,6.0,Very Poor,1.0,Completed
5448.0,3.0,Tunde Balogun,728.0,2025-01-08 20:22:15.403,13:55:00,15.0,Average,3.0,Completed
5449.0,3.0,Tunde Balogun,728.0,2024-08-24 20:22:15.403,18:21:00,4.0,Very Poor,1.0,Completed
5450.0,3.0,Tunde Balogun,728.0,2024-11-10 20:22:15.403,18:21:00,6.0,Very Poor,1.0,Completed
5451.0,3.0,Tunde Balogun,728.0,2024-11-28 20:22:15.403,12:50:00,16.0,Good,4.0,Completed
5452.0,3.0,Tunde Balogun,728.0,2024-12-01 20:22:15.403,15:14:00,20.0,Very Poor,1.0,Completed
5453.0,3.0,Tunde Balogun,728.0,2024-07-18 20:22:15.403,12:15:00,4.0,Poor,2.0,Completed
5454.0,3.0,Tunde Balogun,728.0,2025-01-23 20:22:15.403,15:21:00,27.0,Average,3.0,Completed
5455.0,3.0,Tunde Balogun,728.0,2024-12-08 20:22:15.403,09:21:00,9.0,Average,3.0,Completed
5456.0,16.0,Chika Umeh,729.0,2024-10-10 20:22:15.403,12:10:00,6.0,Good,4.0,Completed
5457.0,16.0,Chika Umeh,729.0,2024-04-27 20:22:15.403,08:45:00,13.0,Average,3.0,Completed
5458.0,16.0,Chika Umeh,729.0,2024-08-04 20:22:15.403,13:06:00,6.0,Very Poor,1.0,Completed
5459.0,16.0,Chika Umeh,729.0,2025-01-10 20:22:15.403,18:12:00,27.0,Average,3.0,Completed
5460.0,16.0,Chika Umeh,729.0,2024-09-29 20:22:15.403,12:42:00,15.0,Average,3.0,Completed
5461.0,16.0,Chika Umeh,729.0,2024-06-19 20:22:15.403,09:16:00,15.0,Good,4.0,Completed
5462.0,16.0,Chika Umeh,729.0,2024-11-28 20:22:15.403,16:32:00,27.0,Poor,2.0,Completed
5463.0,16.0,Chika Umeh,729.0,2024-07-31 20:22:15.403,14:20:00,8.0,Excellent,5.0,Completed
5464.0,10.0,Chinedu Opara,730.0,2025-03-05 20:22:15.403,10:39:00,1.0,Poor,2.0,Completed
5465.0,10.0,Chinedu Opara,730.0,2024-06-18 20:22:15.403,15:54:00,11.0,Average,3.0,Completed
5466.0,10.0,Chinedu Opara,730.0,2024-12-03 20:22:15.403,08:16:00,12.0,Good,4.0,Completed
5467.0,10.0,Chinedu Opara,730.0,2024-06-03 20:22:15.403,11:29:00,13.0,Good,4.0,Completed
5468.0,10.0,Chinedu Opara,730.0,2024-12-09 20:22:15.403,12:38:00,22.0,Excellent,5.0,Completed
5469.0,13.0,Bola Akinwunmi,731.0,2024-10-21 20:22:15.403,11:04:00,25.0,Excellent,5.0,Completed
5470.0,13.0,Bola Akinwunmi,731.0,2024-12-18 20:22:15.403,12:17:00,1.0,Good,4.0,Completed
5471.0,13.0,Bola Akinwunmi,731.0,2024-05-12 20:22:15.403,12:11:00,8.0,Good,4.0,Completed
5472.0,13.0,Bola Akinwunmi,731.0,2025-01-26 20:22:15.403,14:52:00,24.0,Average,3.0,Completed
5473.0,13.0,Bola Akinwunmi,731.0,2024-11-19 20:22:15.403,10:05:00,25.0,Average,3.0,Completed
5474.0,13.0,Bola Akinwunmi,731.0,2025-03-02 20:22:15.403,08:16:00,26.0,Good,4.0,Completed
5475.0,13.0,Bola Akinwunmi,731.0,2024-12-19 20:22:15.403,16:54:00,6.0,Good,4.0,Completed
5476.0,13.0,Bola Akinwunmi,731.0,2024-06-21 20:22:15.403,10:56:00,25.0,Very Poor,1.0,Completed
5477.0,6.0,Funke Adeyemi,732.0,2024-04-25 20:22:15.403,16:46:00,26.0,Average,3.0,Completed
5478.0,6.0,Funke Adeyemi,732.0,2024-12-28 20:22:15.403,19:50:00,11.0,Very Poor,1.0,Completed
5479.0,6.0,Funke Adeyemi,732.0,2024-08-09 20:22:15.403,10:54:00,24.0,Good,4.0,Completed
5480.0,6.0,Funke Adeyemi,732.0,2025-03-01 20:22:15.403,12:44:00,3.0,Excellent,5.0,Completed
5481.0,6.0,Funke Adeyemi,732.0,2024-11-26 20:22:15.403,19:01:00,28.0,Good,4.0,Completed
5482.0,6.0,Funke Adeyemi,732.0,2024-07-30 20:22:15.403,17:29:00,14.0,Good,4.0,Completed
5483.0,6.0,Funke Adeyemi,732.0,2024-10-25 20:22:15.403,13:20:00,24.0,Good,4.0,Completed
5484.0,6.0,Funke Adeyemi,732.0,2024-04-28 20:22:15.403,15:36:00,15.0,Good,4.0,Completed
5485.0,6.0,Funke Adeyemi,732.0,2024-05-02 20:22:15.403,17:37:00,15.0,Poor,2.0,Completed
5486.0,6.0,Funke Adeyemi,732.0,2025-01-31 20:22:15.403,14:06:00,14.0,Average,3.0,Completed
5487.0,16.0,Chika Umeh,733.0,2025-01-16 20:22:15.403,19:38:00,20.0,Poor,2.0,Completed
5488.0,16.0,Chika Umeh,733.0,2024-08-07 20:22:15.403,17:21:00,25.0,Excellent,5.0,Completed
5489.0,16.0,Chika Umeh,733.0,2024-09-07 20:22:15.403,13:24:00,19.0,Good,4.0,Completed
5490.0,16.0,Chika Umeh,733.0,2024-11-15 20:22:15.403,18:04:00,10.0,Excellent,5.0,Completed
5491.0,16.0,Chika Umeh,733.0,2024-05-09 20:22:15.403,15:02:00,15.0,Poor,2.0,Completed
5492.0,16.0,Chika Umeh,733.0,2025-01-11 20:22:15.403,17:52:00,29.0,Very Poor,1.0,Completed
5493.0,16.0,Chika Umeh,733.0,2025-02-11 20:22:15.403,15:21:00,19.0,Very Poor,1.0,Completed
5494.0,16.0,Chika Umeh,733.0,2024-12-08 20:22:15.403,17:35:00,19.0,Average,3.0,Completed
5495.0,16.0,Chika Umeh,733.0,2024-11-17 20:22:15.403,16:34:00,29.0,Average,3.0,Completed
5496.0,16.0,Chika Umeh,733.0,2025-01-20 20:22:15.403,19:20:00,14.0,Excellent,5.0,Completed
5497.0,9.0,Ibrahim Danjuma,734.0,2024-07-03 20:22:15.403,17:54:00,29.0,Average,3.0,Completed
5498.0,9.0,Ibrahim Danjuma,734.0,2024-11-21 20:22:15.403,09:25:00,15.0,Average,3.0,Completed
5499.0,9.0,Ibrahim Danjuma,734.0,2024-11-25 20:22:15.403,09:27:00,26.0,Excellent,5.0,Completed
5500.0,9.0,Ibrahim Danjuma,734.0,2025-02-13 20:22:15.403,15:13:00,27.0,Poor,2.0,Completed
5501.0,9.0,Ibrahim Danjuma,734.0,2024-04-29 20:22:15.403,18:10:00,18.0,Average,3.0,Completed
5502.0,9.0,Ibrahim Danjuma,734.0,2024-12-10 20:22:15.403,19:18:00,4.0,Average,3.0,Completed
5503.0,9.0,Ibrahim Danjuma,734.0,2025-01-27 20:22:15.403,14:11:00,10.0,Good,4.0,Completed
5504.0,9.0,Ibrahim Danjuma,734.0,2024-08-02 20:22:15.403,16:28:00,24.0,Very Poor,1.0,Completed
5505.0,9.0,Ibrahim Danjuma,734.0,2024-12-26 20:22:15.403,18:10:00,21.0,Average,3.0,Completed
5506.0,9.0,Ibrahim Danjuma,734.0,2024-04-30 20:22:15.403,17:06:00,25.0,Excellent,5.0,Completed
5507.0,1.0,Emeka Okafor,735.0,2024-10-09 20:22:15.403,16:54:00,10.0,Very Poor,1.0,Completed
5508.0,1.0,Emeka Okafor,735.0,2025-01-29 20:22:15.403,15:05:00,5.0,Poor,2.0,Completed
5509.0,1.0,Emeka Okafor,735.0,2025-02-09 20:22:15.403,11:11:00,11.0,Good,4.0,Completed
5510.0,1.0,Emeka Okafor,735.0,2024-09-24 20:22:15.403,15:53:00,23.0,Average,3.0,Completed
5511.0,1.0,Emeka Okafor,735.0,2024-07-01 20:22:15.403,16:41:00,8.0,Poor,2.0,Completed
5512.0,1.0,Emeka Okafor,735.0,2024-07-18 20:22:15.403,08:34:00,23.0,Excellent,5.0,Completed
5513.0,1.0,Emeka Okafor,735.0,2024-03-17 20:22:15.403,12:22:00,8.0,Good,4.0,Completed
5514.0,1.0,Emeka Okafor,735.0,2024-04-18 20:22:15.403,10:22:00,19.0,Good,4.0,Completed
5515.0,11.0,Kemi Adebanjo,736.0,2025-03-07 20:22:15.403,13:27:00,5.0,Very Poor,1.0,Completed
5516.0,11.0,Kemi Adebanjo,736.0,2024-12-07 20:22:15.403,10:12:00,6.0,Excellent,5.0,Completed
5517.0,11.0,Kemi Adebanjo,736.0,2024-11-27 20:22:15.403,11:10:00,27.0,Poor,2.0,Completed
5518.0,11.0,Kemi Adebanjo,736.0,2025-03-04 20:22:15.403,09:04:00,5.0,Excellent,5.0,Completed
5519.0,11.0,Kemi Adebanjo,736.0,2025-01-26 20:22:15.403,16:18:00,26.0,Poor,2.0,Completed
5520.0,11.0,Kemi Adebanjo,736.0,2024-12-15 20:22:15.403,15:15:00,14.0,Average,3.0,Completed
5521.0,11.0,Kemi Adebanjo,736.0,2024-11-24 20:22:15.403,09:30:00,7.0,Good,4.0,Completed
5522.0,1.0,Emeka Okafor,737.0,2024-11-10 20:22:15.403,11:37:00,25.0,Poor,2.0,Completed
5523.0,1.0,Emeka Okafor,737.0,2025-01-16 20:22:15.403,17:51:00,27.0,Average,3.0,Completed
5524.0,1.0,Emeka Okafor,737.0,2024-04-18 20:22:15.403,15:17:00,18.0,Very Poor,1.0,Completed
5525.0,1.0,Emeka Okafor,737.0,2024-09-19 20:22:15.403,17:24:00,24.0,Good,4.0,Completed
5526.0,1.0,Emeka Okafor,737.0,2025-02-08 20:22:15.403,08:40:00,24.0,Poor,2.0,Completed
5527.0,1.0,Emeka Okafor,737.0,2024-03-16 20:22:15.403,15:06:00,27.0,Good,4.0,Completed
5528.0,1.0,Emeka Okafor,737.0,2025-01-30 20:22:15.403,19:23:00,24.0,Average,3.0,Completed
5529.0,1.0,Emeka Okafor,737.0,2024-08-26 20:22:15.403,19:42:00,13.0,Excellent,5.0,Completed
5530.0,1.0,Emeka Okafor,737.0,2025-01-22 20:22:15.403,16:29:00,20.0,Poor,2.0,Completed
5531.0,1.0,Emeka Okafor,737.0,2024-11-11 20:22:15.403,09:23:00,17.0,Poor,2.0,Completed
5532.0,15.0,Gbenga Adesina,738.0,2024-08-24 20:22:15.403,08:36:00,17.0,Good,4.0,Completed
5533.0,15.0,Gbenga Adesina,738.0,2024-06-21 20:22:15.403,19:58:00,24.0,Average,3.0,Completed
5534.0,15.0,Gbenga Adesina,738.0,2024-07-09 20:22:15.403,18:24:00,4.0,Poor,2.0,Completed
5535.0,15.0,Gbenga Adesina,738.0,2024-09-06 20:22:15.403,08:46:00,2.0,Average,3.0,Completed
5536.0,15.0,Gbenga Adesina,738.0,2024-12-23 20:22:15.403,17:48:00,9.0,Good,4.0,Completed
5537.0,15.0,Gbenga Adesina,738.0,2024-12-31 20:22:15.403,15:23:00,16.0,Excellent,5.0,Completed
5538.0,15.0,Gbenga Adesina,738.0,2024-12-28 20:22:15.403,09:37:00,12.0,Good,4.0,Completed
5539.0,15.0,Gbenga Adesina,738.0,2024-06-17 20:22:15.403,08:48:00,13.0,Good,4.0,Completed
5540.0,15.0,Gbenga Adesina,738.0,2025-02-27 20:22:15.403,15:45:00,17.0,Poor,2.0,Completed
5541.0,3.0,Tunde Balogun,739.0,2025-01-07 20:22:15.403,18:35:00,25.0,Poor,2.0,Completed
5542.0,3.0,Tunde Balogun,739.0,2025-01-28 20:22:15.403,18:19:00,15.0,Poor,2.0,Completed
5543.0,3.0,Tunde Balogun,739.0,2024-05-11 20:22:15.403,15:06:00,27.0,Good,4.0,Completed
5544.0,3.0,Tunde Balogun,739.0,2024-07-23 20:22:15.403,19:09:00,2.0,Poor,2.0,Completed
5545.0,3.0,Tunde Balogun,739.0,2024-05-01 20:22:15.403,19:44:00,10.0,Very Poor,1.0,Completed
5546.0,3.0,Tunde Balogun,739.0,2024-07-28 20:22:15.403,13:45:00,11.0,Excellent,5.0,Completed
5547.0,3.0,Tunde Balogun,739.0,2024-05-08 20:22:15.403,18:49:00,13.0,Very Poor,1.0,Completed
5548.0,3.0,Tunde Balogun,739.0,2024-12-12 20:22:15.403,19:41:00,6.0,Very Poor,1.0,Completed
5549.0,3.0,Tunde Balogun,739.0,2024-06-22 20:22:15.403,10:53:00,16.0,Good,4.0,Completed
5550.0,3.0,Tunde Balogun,739.0,2024-12-04 20:22:15.403,09:54:00,3.0,Very Poor,1.0,Completed
5551.0,1.0,Emeka Okafor,740.0,2024-03-16 20:22:15.403,14:29:00,6.0,Poor,2.0,Completed
5552.0,1.0,Emeka Okafor,740.0,2024-06-06 20:22:15.403,12:57:00,23.0,Good,4.0,Completed
5553.0,1.0,Emeka Okafor,740.0,2024-11-13 20:22:15.403,19:09:00,22.0,Average,3.0,Completed
5554.0,1.0,Emeka Okafor,740.0,2024-08-16 20:22:15.403,08:54:00,7.0,Very Poor,1.0,Completed
5555.0,1.0,Emeka Okafor,740.0,2024-07-24 20:22:15.403,18:21:00,24.0,Very Poor,1.0,Completed
5556.0,1.0,Emeka Okafor,740.0,2024-11-21 20:22:15.403,13:24:00,6.0,Poor,2.0,Completed
5557.0,1.0,Emeka Okafor,740.0,2025-02-20 20:22:15.403,19:42:00,8.0,Good,4.0,Completed
5558.0,5.0,Obinna Eze,741.0,2024-06-08 20:22:15.403,17:03:00,14.0,Good,4.0,Completed
5559.0,5.0,Obinna Eze,741.0,2024-03-30 20:22:15.403,15:33:00,4.0,Very Poor,1.0,Completed
5560.0,5.0,Obinna Eze,741.0,2024-06-23 20:22:15.403,14:39:00,8.0,Excellent,5.0,Completed
5561.0,5.0,Obinna Eze,741.0,2024-11-02 20:22:15.403,16:35:00,10.0,Excellent,5.0,Completed
5562.0,5.0,Obinna Eze,741.0,2024-05-11 20:22:15.403,18:42:00,19.0,Excellent,5.0,Completed
5563.0,11.0,Kemi Adebanjo,742.0,2024-04-13 20:22:15.403,08:59:00,25.0,Good,4.0,Completed
5564.0,11.0,Kemi Adebanjo,742.0,2024-04-15 20:22:15.403,12:49:00,7.0,Excellent,5.0,Completed
5565.0,11.0,Kemi Adebanjo,742.0,2024-07-27 20:22:15.403,10:02:00,5.0,Average,3.0,Completed
5566.0,11.0,Kemi Adebanjo,742.0,2024-08-22 20:22:15.403,12:43:00,19.0,Excellent,5.0,Completed
5567.0,11.0,Kemi Adebanjo,742.0,2024-06-20 20:22:15.403,14:10:00,20.0,Excellent,5.0,Completed
5568.0,11.0,Kemi Adebanjo,742.0,2024-08-05 20:22:15.403,19:32:00,6.0,Average,3.0,Completed
5569.0,11.0,Kemi Adebanjo,742.0,2025-01-14 20:22:15.403,15:11:00,27.0,Average,3.0,Completed
5570.0,11.0,Kemi Adebanjo,742.0,2024-06-15 20:22:15.403,15:33:00,13.0,Very Poor,1.0,Completed
5571.0,11.0,Kemi Adebanjo,742.0,2024-05-04 20:22:15.403,08:34:00,22.0,Poor,2.0,Completed
5572.0,11.0,Kemi Adebanjo,742.0,2024-05-27 20:22:15.403,16:24:00,24.0,Good,4.0,Completed
5573.0,4.0,Aisha Mohammed,743.0,2025-03-02 20:22:15.403,15:01:00,25.0,Excellent,5.0,Completed
5574.0,4.0,Aisha Mohammed,743.0,2024-09-16 20:22:15.403,11:37:00,12.0,Excellent,5.0,Completed
5575.0,4.0,Aisha Mohammed,743.0,2024-09-02 20:22:15.403,17:50:00,23.0,Poor,2.0,Completed
5576.0,4.0,Aisha Mohammed,743.0,2024-11-01 20:22:15.403,18:25:00,20.0,Average,3.0,Completed
5577.0,4.0,Aisha Mohammed,743.0,2024-11-23 20:22:15.403,17:36:00,20.0,Excellent,5.0,Completed
5578.0,4.0,Aisha Mohammed,743.0,2024-06-19 20:22:15.403,16:30:00,25.0,Good,4.0,Completed
5579.0,4.0,Aisha Mohammed,743.0,2024-07-20 20:22:15.403,11:27:00,27.0,Excellent,5.0,Completed
5580.0,4.0,Aisha Mohammed,743.0,2024-06-06 20:22:15.403,09:11:00,10.0,Poor,2.0,Completed
5581.0,4.0,Aisha Mohammed,743.0,2025-02-15 20:22:15.403,17:50:00,18.0,Good,4.0,Completed
5582.0,4.0,Aisha Mohammed,743.0,2024-12-07 20:22:15.403,11:48:00,24.0,Excellent,5.0,Completed
5583.0,8.0,Ngozi Okonkwo,744.0,2024-11-08 20:22:15.403,12:27:00,14.0,Good,4.0,Completed
5584.0,8.0,Ngozi Okonkwo,744.0,2024-10-20 20:22:15.403,08:57:00,13.0,Excellent,5.0,Completed
5585.0,8.0,Ngozi Okonkwo,744.0,2024-03-28 20:22:15.403,14:17:00,2.0,Poor,2.0,Completed
5586.0,8.0,Ngozi Okonkwo,744.0,2024-06-18 20:22:15.403,14:58:00,12.0,Average,3.0,Completed
5587.0,8.0,Ngozi Okonkwo,744.0,2024-12-01 20:22:15.403,18:20:00,20.0,Good,4.0,Completed
5588.0,8.0,Ngozi Okonkwo,744.0,2024-04-13 20:22:15.403,15:53:00,10.0,Average,3.0,Completed
5589.0,8.0,Ngozi Okonkwo,744.0,2024-03-20 20:22:15.403,19:14:00,8.0,Poor,2.0,Completed
5590.0,8.0,Ngozi Okonkwo,744.0,2025-01-28 20:22:15.403,17:10:00,6.0,Very Poor,1.0,Completed
5591.0,10.0,Chinedu Opara,745.0,2024-11-12 20:22:15.403,11:54:00,6.0,Excellent,5.0,Completed
5592.0,10.0,Chinedu Opara,745.0,2024-05-28 20:22:15.403,12:55:00,3.0,Poor,2.0,Completed
5593.0,10.0,Chinedu Opara,745.0,2024-08-28 20:22:15.403,16:31:00,21.0,Good,4.0,Completed
5594.0,10.0,Chinedu Opara,745.0,2024-06-10 20:22:15.403,08:18:00,9.0,Excellent,5.0,Completed
5595.0,10.0,Chinedu Opara,745.0,2025-01-23 20:22:15.403,13:49:00,24.0,Average,3.0,Completed
5596.0,10.0,Chinedu Opara,745.0,2024-11-09 20:22:15.403,14:57:00,23.0,Good,4.0,Completed
5597.0,2.0,Chioma Nwosu,746.0,2024-12-10 20:22:15.403,18:45:00,25.0,Very Poor,1.0,Completed
5598.0,2.0,Chioma Nwosu,746.0,2024-03-09 20:22:15.403,12:15:00,18.0,Average,3.0,Completed
5599.0,2.0,Chioma Nwosu,746.0,2024-09-28 20:22:15.403,18:48:00,1.0,Excellent,5.0,Completed
5600.0,2.0,Chioma Nwosu,746.0,2024-04-02 20:22:15.403,13:02:00,20.0,Average,3.0,Completed
5601.0,2.0,Chioma Nwosu,746.0,2024-10-25 20:22:15.403,16:21:00,19.0,Average,3.0,Completed
5602.0,12.0,Yakubu Bello,747.0,2025-02-28 20:22:15.403,08:21:00,3.0,Good,4.0,Completed
5603.0,12.0,Yakubu Bello,747.0,2024-09-11 20:22:15.403,19:01:00,4.0,Very Poor,1.0,Completed
5604.0,12.0,Yakubu Bello,747.0,2025-02-24 20:22:15.403,12:44:00,23.0,Excellent,5.0,Completed
5605.0,12.0,Yakubu Bello,747.0,2024-04-06 20:22:15.403,18:04:00,27.0,Very Poor,1.0,Completed
5606.0,12.0,Yakubu Bello,747.0,2024-12-27 20:22:15.403,10:46:00,20.0,Poor,2.0,Completed
5607.0,12.0,Yakubu Bello,747.0,2024-12-29 20:22:15.403,12:53:00,8.0,Very Poor,1.0,Completed
5608.0,15.0,Gbenga Adesina,748.0,2024-10-18 20:22:15.403,09:15:00,16.0,Average,3.0,Completed
5609.0,15.0,Gbenga Adesina,748.0,2024-04-23 20:22:15.403,13:49:00,8.0,Very Poor,1.0,Completed
5610.0,15.0,Gbenga Adesina,748.0,2024-08-08 20:22:15.403,09:41:00,17.0,Good,4.0,Completed
5611.0,15.0,Gbenga Adesina,748.0,2024-11-03 20:22:15.403,09:30:00,11.0,Excellent,5.0,Completed
5612.0,15.0,Gbenga Adesina,748.0,2024-06-27 20:22:15.403,15:47:00,18.0,Good,4.0,Completed
5613.0,15.0,Gbenga Adesina,748.0,2024-07-11 20:22:15.403,14:18:00,13.0,Poor,2.0,Completed
5614.0,15.0,Gbenga Adesina,748.0,2024-07-17 20:22:15.403,17:43:00,13.0,Very Poor,1.0,Completed
5615.0,10.0,Chinedu Opara,749.0,2024-11-17 20:22:15.403,08:38:00,1.0,Poor,2.0,Completed
5616.0,10.0,Chinedu Opara,749.0,2024-04-26 20:22:15.403,13:38:00,5.0,Excellent,5.0,Completed
5617.0,10.0,Chinedu Opara,749.0,2024-08-03 20:22:15.403,15:16:00,26.0,Poor,2.0,Completed
5618.0,10.0,Chinedu Opara,749.0,2024-08-09 20:22:15.403,12:15:00,4.0,Good,4.0,Completed
5619.0,10.0,Chinedu Opara,749.0,2024-08-25 20:22:15.403,18:40:00,18.0,Good,4.0,Completed
5620.0,10.0,Chinedu Opara,749.0,2025-02-21 20:22:15.403,17:53:00,20.0,Poor,2.0,Completed
5621.0,10.0,Chinedu Opara,749.0,2024-10-23 20:22:15.403,18:43:00,12.0,Excellent,5.0,Completed
5622.0,10.0,Chinedu Opara,749.0,2025-02-21 20:22:15.403,16:02:00,28.0,Excellent,5.0,Completed
5623.0,7.0,Segun Oladipo,750.0,2024-12-09 20:22:15.403,11:01:00,22.0,Excellent,5.0,Completed
5624.0,7.0,Segun Oladipo,750.0,2024-10-25 20:22:15.403,08:30:00,6.0,Poor,2.0,Completed
5625.0,7.0,Segun Oladipo,750.0,2025-01-29 20:22:15.403,16:56:00,28.0,Poor,2.0,Completed
5626.0,7.0,Segun Oladipo,750.0,2025-01-18 20:22:15.403,09:51:00,4.0,Poor,2.0,Completed
5627.0,7.0,Segun Oladipo,750.0,2024-10-25 20:22:15.403,15:38:00,17.0,Very Poor,1.0,Completed
5628.0,7.0,Segun Oladipo,750.0,2024-06-01 20:22:15.403,15:40:00,6.0,Poor,2.0,Completed
5629.0,7.0,Segun Oladipo,750.0,2024-09-02 20:22:15.403,09:54:00,18.0,Excellent,5.0,Completed
5630.0,7.0,Segun Oladipo,750.0,2024-08-20 20:22:15.403,09:53:00,7.0,Poor,2.0,Completed
5631.0,19.0,Felix Odion,751.0,2024-05-23 20:22:15.403,18:23:00,21.0,Poor,2.0,Completed
5632.0,19.0,Felix Odion,751.0,2024-06-20 20:22:15.403,11:05:00,11.0,Good,4.0,Completed
5633.0,19.0,Felix Odion,751.0,2024-10-19 20:22:15.403,08:51:00,19.0,Poor,2.0,Completed
5634.0,19.0,Felix Odion,751.0,2024-12-08 20:22:15.403,18:11:00,10.0,Average,3.0,Completed
5635.0,19.0,Felix Odion,751.0,2024-03-31 20:22:15.403,08:26:00,2.0,Poor,2.0,Completed
5636.0,2.0,Chioma Nwosu,752.0,2024-08-18 20:22:15.403,09:28:00,21.0,Very Poor,1.0,Completed
5637.0,2.0,Chioma Nwosu,752.0,2024-08-20 20:22:15.403,14:25:00,29.0,Excellent,5.0,Completed
5638.0,2.0,Chioma Nwosu,752.0,2024-04-19 20:22:15.403,19:26:00,29.0,Excellent,5.0,Completed
5639.0,2.0,Chioma Nwosu,752.0,2024-05-26 20:22:15.403,16:09:00,11.0,Average,3.0,Completed
5640.0,2.0,Chioma Nwosu,752.0,2024-08-07 20:22:15.403,13:16:00,6.0,Very Poor,1.0,Completed
5641.0,2.0,Chioma Nwosu,752.0,2025-01-03 20:22:15.403,10:46:00,26.0,Very Poor,1.0,Completed
5642.0,2.0,Chioma Nwosu,752.0,2025-01-17 20:22:15.403,17:10:00,3.0,Very Poor,1.0,Completed
5643.0,2.0,Chioma Nwosu,752.0,2024-07-12 20:22:15.403,10:49:00,21.0,Average,3.0,Completed
5644.0,2.0,Chioma Nwosu,752.0,2024-08-01 20:22:15.403,09:46:00,8.0,Good,4.0,Completed
5645.0,9.0,Ibrahim Danjuma,753.0,2024-10-19 20:22:15.403,10:53:00,15.0,Good,4.0,Completed
5646.0,9.0,Ibrahim Danjuma,753.0,2024-09-03 20:22:15.403,10:39:00,27.0,Very Poor,1.0,Completed
5647.0,9.0,Ibrahim Danjuma,753.0,2024-08-26 20:22:15.403,13:39:00,22.0,Poor,2.0,Completed
5648.0,9.0,Ibrahim Danjuma,753.0,2024-07-23 20:22:15.403,12:29:00,28.0,Good,4.0,Completed
5649.0,9.0,Ibrahim Danjuma,753.0,2024-12-19 20:22:15.403,16:38:00,21.0,Poor,2.0,Completed
5650.0,12.0,Yakubu Bello,754.0,2024-12-01 20:22:15.403,12:37:00,29.0,Poor,2.0,Completed
5651.0,12.0,Yakubu Bello,754.0,2024-09-24 20:22:15.403,08:27:00,1.0,Excellent,5.0,Completed
5652.0,12.0,Yakubu Bello,754.0,2024-12-07 20:22:15.403,14:00:00,6.0,Excellent,5.0,Completed
5653.0,12.0,Yakubu Bello,754.0,2024-12-22 20:22:15.403,13:12:00,3.0,Excellent,5.0,Completed
5654.0,12.0,Yakubu Bello,754.0,2024-08-10 20:22:15.403,14:18:00,10.0,Good,4.0,Completed
5655.0,12.0,Yakubu Bello,754.0,2024-04-23 20:22:15.403,09:40:00,3.0,Very Poor,1.0,Completed
5656.0,12.0,Yakubu Bello,754.0,2024-12-06 20:22:15.403,15:27:00,12.0,Very Poor,1.0,Completed
5657.0,12.0,Yakubu Bello,754.0,2024-04-04 20:22:15.403,09:04:00,18.0,Average,3.0,Completed
5658.0,12.0,Yakubu Bello,754.0,2024-04-13 20:22:15.403,16:22:00,15.0,Poor,2.0,Completed
5659.0,1.0,Emeka Okafor,755.0,2024-04-25 20:22:15.403,15:54:00,13.0,Average,3.0,Completed
5660.0,1.0,Emeka Okafor,755.0,2025-02-27 20:22:15.403,15:02:00,27.0,Poor,2.0,Completed
5661.0,1.0,Emeka Okafor,755.0,2024-05-20 20:22:15.403,12:01:00,6.0,Average,3.0,Completed
5662.0,1.0,Emeka Okafor,755.0,2024-05-29 20:22:15.403,11:56:00,23.0,Average,3.0,Completed
5663.0,1.0,Emeka Okafor,755.0,2024-12-06 20:22:15.403,14:17:00,18.0,Very Poor,1.0,Completed
5664.0,1.0,Emeka Okafor,755.0,2024-06-12 20:22:15.403,11:17:00,20.0,Very Poor,1.0,Completed
5665.0,1.0,Emeka Okafor,755.0,2024-05-05 20:22:15.403,08:03:00,12.0,Good,4.0,Completed
5666.0,6.0,Funke Adeyemi,756.0,2024-07-31 20:22:15.403,08:00:00,10.0,Very Poor,1.0,Completed
5667.0,6.0,Funke Adeyemi,756.0,2024-07-22 20:22:15.403,10:59:00,3.0,Very Poor,1.0,Completed
5668.0,6.0,Funke Adeyemi,756.0,2024-09-04 20:22:15.403,15:19:00,18.0,Very Poor,1.0,Completed
5669.0,6.0,Funke Adeyemi,756.0,2025-01-21 20:22:15.403,17:54:00,5.0,Average,3.0,Completed
5670.0,6.0,Funke Adeyemi,756.0,2025-02-22 20:22:15.403,17:01:00,18.0,Average,3.0,Completed
5671.0,6.0,Funke Adeyemi,756.0,2024-10-20 20:22:15.403,16:05:00,6.0,Good,4.0,Completed
5672.0,6.0,Funke Adeyemi,757.0,2024-06-24 20:22:15.403,12:12:00,6.0,Excellent,5.0,Completed
5673.0,6.0,Funke Adeyemi,757.0,2025-01-28 20:22:15.403,12:27:00,1.0,Average,3.0,Completed
5674.0,6.0,Funke Adeyemi,757.0,2024-12-30 20:22:15.403,14:11:00,1.0,Very Poor,1.0,Completed
5675.0,6.0,Funke Adeyemi,757.0,2024-07-03 20:22:15.403,08:52:00,5.0,Average,3.0,Completed
5676.0,6.0,Funke Adeyemi,757.0,2024-04-07 20:22:15.403,11:47:00,19.0,Very Poor,1.0,Completed
5677.0,6.0,Funke Adeyemi,757.0,2024-09-05 20:22:15.403,15:16:00,11.0,Excellent,5.0,Completed
5678.0,6.0,Funke Adeyemi,757.0,2024-08-25 20:22:15.403,09:51:00,4.0,Good,4.0,Completed
5679.0,7.0,Segun Oladipo,758.0,2024-03-11 20:22:15.403,19:48:00,22.0,Average,3.0,Completed
5680.0,7.0,Segun Oladipo,758.0,2024-07-02 20:22:15.403,15:51:00,7.0,Good,4.0,Completed
5681.0,7.0,Segun Oladipo,758.0,2024-09-22 20:22:15.403,12:50:00,22.0,Poor,2.0,Completed
5682.0,7.0,Segun Oladipo,758.0,2025-01-25 20:22:15.403,13:40:00,14.0,Good,4.0,Completed
5683.0,7.0,Segun Oladipo,758.0,2025-02-08 20:22:15.403,12:07:00,21.0,Poor,2.0,Completed
5684.0,7.0,Segun Oladipo,758.0,2024-12-05 20:22:15.403,12:54:00,18.0,Poor,2.0,Completed
5685.0,7.0,Segun Oladipo,758.0,2024-09-20 20:22:15.403,13:05:00,27.0,Poor,2.0,Completed
5686.0,7.0,Segun Oladipo,758.0,2024-09-28 20:22:15.403,19:56:00,21.0,Very Poor,1.0,Completed
5687.0,4.0,Aisha Mohammed,759.0,2024-09-23 20:22:15.403,12:53:00,21.0,Good,4.0,Completed
5688.0,4.0,Aisha Mohammed,759.0,2024-03-16 20:22:15.403,18:43:00,25.0,Average,3.0,Completed
5689.0,4.0,Aisha Mohammed,759.0,2024-05-31 20:22:15.403,18:44:00,10.0,Poor,2.0,Completed
5690.0,4.0,Aisha Mohammed,759.0,2024-07-16 20:22:15.403,16:04:00,28.0,Good,4.0,Completed
5691.0,4.0,Aisha Mohammed,759.0,2025-02-12 20:22:15.403,15:24:00,11.0,Average,3.0,Completed
5692.0,4.0,Aisha Mohammed,759.0,2024-10-22 20:22:15.403,10:49:00,27.0,Excellent,5.0,Completed
5693.0,14.0,Zainab Suleiman,760.0,2024-05-20 20:22:15.403,11:49:00,12.0,Poor,2.0,Completed
5694.0,14.0,Zainab Suleiman,760.0,2024-08-09 20:22:15.403,08:41:00,24.0,Average,3.0,Completed
5695.0,14.0,Zainab Suleiman,760.0,2024-08-25 20:22:15.403,12:52:00,10.0,Poor,2.0,Completed
5696.0,14.0,Zainab Suleiman,760.0,2024-05-07 20:22:15.403,09:09:00,12.0,Excellent,5.0,Completed
5697.0,14.0,Zainab Suleiman,760.0,2024-12-09 20:22:15.403,14:25:00,13.0,Poor,2.0,Completed
5698.0,14.0,Zainab Suleiman,760.0,2024-12-01 20:22:15.403,13:30:00,18.0,Excellent,5.0,Completed
5699.0,14.0,Zainab Suleiman,760.0,2024-10-05 20:22:15.403,14:26:00,23.0,Poor,2.0,Completed
5700.0,6.0,Funke Adeyemi,761.0,2025-02-04 20:22:15.403,09:29:00,12.0,Poor,2.0,Completed
5701.0,6.0,Funke Adeyemi,761.0,2024-04-14 20:22:15.403,09:32:00,10.0,Excellent,5.0,Completed
5702.0,6.0,Funke Adeyemi,761.0,2025-01-08 20:22:15.403,19:37:00,7.0,Poor,2.0,Completed
5703.0,6.0,Funke Adeyemi,761.0,2024-08-27 20:22:15.403,12:54:00,24.0,Very Poor,1.0,Completed
5704.0,6.0,Funke Adeyemi,761.0,2024-08-12 20:22:15.403,16:07:00,6.0,Average,3.0,Completed
5705.0,6.0,Funke Adeyemi,761.0,2024-08-04 20:22:15.403,18:46:00,17.0,Poor,2.0,Completed
5706.0,6.0,Funke Adeyemi,761.0,2024-08-03 20:22:15.403,19:01:00,29.0,Average,3.0,Completed
5707.0,6.0,Funke Adeyemi,761.0,2024-06-05 20:22:15.403,08:14:00,1.0,Excellent,5.0,Completed
5708.0,6.0,Funke Adeyemi,761.0,2024-12-05 20:22:15.403,16:31:00,17.0,Good,4.0,Completed
5709.0,6.0,Funke Adeyemi,761.0,2024-04-11 20:22:15.403,11:37:00,23.0,Excellent,5.0,Completed
5710.0,8.0,Ngozi Okonkwo,762.0,2024-10-03 20:22:15.403,14:07:00,16.0,Average,3.0,Completed
5711.0,8.0,Ngozi Okonkwo,762.0,2024-08-01 20:22:15.403,19:22:00,29.0,Poor,2.0,Completed
5712.0,8.0,Ngozi Okonkwo,762.0,2024-08-07 20:22:15.403,13:06:00,29.0,Poor,2.0,Completed
5713.0,8.0,Ngozi Okonkwo,762.0,2024-12-05 20:22:15.403,13:33:00,27.0,Poor,2.0,Completed
5714.0,8.0,Ngozi Okonkwo,762.0,2024-12-15 20:22:15.403,18:23:00,23.0,Good,4.0,Completed
5715.0,8.0,Ngozi Okonkwo,762.0,2025-01-25 20:22:15.403,19:24:00,17.0,Average,3.0,Completed
5716.0,8.0,Ngozi Okonkwo,762.0,2025-01-17 20:22:15.403,12:21:00,3.0,Poor,2.0,Completed
5717.0,15.0,Gbenga Adesina,763.0,2024-06-23 20:22:15.403,11:23:00,16.0,Very Poor,1.0,Completed
5718.0,15.0,Gbenga Adesina,763.0,2024-05-24 20:22:15.403,09:06:00,19.0,Excellent,5.0,Completed
5719.0,15.0,Gbenga Adesina,763.0,2024-12-30 20:22:15.403,09:37:00,3.0,Excellent,5.0,Completed
5720.0,15.0,Gbenga Adesina,763.0,2024-07-08 20:22:15.403,10:54:00,5.0,Excellent,5.0,Completed
5721.0,15.0,Gbenga Adesina,763.0,2024-08-03 20:22:15.403,19:48:00,22.0,Poor,2.0,Completed
5722.0,15.0,Gbenga Adesina,763.0,2024-07-25 20:22:15.403,11:28:00,28.0,Excellent,5.0,Completed
5723.0,15.0,Gbenga Adesina,763.0,2025-01-22 20:22:15.403,11:20:00,25.0,Excellent,5.0,Completed
5724.0,15.0,Gbenga Adesina,763.0,2024-05-30 20:22:15.403,15:25:00,13.0,Good,4.0,Completed
5725.0,15.0,Gbenga Adesina,763.0,2024-08-28 20:22:15.403,08:45:00,13.0,Poor,2.0,Completed
5726.0,15.0,Gbenga Adesina,763.0,2024-06-10 20:22:15.403,18:42:00,29.0,Average,3.0,Completed
5727.0,19.0,Felix Odion,764.0,2025-01-05 20:22:15.403,18:45:00,26.0,Average,3.0,Completed
5728.0,19.0,Felix Odion,764.0,2024-08-09 20:22:15.403,14:19:00,14.0,Poor,2.0,Completed
5729.0,19.0,Felix Odion,764.0,2024-04-19 20:22:15.403,14:43:00,21.0,Average,3.0,Completed
5730.0,19.0,Felix Odion,764.0,2024-07-06 20:22:15.403,16:21:00,22.0,Very Poor,1.0,Completed
5731.0,19.0,Felix Odion,764.0,2024-05-29 20:22:15.403,15:08:00,5.0,Very Poor,1.0,Completed
5732.0,19.0,Felix Odion,764.0,2024-08-21 20:22:15.403,14:34:00,28.0,Good,4.0,Completed
5733.0,19.0,Felix Odion,764.0,2024-08-05 20:22:15.403,19:58:00,19.0,Poor,2.0,Completed
5734.0,19.0,Felix Odion,764.0,2024-08-03 20:22:15.403,16:40:00,19.0,Poor,2.0,Completed
5735.0,11.0,Kemi Adebanjo,765.0,2025-01-21 20:22:15.403,16:18:00,9.0,Good,4.0,Completed
5736.0,11.0,Kemi Adebanjo,765.0,2024-05-02 20:22:15.403,10:14:00,11.0,Excellent,5.0,Completed
5737.0,11.0,Kemi Adebanjo,765.0,2024-12-06 20:22:15.403,18:24:00,24.0,Good,4.0,Completed
5738.0,11.0,Kemi Adebanjo,765.0,2025-03-04 20:22:15.403,16:46:00,27.0,Excellent,5.0,Completed
5739.0,11.0,Kemi Adebanjo,765.0,2024-09-25 20:22:15.403,18:29:00,25.0,Poor,2.0,Completed
5740.0,11.0,Kemi Adebanjo,765.0,2024-04-01 20:22:15.403,15:35:00,21.0,Good,4.0,Completed
5741.0,11.0,Kemi Adebanjo,765.0,2024-06-04 20:22:15.403,09:14:00,27.0,Poor,2.0,Completed
5742.0,11.0,Kemi Adebanjo,765.0,2025-02-03 20:22:15.403,10:18:00,28.0,Good,4.0,Completed
5743.0,16.0,Chika Umeh,766.0,2024-06-21 20:22:15.403,18:09:00,8.0,Average,3.0,Completed
5744.0,16.0,Chika Umeh,766.0,2025-02-20 20:22:15.403,10:11:00,7.0,Good,4.0,Completed
5745.0,16.0,Chika Umeh,766.0,2025-01-01 20:22:15.403,10:04:00,1.0,Average,3.0,Completed
5746.0,16.0,Chika Umeh,766.0,2025-02-28 20:22:15.403,17:26:00,16.0,Good,4.0,Completed
5747.0,16.0,Chika Umeh,766.0,2024-03-27 20:22:15.403,19:01:00,25.0,Poor,2.0,Completed
5748.0,16.0,Chika Umeh,766.0,2024-04-11 20:22:15.403,18:23:00,20.0,Good,4.0,Completed
5749.0,16.0,Chika Umeh,766.0,2024-12-29 20:22:15.403,09:01:00,26.0,Poor,2.0,Completed
5750.0,16.0,Chika Umeh,766.0,2025-01-08 20:22:15.403,08:24:00,21.0,Good,4.0,Completed
5751.0,16.0,Chika Umeh,766.0,2024-07-17 20:22:15.403,10:06:00,16.0,Excellent,5.0,Completed
5752.0,9.0,Ibrahim Danjuma,767.0,2024-03-18 20:22:15.403,09:35:00,19.0,Good,4.0,Completed
5753.0,9.0,Ibrahim Danjuma,767.0,2024-09-22 20:22:15.403,16:29:00,13.0,Average,3.0,Completed
5754.0,9.0,Ibrahim Danjuma,767.0,2024-03-13 20:22:15.403,11:35:00,13.0,Poor,2.0,Completed
5755.0,9.0,Ibrahim Danjuma,767.0,2024-04-10 20:22:15.403,13:44:00,28.0,Average,3.0,Completed
5756.0,9.0,Ibrahim Danjuma,767.0,2025-01-21 20:22:15.403,12:57:00,16.0,Average,3.0,Completed
5757.0,9.0,Ibrahim Danjuma,767.0,2024-10-25 20:22:15.403,08:27:00,15.0,Poor,2.0,Completed
5758.0,18.0,Amaka Obi,768.0,2024-11-18 20:22:15.403,09:12:00,3.0,Excellent,5.0,Completed
5759.0,18.0,Amaka Obi,768.0,2024-12-24 20:22:15.403,16:50:00,14.0,Very Poor,1.0,Completed
5760.0,18.0,Amaka Obi,768.0,2024-04-16 20:22:15.403,16:07:00,6.0,Average,3.0,Completed
5761.0,18.0,Amaka Obi,768.0,2024-09-06 20:22:15.403,18:11:00,18.0,Average,3.0,Completed
5762.0,18.0,Amaka Obi,768.0,2024-04-16 20:22:15.403,15:38:00,7.0,Excellent,5.0,Completed
5763.0,18.0,Amaka Obi,768.0,2024-05-21 20:22:15.403,19:51:00,4.0,Poor,2.0,Completed
5764.0,18.0,Amaka Obi,768.0,2024-04-05 20:22:15.403,10:41:00,10.0,Very Poor,1.0,Completed
5765.0,18.0,Amaka Obi,768.0,2024-04-04 20:22:15.403,08:30:00,9.0,Average,3.0,Completed
5766.0,18.0,Amaka Obi,768.0,2024-03-17 20:22:15.403,12:13:00,22.0,Very Poor,1.0,Completed
5767.0,8.0,Ngozi Okonkwo,769.0,2025-01-07 20:22:15.403,08:11:00,7.0,Poor,2.0,Completed
5768.0,8.0,Ngozi Okonkwo,769.0,2024-08-21 20:22:15.403,13:25:00,17.0,Very Poor,1.0,Completed
5769.0,8.0,Ngozi Okonkwo,769.0,2024-11-06 20:22:15.403,16:14:00,23.0,Very Poor,1.0,Completed
5770.0,8.0,Ngozi Okonkwo,769.0,2024-07-17 20:22:15.403,12:35:00,28.0,Poor,2.0,Completed
5771.0,8.0,Ngozi Okonkwo,769.0,2025-01-08 20:22:15.403,19:08:00,15.0,Poor,2.0,Completed
5772.0,8.0,Ngozi Okonkwo,770.0,2024-05-15 20:22:15.403,08:51:00,1.0,Excellent,5.0,Completed
5773.0,8.0,Ngozi Okonkwo,770.0,2024-08-06 20:22:15.403,14:11:00,19.0,Good,4.0,Completed
5774.0,8.0,Ngozi Okonkwo,770.0,2024-09-27 20:22:15.403,16:45:00,21.0,Good,4.0,Completed
5775.0,8.0,Ngozi Okonkwo,770.0,2024-07-08 20:22:15.403,11:12:00,19.0,Excellent,5.0,Completed
5776.0,8.0,Ngozi Okonkwo,770.0,2025-01-28 20:22:15.403,18:07:00,1.0,Excellent,5.0,Completed
5777.0,8.0,Ngozi Okonkwo,770.0,2024-12-25 20:22:15.403,08:39:00,28.0,Average,3.0,Completed
5778.0,8.0,Ngozi Okonkwo,770.0,2024-04-01 20:22:15.403,12:44:00,10.0,Poor,2.0,Completed
5779.0,8.0,Ngozi Okonkwo,770.0,2024-06-13 20:22:15.403,09:22:00,21.0,Good,4.0,Completed
5780.0,8.0,Ngozi Okonkwo,770.0,2025-02-11 20:22:15.403,13:46:00,13.0,Very Poor,1.0,Completed
5781.0,2.0,Chioma Nwosu,771.0,2024-10-27 20:22:15.403,17:34:00,5.0,Very Poor,1.0,Completed
5782.0,2.0,Chioma Nwosu,771.0,2024-12-03 20:22:15.403,13:57:00,12.0,Good,4.0,Completed
5783.0,2.0,Chioma Nwosu,771.0,2024-05-24 20:22:15.403,08:51:00,4.0,Excellent,5.0,Completed
5784.0,2.0,Chioma Nwosu,771.0,2024-10-15 20:22:15.403,10:07:00,21.0,Poor,2.0,Completed
5785.0,2.0,Chioma Nwosu,771.0,2024-11-19 20:22:15.403,09:51:00,7.0,Average,3.0,Completed
5786.0,2.0,Chioma Nwosu,771.0,2024-06-30 20:22:15.403,19:19:00,17.0,Poor,2.0,Completed
5787.0,2.0,Chioma Nwosu,771.0,2024-09-04 20:22:15.403,10:57:00,26.0,Very Poor,1.0,Completed
5788.0,2.0,Chioma Nwosu,771.0,2024-09-22 20:22:15.403,12:46:00,24.0,Good,4.0,Completed
5789.0,2.0,Chioma Nwosu,771.0,2024-10-11 20:22:15.403,12:01:00,16.0,Very Poor,1.0,Completed
5790.0,9.0,Ibrahim Danjuma,772.0,2024-06-22 20:22:15.403,17:08:00,22.0,Very Poor,1.0,Completed
5791.0,9.0,Ibrahim Danjuma,772.0,2024-08-16 20:22:15.403,12:48:00,29.0,Excellent,5.0,Completed
5792.0,9.0,Ibrahim Danjuma,772.0,2024-05-16 20:22:15.403,11:11:00,13.0,Very Poor,1.0,Completed
5793.0,9.0,Ibrahim Danjuma,772.0,2024-06-11 20:22:15.403,19:56:00,21.0,Very Poor,1.0,Completed
5794.0,9.0,Ibrahim Danjuma,772.0,2025-01-20 20:22:15.403,18:13:00,11.0,Poor,2.0,Completed
5795.0,9.0,Ibrahim Danjuma,772.0,2024-05-06 20:22:15.403,17:08:00,24.0,Excellent,5.0,Completed
5796.0,14.0,Zainab Suleiman,773.0,2024-04-27 20:22:15.403,09:46:00,3.0,Average,3.0,Completed
5797.0,14.0,Zainab Suleiman,773.0,2025-02-10 20:22:15.403,14:06:00,21.0,Very Poor,1.0,Completed
5798.0,14.0,Zainab Suleiman,773.0,2024-10-22 20:22:15.403,13:04:00,3.0,Good,4.0,Completed
5799.0,14.0,Zainab Suleiman,773.0,2024-04-07 20:22:15.403,19:15:00,23.0,Poor,2.0,Completed
5800.0,14.0,Zainab Suleiman,773.0,2024-06-24 20:22:15.403,19:51:00,26.0,Poor,2.0,Completed
5801.0,14.0,Zainab Suleiman,773.0,2024-08-26 20:22:15.403,13:19:00,25.0,Poor,2.0,Completed
5802.0,14.0,Zainab Suleiman,773.0,2024-08-15 20:22:15.403,18:09:00,2.0,Good,4.0,Completed
5803.0,14.0,Zainab Suleiman,773.0,2024-10-30 20:22:15.403,18:34:00,28.0,Poor,2.0,Completed
5804.0,3.0,Tunde Balogun,774.0,2024-03-16 20:22:15.403,10:24:00,24.0,Good,4.0,Completed
5805.0,3.0,Tunde Balogun,774.0,2024-07-07 20:22:15.403,16:42:00,5.0,Poor,2.0,Completed
5806.0,3.0,Tunde Balogun,774.0,2024-04-12 20:22:15.403,18:53:00,12.0,Excellent,5.0,Completed
5807.0,3.0,Tunde Balogun,774.0,2024-06-13 20:22:15.403,12:10:00,9.0,Excellent,5.0,Completed
5808.0,3.0,Tunde Balogun,774.0,2025-02-21 20:22:15.403,12:48:00,3.0,Good,4.0,Completed
5809.0,3.0,Tunde Balogun,774.0,2024-03-26 20:22:15.403,09:06:00,29.0,Very Poor,1.0,Completed
5810.0,3.0,Tunde Balogun,774.0,2024-06-03 20:22:15.403,08:49:00,11.0,Excellent,5.0,Completed
5811.0,3.0,Tunde Balogun,774.0,2025-02-22 20:22:15.403,19:40:00,11.0,Very Poor,1.0,Completed
5812.0,16.0,Chika Umeh,775.0,2025-02-26 20:22:15.403,13:40:00,3.0,Excellent,5.0,Completed
5813.0,16.0,Chika Umeh,775.0,2024-04-23 20:22:15.403,15:42:00,6.0,Very Poor,1.0,Completed
5814.0,16.0,Chika Umeh,775.0,2024-12-01 20:22:15.403,14:08:00,26.0,Excellent,5.0,Completed
5815.0,16.0,Chika Umeh,775.0,2024-06-15 20:22:15.403,09:57:00,8.0,Good,4.0,Completed
5816.0,16.0,Chika Umeh,775.0,2024-12-23 20:22:15.403,11:01:00,6.0,Very Poor,1.0,Completed
5817.0,16.0,Chika Umeh,775.0,2024-11-15 20:22:15.403,17:39:00,4.0,Very Poor,1.0,Completed
5818.0,16.0,Chika Umeh,775.0,2024-08-11 20:22:15.403,17:42:00,18.0,Very Poor,1.0,Completed
5819.0,3.0,Tunde Balogun,776.0,2024-08-09 20:22:15.403,17:01:00,13.0,Poor,2.0,Completed
5820.0,3.0,Tunde Balogun,776.0,2024-10-09 20:22:15.403,10:36:00,14.0,Very Poor,1.0,Completed
5821.0,3.0,Tunde Balogun,776.0,2024-12-25 20:22:15.403,18:43:00,11.0,Excellent,5.0,Completed
5822.0,3.0,Tunde Balogun,776.0,2024-06-29 20:22:15.403,19:17:00,15.0,Poor,2.0,Completed
5823.0,3.0,Tunde Balogun,776.0,2024-12-22 20:22:15.403,10:56:00,27.0,Very Poor,1.0,Completed
5824.0,3.0,Tunde Balogun,776.0,2025-01-05 20:22:15.403,18:42:00,9.0,Average,3.0,Completed
5825.0,3.0,Tunde Balogun,776.0,2024-03-10 20:22:15.403,08:33:00,1.0,Good,4.0,Completed
5826.0,3.0,Tunde Balogun,776.0,2024-03-08 20:22:15.403,14:35:00,26.0,Very Poor,1.0,Completed
5827.0,3.0,Tunde Balogun,776.0,2024-10-16 20:22:15.403,14:04:00,16.0,Poor,2.0,Completed
5828.0,3.0,Tunde Balogun,776.0,2024-12-29 20:22:15.403,10:36:00,10.0,Poor,2.0,Completed
5829.0,10.0,Chinedu Opara,777.0,2024-05-22 20:22:15.403,13:00:00,19.0,Good,4.0,Completed
5830.0,10.0,Chinedu Opara,777.0,2024-06-04 20:22:15.403,09:08:00,27.0,Poor,2.0,Completed
5831.0,10.0,Chinedu Opara,777.0,2024-09-26 20:22:15.403,08:28:00,26.0,Very Poor,1.0,Completed
5832.0,10.0,Chinedu Opara,777.0,2024-05-17 20:22:15.403,11:04:00,7.0,Excellent,5.0,Completed
5833.0,10.0,Chinedu Opara,777.0,2024-06-24 20:22:15.403,15:56:00,20.0,Very Poor,1.0,Completed
5834.0,10.0,Chinedu Opara,777.0,2025-01-22 20:22:15.403,11:24:00,3.0,Good,4.0,Completed
5835.0,9.0,Ibrahim Danjuma,778.0,2024-07-29 20:22:15.403,10:34:00,9.0,Excellent,5.0,Completed
5836.0,9.0,Ibrahim Danjuma,778.0,2024-09-22 20:22:15.403,12:29:00,13.0,Poor,2.0,Completed
5837.0,9.0,Ibrahim Danjuma,778.0,2024-03-11 20:22:15.403,11:45:00,12.0,Excellent,5.0,Completed
5838.0,9.0,Ibrahim Danjuma,778.0,2025-03-02 20:22:15.403,18:24:00,17.0,Excellent,5.0,Completed
5839.0,9.0,Ibrahim Danjuma,778.0,2024-12-03 20:22:15.403,15:58:00,14.0,Poor,2.0,Completed
5840.0,9.0,Ibrahim Danjuma,778.0,2024-11-07 20:22:15.403,11:14:00,21.0,Very Poor,1.0,Completed
5841.0,9.0,Ibrahim Danjuma,778.0,2024-06-18 20:22:15.403,11:37:00,20.0,Very Poor,1.0,Completed
5842.0,9.0,Ibrahim Danjuma,778.0,2024-09-02 20:22:15.403,11:39:00,21.0,Good,4.0,Completed
5843.0,9.0,Ibrahim Danjuma,778.0,2024-11-01 20:22:15.403,13:27:00,22.0,Average,3.0,Completed
5844.0,9.0,Ibrahim Danjuma,778.0,2024-12-03 20:22:15.403,16:11:00,17.0,Good,4.0,Completed
5845.0,9.0,Ibrahim Danjuma,779.0,2025-02-06 20:22:15.403,18:48:00,3.0,Average,3.0,Completed
5846.0,9.0,Ibrahim Danjuma,779.0,2024-09-30 20:22:15.403,19:23:00,2.0,Excellent,5.0,Completed
5847.0,9.0,Ibrahim Danjuma,779.0,2024-03-24 20:22:15.403,08:44:00,25.0,Excellent,5.0,Completed
5848.0,9.0,Ibrahim Danjuma,779.0,2024-12-28 20:22:15.403,11:12:00,24.0,Excellent,5.0,Completed
5849.0,9.0,Ibrahim Danjuma,779.0,2024-08-30 20:22:15.403,09:14:00,20.0,Poor,2.0,Completed
5850.0,20.0,Adewale Ogunleye,780.0,2024-04-06 20:22:15.403,15:00:00,9.0,Very Poor,1.0,Completed
5851.0,20.0,Adewale Ogunleye,780.0,2024-05-25 20:22:15.403,09:47:00,13.0,Poor,2.0,Completed
5852.0,20.0,Adewale Ogunleye,780.0,2025-01-02 20:22:15.403,09:38:00,22.0,Good,4.0,Completed
5853.0,20.0,Adewale Ogunleye,780.0,2024-06-07 20:22:15.403,14:13:00,12.0,Very Poor,1.0,Completed
5854.0,20.0,Adewale Ogunleye,780.0,2024-04-20 20:22:15.403,10:44:00,14.0,Poor,2.0,Completed
5855.0,20.0,Adewale Ogunleye,780.0,2025-01-30 20:22:15.403,12:03:00,17.0,Good,4.0,Completed
5856.0,20.0,Adewale Ogunleye,780.0,2024-09-29 20:22:15.403,17:59:00,7.0,Average,3.0,Completed
5857.0,20.0,Adewale Ogunleye,780.0,2024-11-04 20:22:15.403,13:54:00,5.0,Poor,2.0,Completed
5858.0,20.0,Adewale Ogunleye,780.0,2024-10-03 20:22:15.403,08:23:00,21.0,Very Poor,1.0,Completed
5859.0,20.0,Adewale Ogunleye,780.0,2024-11-28 20:22:15.403,11:36:00,22.0,Very Poor,1.0,Completed
5860.0,8.0,Ngozi Okonkwo,781.0,2025-02-20 20:22:15.403,08:42:00,13.0,Average,3.0,Completed
5861.0,8.0,Ngozi Okonkwo,781.0,2024-10-15 20:22:15.403,14:23:00,27.0,Excellent,5.0,Completed
5862.0,8.0,Ngozi Okonkwo,781.0,2024-04-12 20:22:15.403,16:02:00,19.0,Poor,2.0,Completed
5863.0,8.0,Ngozi Okonkwo,781.0,2024-03-14 20:22:15.403,13:56:00,23.0,Good,4.0,Completed
5864.0,8.0,Ngozi Okonkwo,781.0,2024-06-06 20:22:15.403,09:56:00,18.0,Average,3.0,Completed
5865.0,8.0,Ngozi Okonkwo,781.0,2024-12-19 20:22:15.403,18:58:00,25.0,Good,4.0,Completed
5866.0,3.0,Tunde Balogun,782.0,2024-07-24 20:22:15.403,18:13:00,29.0,Poor,2.0,Completed
5867.0,3.0,Tunde Balogun,782.0,2024-10-29 20:22:15.403,11:36:00,3.0,Poor,2.0,Completed
5868.0,3.0,Tunde Balogun,782.0,2024-03-20 20:22:15.403,10:30:00,18.0,Poor,2.0,Completed
5869.0,3.0,Tunde Balogun,782.0,2024-11-15 20:22:15.403,08:14:00,7.0,Very Poor,1.0,Completed
5870.0,3.0,Tunde Balogun,782.0,2024-11-27 20:22:15.403,08:41:00,2.0,Average,3.0,Completed
5871.0,17.0,Rasheed Lawal,783.0,2024-03-31 20:22:15.403,19:08:00,17.0,Average,3.0,Completed
5872.0,17.0,Rasheed Lawal,783.0,2024-06-19 20:22:15.403,12:40:00,11.0,Good,4.0,Completed
5873.0,17.0,Rasheed Lawal,783.0,2024-08-31 20:22:15.403,11:54:00,20.0,Average,3.0,Completed
5874.0,17.0,Rasheed Lawal,783.0,2024-11-09 20:22:15.403,16:03:00,12.0,Good,4.0,Completed
5875.0,17.0,Rasheed Lawal,783.0,2025-02-02 20:22:15.403,08:01:00,24.0,Excellent,5.0,Completed
5876.0,17.0,Rasheed Lawal,783.0,2024-08-02 20:22:15.403,19:31:00,29.0,Poor,2.0,Completed
5877.0,17.0,Rasheed Lawal,783.0,2025-02-22 20:22:15.403,12:18:00,2.0,Good,4.0,Completed
5878.0,8.0,Ngozi Okonkwo,784.0,2024-07-27 20:22:15.403,15:34:00,12.0,Excellent,5.0,Completed
5879.0,8.0,Ngozi Okonkwo,784.0,2024-10-02 20:22:15.403,18:35:00,27.0,Average,3.0,Completed
5880.0,8.0,Ngozi Okonkwo,784.0,2024-05-11 20:22:15.403,16:53:00,17.0,Poor,2.0,Completed
5881.0,8.0,Ngozi Okonkwo,784.0,2025-02-25 20:22:15.403,09:23:00,11.0,Good,4.0,Completed
5882.0,8.0,Ngozi Okonkwo,784.0,2025-01-23 20:22:15.403,17:00:00,7.0,Very Poor,1.0,Completed
5883.0,8.0,Ngozi Okonkwo,784.0,2024-03-18 20:22:15.403,18:36:00,21.0,Excellent,5.0,Completed
5884.0,8.0,Ngozi Okonkwo,784.0,2025-02-27 20:22:15.403,11:00:00,6.0,Very Poor,1.0,Completed
5885.0,8.0,Ngozi Okonkwo,784.0,2024-11-13 20:22:15.403,18:53:00,24.0,Excellent,5.0,Completed
5886.0,8.0,Ngozi Okonkwo,784.0,2024-04-12 20:22:15.403,18:44:00,25.0,Good,4.0,Completed
5887.0,11.0,Kemi Adebanjo,785.0,2024-08-22 20:22:15.403,17:30:00,6.0,Good,4.0,Completed
5888.0,11.0,Kemi Adebanjo,785.0,2025-02-04 20:22:15.403,15:08:00,29.0,Very Poor,1.0,Completed
5889.0,11.0,Kemi Adebanjo,785.0,2025-01-27 20:22:15.403,11:55:00,28.0,Average,3.0,Completed
5890.0,11.0,Kemi Adebanjo,785.0,2024-09-01 20:22:15.403,11:55:00,14.0,Good,4.0,Completed
5891.0,11.0,Kemi Adebanjo,785.0,2024-12-28 20:22:15.403,19:35:00,4.0,Very Poor,1.0,Completed
5892.0,11.0,Kemi Adebanjo,785.0,2024-12-12 20:22:15.403,18:26:00,2.0,Very Poor,1.0,Completed
5893.0,11.0,Kemi Adebanjo,785.0,2024-10-08 20:22:15.403,17:47:00,3.0,Very Poor,1.0,Completed
5894.0,11.0,Kemi Adebanjo,785.0,2024-06-20 20:22:15.403,10:23:00,21.0,Excellent,5.0,Completed
5895.0,11.0,Kemi Adebanjo,785.0,2025-01-25 20:22:15.403,16:10:00,7.0,Very Poor,1.0,Completed
5896.0,12.0,Yakubu Bello,786.0,2024-09-01 20:22:15.403,10:22:00,18.0,Average,3.0,Completed
5897.0,12.0,Yakubu Bello,786.0,2024-05-16 20:22:15.403,14:44:00,21.0,Good,4.0,Completed
5898.0,12.0,Yakubu Bello,786.0,2024-03-13 20:22:15.403,19:51:00,24.0,Good,4.0,Completed
5899.0,12.0,Yakubu Bello,786.0,2024-05-14 20:22:15.403,18:20:00,16.0,Very Poor,1.0,Completed
5900.0,12.0,Yakubu Bello,786.0,2024-07-30 20:22:15.403,12:31:00,9.0,Excellent,5.0,Completed
5901.0,12.0,Yakubu Bello,786.0,2024-04-21 20:22:15.403,08:22:00,3.0,Excellent,5.0,Completed
5902.0,12.0,Yakubu Bello,786.0,2024-11-02 20:22:15.403,08:40:00,19.0,Poor,2.0,Completed
5903.0,12.0,Yakubu Bello,786.0,2024-10-17 20:22:15.403,09:29:00,14.0,Poor,2.0,Completed
5904.0,12.0,Yakubu Bello,786.0,2024-04-28 20:22:15.403,08:34:00,26.0,Very Poor,1.0,Completed
5905.0,2.0,Chioma Nwosu,787.0,2024-09-16 20:22:15.403,17:09:00,7.0,Poor,2.0,Completed
5906.0,2.0,Chioma Nwosu,787.0,2024-10-05 20:22:15.403,13:08:00,26.0,Excellent,5.0,Completed
5907.0,2.0,Chioma Nwosu,787.0,2024-11-03 20:22:15.403,09:34:00,25.0,Poor,2.0,Completed
5908.0,2.0,Chioma Nwosu,787.0,2025-01-12 20:22:15.403,12:36:00,19.0,Very Poor,1.0,Completed
5909.0,2.0,Chioma Nwosu,787.0,2024-07-29 20:22:15.403,13:39:00,27.0,Average,3.0,Completed
5910.0,2.0,Chioma Nwosu,787.0,2024-03-16 20:22:15.403,17:59:00,14.0,Poor,2.0,Completed
5911.0,2.0,Chioma Nwosu,787.0,2024-03-19 20:22:15.403,16:46:00,3.0,Very Poor,1.0,Completed
5912.0,2.0,Chioma Nwosu,787.0,2024-10-14 20:22:15.403,17:49:00,29.0,Good,4.0,Completed
5913.0,2.0,Chioma Nwosu,787.0,2025-01-07 20:22:15.403,08:01:00,1.0,Good,4.0,Completed
5914.0,18.0,Amaka Obi,788.0,2024-08-13 20:22:15.403,18:15:00,8.0,Excellent,5.0,Completed
5915.0,18.0,Amaka Obi,788.0,2024-11-11 20:22:15.403,16:30:00,13.0,Excellent,5.0,Completed
5916.0,18.0,Amaka Obi,788.0,2024-11-26 20:22:15.403,13:03:00,19.0,Poor,2.0,Completed
5917.0,18.0,Amaka Obi,788.0,2024-07-27 20:22:15.403,10:13:00,17.0,Excellent,5.0,Completed
5918.0,18.0,Amaka Obi,788.0,2024-10-05 20:22:15.403,19:05:00,28.0,Good,4.0,Completed
5919.0,18.0,Amaka Obi,788.0,2024-10-15 20:22:15.403,15:47:00,20.0,Poor,2.0,Completed
5920.0,18.0,Amaka Obi,788.0,2024-07-02 20:22:15.403,19:55:00,6.0,Average,3.0,Completed
5921.0,18.0,Amaka Obi,788.0,2024-11-18 20:22:15.403,12:17:00,23.0,Excellent,5.0,Completed
5922.0,18.0,Amaka Obi,788.0,2024-06-21 20:22:15.403,10:26:00,17.0,Excellent,5.0,Completed
5923.0,18.0,Amaka Obi,788.0,2024-07-04 20:22:15.403,09:12:00,27.0,Poor,2.0,Completed
5924.0,5.0,Obinna Eze,789.0,2024-09-01 20:22:15.403,11:06:00,29.0,Good,4.0,Completed
5925.0,5.0,Obinna Eze,789.0,2024-07-23 20:22:15.403,17:05:00,20.0,Poor,2.0,Completed
5926.0,5.0,Obinna Eze,789.0,2024-06-18 20:22:15.403,15:32:00,4.0,Very Poor,1.0,Completed
5927.0,5.0,Obinna Eze,789.0,2024-07-19 20:22:15.403,19:28:00,22.0,Good,4.0,Completed
5928.0,5.0,Obinna Eze,789.0,2025-02-28 20:22:15.403,19:23:00,14.0,Very Poor,1.0,Completed
5929.0,5.0,Obinna Eze,789.0,2024-04-16 20:22:15.403,13:54:00,2.0,Good,4.0,Completed
5930.0,5.0,Obinna Eze,789.0,2025-01-19 20:22:15.403,18:57:00,25.0,Excellent,5.0,Completed
5931.0,5.0,Obinna Eze,789.0,2024-04-13 20:22:15.403,12:27:00,16.0,Excellent,5.0,Completed
5932.0,5.0,Obinna Eze,789.0,2024-10-07 20:22:15.403,16:51:00,27.0,Excellent,5.0,Completed
5933.0,5.0,Obinna Eze,789.0,2024-07-11 20:22:15.403,17:04:00,11.0,Very Poor,1.0,Completed
5934.0,4.0,Aisha Mohammed,790.0,2024-05-22 20:22:15.403,17:45:00,22.0,Excellent,5.0,Completed
5935.0,4.0,Aisha Mohammed,790.0,2024-04-26 20:22:15.403,15:12:00,23.0,Very Poor,1.0,Completed
5936.0,4.0,Aisha Mohammed,790.0,2024-04-05 20:22:15.403,16:53:00,27.0,Very Poor,1.0,Completed
5937.0,4.0,Aisha Mohammed,790.0,2024-07-18 20:22:15.403,11:51:00,19.0,Poor,2.0,Completed
5938.0,4.0,Aisha Mohammed,790.0,2025-01-04 20:22:15.403,12:10:00,12.0,Poor,2.0,Completed
5939.0,15.0,Gbenga Adesina,791.0,2024-08-21 20:22:15.403,10:18:00,24.0,Average,3.0,Completed
5940.0,15.0,Gbenga Adesina,791.0,2024-12-10 20:22:15.403,11:28:00,17.0,Good,4.0,Completed
5941.0,15.0,Gbenga Adesina,791.0,2025-01-24 20:22:15.403,19:52:00,28.0,Average,3.0,Completed
5942.0,15.0,Gbenga Adesina,791.0,2025-01-24 20:22:15.403,08:44:00,24.0,Very Poor,1.0,Completed
5943.0,15.0,Gbenga Adesina,791.0,2024-07-06 20:22:15.403,11:26:00,17.0,Excellent,5.0,Completed
5944.0,14.0,Zainab Suleiman,792.0,2024-11-29 20:22:15.403,11:18:00,27.0,Poor,2.0,Completed
5945.0,14.0,Zainab Suleiman,792.0,2025-03-05 20:22:15.403,12:01:00,3.0,Good,4.0,Completed
5946.0,14.0,Zainab Suleiman,792.0,2024-12-01 20:22:15.403,19:53:00,22.0,Very Poor,1.0,Completed
5947.0,14.0,Zainab Suleiman,792.0,2024-11-02 20:22:15.403,09:45:00,23.0,Very Poor,1.0,Completed
5948.0,14.0,Zainab Suleiman,792.0,2024-04-24 20:22:15.403,15:59:00,26.0,Good,4.0,Completed
5949.0,14.0,Zainab Suleiman,792.0,2025-01-29 20:22:15.403,16:37:00,16.0,Very Poor,1.0,Completed
5950.0,14.0,Zainab Suleiman,792.0,2024-03-24 20:22:15.403,12:18:00,28.0,Good,4.0,Completed
5951.0,14.0,Zainab Suleiman,792.0,2024-08-05 20:22:15.403,18:40:00,6.0,Good,4.0,Completed
5952.0,14.0,Zainab Suleiman,792.0,2024-07-14 20:22:15.403,12:56:00,13.0,Excellent,5.0,Completed
5953.0,14.0,Zainab Suleiman,792.0,2024-05-08 20:22:15.403,15:52:00,13.0,Good,4.0,Completed
5954.0,14.0,Zainab Suleiman,793.0,2024-03-15 20:22:15.403,16:08:00,12.0,Excellent,5.0,Completed
5955.0,14.0,Zainab Suleiman,793.0,2024-09-22 20:22:15.403,15:02:00,2.0,Good,4.0,Completed
5956.0,14.0,Zainab Suleiman,793.0,2024-12-16 20:22:15.403,14:03:00,22.0,Poor,2.0,Completed
5957.0,14.0,Zainab Suleiman,793.0,2024-12-05 20:22:15.403,10:03:00,29.0,Poor,2.0,Completed
5958.0,14.0,Zainab Suleiman,793.0,2024-11-19 20:22:15.403,09:58:00,18.0,Good,4.0,Completed
5959.0,14.0,Zainab Suleiman,793.0,2024-08-18 20:22:15.403,18:40:00,26.0,Average,3.0,Completed
5960.0,14.0,Zainab Suleiman,793.0,2024-09-27 20:22:15.403,11:23:00,26.0,Very Poor,1.0,Completed
5961.0,14.0,Zainab Suleiman,793.0,2024-05-10 20:22:15.403,10:57:00,26.0,Poor,2.0,Completed
5962.0,14.0,Zainab Suleiman,793.0,2024-09-13 20:22:15.403,11:33:00,18.0,Average,3.0,Completed
5963.0,18.0,Amaka Obi,794.0,2024-10-12 20:22:15.403,09:55:00,19.0,Good,4.0,Completed
5964.0,18.0,Amaka Obi,794.0,2024-09-29 20:22:15.403,18:58:00,18.0,Average,3.0,Completed
5965.0,18.0,Amaka Obi,794.0,2024-06-04 20:22:15.403,10:11:00,19.0,Average,3.0,Completed
5966.0,18.0,Amaka Obi,794.0,2024-12-11 20:22:15.403,10:34:00,7.0,Very Poor,1.0,Completed
5967.0,18.0,Amaka Obi,794.0,2024-05-31 20:22:15.403,14:59:00,6.0,Very Poor,1.0,Completed
5968.0,18.0,Amaka Obi,794.0,2024-05-25 20:22:15.403,16:02:00,17.0,Poor,2.0,Completed
5969.0,18.0,Amaka Obi,794.0,2025-02-02 20:22:15.403,14:04:00,18.0,Average,3.0,Completed
5970.0,18.0,Amaka Obi,794.0,2024-05-20 20:22:15.403,10:18:00,18.0,Excellent,5.0,Completed
5971.0,18.0,Amaka Obi,794.0,2024-08-01 20:22:15.403,19:57:00,4.0,Very Poor,1.0,Completed
5972.0,18.0,Amaka Obi,794.0,2024-04-10 20:22:15.403,17:43:00,13.0,Average,3.0,Completed
5973.0,19.0,Felix Odion,795.0,2024-11-07 20:22:15.403,08:06:00,1.0,Average,3.0,Completed
5974.0,19.0,Felix Odion,795.0,2024-09-25 20:22:15.403,19:02:00,29.0,Very Poor,1.0,Completed
5975.0,19.0,Felix Odion,795.0,2025-01-11 20:22:15.403,14:52:00,23.0,Very Poor,1.0,Completed
5976.0,19.0,Felix Odion,795.0,2024-09-02 20:22:15.403,17:02:00,21.0,Very Poor,1.0,Completed
5977.0,19.0,Felix Odion,795.0,2024-04-21 20:22:15.403,16:29:00,1.0,Average,3.0,Completed
5978.0,19.0,Felix Odion,796.0,2024-12-15 20:22:15.403,18:46:00,18.0,Average,3.0,Completed
5979.0,19.0,Felix Odion,796.0,2024-06-14 20:22:15.403,12:08:00,10.0,Very Poor,1.0,Completed
5980.0,19.0,Felix Odion,796.0,2024-04-13 20:22:15.403,11:25:00,12.0,Excellent,5.0,Completed
5981.0,19.0,Felix Odion,796.0,2024-08-12 20:22:15.403,15:00:00,23.0,Excellent,5.0,Completed
5982.0,19.0,Felix Odion,796.0,2024-12-16 20:22:15.403,09:19:00,10.0,Average,3.0,Completed
5983.0,19.0,Felix Odion,796.0,2024-07-04 20:22:15.403,17:03:00,14.0,Excellent,5.0,Completed
5984.0,19.0,Felix Odion,796.0,2024-07-26 20:22:15.403,14:34:00,5.0,Poor,2.0,Completed
5985.0,15.0,Gbenga Adesina,797.0,2024-03-08 20:22:15.403,18:22:00,4.0,Excellent,5.0,Completed
5986.0,15.0,Gbenga Adesina,797.0,2024-11-18 20:22:15.403,12:25:00,2.0,Excellent,5.0,Completed
5987.0,15.0,Gbenga Adesina,797.0,2024-04-10 20:22:15.403,14:50:00,22.0,Poor,2.0,Completed
5988.0,15.0,Gbenga Adesina,797.0,2025-02-09 20:22:15.403,08:06:00,7.0,Very Poor,1.0,Completed
5989.0,15.0,Gbenga Adesina,797.0,2025-02-09 20:22:15.403,08:10:00,24.0,Poor,2.0,Completed
5990.0,15.0,Gbenga Adesina,797.0,2024-05-26 20:22:15.403,17:20:00,22.0,Average,3.0,Completed
5991.0,15.0,Gbenga Adesina,797.0,2024-11-22 20:22:15.403,15:46:00,4.0,Average,3.0,Completed
5992.0,15.0,Gbenga Adesina,797.0,2024-04-10 20:22:15.403,15:52:00,4.0,Average,3.0,Completed
5993.0,15.0,Gbenga Adesina,797.0,2024-08-22 20:22:15.403,10:07:00,21.0,Poor,2.0,Completed
5994.0,15.0,Gbenga Adesina,797.0,2024-12-02 20:22:15.403,13:43:00,22.0,Excellent,5.0,Completed
5995.0,4.0,Aisha Mohammed,798.0,2024-07-24 20:22:15.403,18:15:00,14.0,Average,3.0,Completed
5996.0,4.0,Aisha Mohammed,798.0,2024-10-04 20:22:15.403,11:40:00,26.0,Excellent,5.0,Completed
5997.0,4.0,Aisha Mohammed,798.0,2024-04-12 20:22:15.403,13:44:00,18.0,Average,3.0,Completed
5998.0,4.0,Aisha Mohammed,798.0,2024-11-26 20:22:15.403,08:08:00,28.0,Poor,2.0,Completed
5999.0,4.0,Aisha Mohammed,798.0,2024-03-28 20:22:15.403,12:56:00,28.0,Very Poor,1.0,Completed
6000.0,4.0,Aisha Mohammed,798.0,2024-10-11 20:22:15.403,09:50:00,3.0,Poor,2.0,Completed
6001.0,4.0,Aisha Mohammed,798.0,2024-07-05 20:22:15.403,14:06:00,10.0,Excellent,5.0,Completed
6002.0,4.0,Aisha Mohammed,798.0,2024-05-28 20:22:15.403,16:19:00,17.0,Excellent,5.0,Completed
6003.0,4.0,Aisha Mohammed,798.0,2024-05-17 20:22:15.403,18:43:00,25.0,Average,3.0,Completed
6004.0,4.0,Aisha Mohammed,798.0,2025-02-12 20:22:15.403,09:11:00,21.0,Excellent,5.0,Completed
6005.0,9.0,Ibrahim Danjuma,799.0,2024-10-26 20:22:15.403,13:03:00,18.0,Good,4.0,Completed
6006.0,9.0,Ibrahim Danjuma,799.0,2024-05-11 20:22:15.403,14:38:00,22.0,Good,4.0,Completed
6007.0,9.0,Ibrahim Danjuma,799.0,2025-02-28 20:22:15.403,17:33:00,13.0,Good,4.0,Completed
6008.0,9.0,Ibrahim Danjuma,799.0,2025-01-15 20:22:15.403,10:33:00,18.0,Very Poor,1.0,Completed
6009.0,9.0,Ibrahim Danjuma,799.0,2024-09-02 20:22:15.403,08:29:00,12.0,Good,4.0,Completed
6010.0,9.0,Ibrahim Danjuma,799.0,2024-09-29 20:22:15.403,14:10:00,17.0,Average,3.0,Completed
6011.0,9.0,Ibrahim Danjuma,799.0,2024-07-28 20:22:15.403,15:56:00,25.0,Good,4.0,Completed
6012.0,14.0,Zainab Suleiman,800.0,2024-11-23 20:22:15.403,15:26:00,8.0,Very Poor,1.0,Completed
6013.0,14.0,Zainab Suleiman,800.0,2024-09-15 20:22:15.403,14:50:00,7.0,Very Poor,1.0,Completed
6014.0,14.0,Zainab Suleiman,800.0,2024-09-18 20:22:15.403,08:29:00,27.0,Very Poor,1.0,Completed
6015.0,14.0,Zainab Suleiman,800.0,2024-11-23 20:22:15.403,15:51:00,21.0,Poor,2.0,Completed
6016.0,14.0,Zainab Suleiman,800.0,2024-11-10 20:22:15.403,17:11:00,20.0,Very Poor,1.0,Completed
6017.0,14.0,Zainab Suleiman,800.0,2025-02-16 20:22:15.403,09:52:00,12.0,Very Poor,1.0,Completed
6018.0,3.0,Tunde Balogun,801.0,2024-08-31 20:22:15.403,13:26:00,10.0,Poor,2.0,Completed
6019.0,3.0,Tunde Balogun,801.0,2024-05-07 20:22:15.403,12:13:00,28.0,Very Poor,1.0,Completed
6020.0,3.0,Tunde Balogun,801.0,2024-11-04 20:22:15.403,09:50:00,10.0,Average,3.0,Completed
6021.0,3.0,Tunde Balogun,801.0,2024-07-10 20:22:15.403,13:57:00,23.0,Very Poor,1.0,Completed
6022.0,3.0,Tunde Balogun,801.0,2024-03-17 20:22:15.403,13:12:00,10.0,Good,4.0,Completed
6023.0,3.0,Tunde Balogun,801.0,2024-06-11 20:22:15.403,14:18:00,27.0,Average,3.0,Completed
6024.0,3.0,Tunde Balogun,801.0,2024-08-11 20:22:15.403,18:00:00,8.0,Average,3.0,Completed
6025.0,20.0,Adewale Ogunleye,802.0,2024-08-24 20:22:15.403,10:29:00,23.0,Poor,2.0,Completed
6026.0,20.0,Adewale Ogunleye,802.0,2024-09-30 20:22:15.403,10:24:00,26.0,Very Poor,1.0,Completed
6027.0,20.0,Adewale Ogunleye,802.0,2024-03-19 20:22:15.403,13:02:00,28.0,Poor,2.0,Completed
6028.0,20.0,Adewale Ogunleye,802.0,2025-01-15 20:22:15.403,19:42:00,7.0,Excellent,5.0,Completed
6029.0,20.0,Adewale Ogunleye,802.0,2025-01-12 20:22:15.403,13:05:00,2.0,Good,4.0,Completed
6030.0,20.0,Adewale Ogunleye,802.0,2025-02-22 20:22:15.403,19:22:00,14.0,Good,4.0,Completed
6031.0,6.0,Funke Adeyemi,803.0,2025-02-12 20:22:15.403,14:03:00,22.0,Average,3.0,Completed
6032.0,6.0,Funke Adeyemi,803.0,2024-10-16 20:22:15.403,12:01:00,23.0,Poor,2.0,Completed
6033.0,6.0,Funke Adeyemi,803.0,2024-03-16 20:22:15.403,18:47:00,25.0,Very Poor,1.0,Completed
6034.0,6.0,Funke Adeyemi,803.0,2024-07-01 20:22:15.403,17:25:00,8.0,Good,4.0,Completed
6035.0,6.0,Funke Adeyemi,803.0,2024-12-17 20:22:15.403,16:37:00,25.0,Excellent,5.0,Completed
6036.0,6.0,Funke Adeyemi,803.0,2024-07-01 20:22:15.403,19:33:00,6.0,Average,3.0,Completed
6037.0,6.0,Funke Adeyemi,803.0,2024-08-14 20:22:15.403,15:21:00,21.0,Good,4.0,Completed
6038.0,6.0,Funke Adeyemi,803.0,2025-02-11 20:22:15.403,09:38:00,29.0,Good,4.0,Completed
6039.0,6.0,Funke Adeyemi,803.0,2024-11-05 20:22:15.403,16:16:00,7.0,Excellent,5.0,Completed
6040.0,6.0,Funke Adeyemi,803.0,2024-07-06 20:22:15.403,08:57:00,15.0,Average,3.0,Completed
6041.0,16.0,Chika Umeh,804.0,2024-08-31 20:22:15.403,14:18:00,16.0,Poor,2.0,Completed
6042.0,16.0,Chika Umeh,804.0,2025-01-12 20:22:15.403,15:41:00,14.0,Average,3.0,Completed
6043.0,16.0,Chika Umeh,804.0,2024-11-26 20:22:15.403,19:16:00,26.0,Very Poor,1.0,Completed
6044.0,16.0,Chika Umeh,804.0,2024-08-20 20:22:15.403,17:04:00,15.0,Average,3.0,Completed
6045.0,16.0,Chika Umeh,804.0,2025-02-19 20:22:15.403,18:17:00,29.0,Poor,2.0,Completed
6046.0,16.0,Chika Umeh,804.0,2024-07-28 20:22:15.403,16:24:00,3.0,Poor,2.0,Completed
6047.0,16.0,Chika Umeh,804.0,2024-10-09 20:22:15.403,16:20:00,13.0,Average,3.0,Completed
6048.0,16.0,Chika Umeh,804.0,2024-10-11 20:22:15.403,10:18:00,7.0,Excellent,5.0,Completed
6049.0,3.0,Tunde Balogun,805.0,2024-07-31 20:22:15.403,14:11:00,19.0,Poor,2.0,Completed
6050.0,3.0,Tunde Balogun,805.0,2024-11-10 20:22:15.403,08:31:00,26.0,Average,3.0,Completed
6051.0,3.0,Tunde Balogun,805.0,2025-03-01 20:22:15.403,19:28:00,11.0,Excellent,5.0,Completed
6052.0,3.0,Tunde Balogun,805.0,2024-05-01 20:22:15.403,14:13:00,1.0,Very Poor,1.0,Completed
6053.0,3.0,Tunde Balogun,805.0,2024-09-11 20:22:15.403,09:37:00,18.0,Average,3.0,Completed
6054.0,3.0,Tunde Balogun,805.0,2024-07-19 20:22:15.403,19:30:00,3.0,Very Poor,1.0,Completed
6055.0,3.0,Tunde Balogun,805.0,2025-01-13 20:22:15.403,17:41:00,19.0,Good,4.0,Completed
6056.0,3.0,Tunde Balogun,805.0,2025-02-19 20:22:15.403,15:09:00,18.0,Excellent,5.0,Completed
6057.0,2.0,Chioma Nwosu,806.0,2025-02-25 20:22:15.403,15:35:00,8.0,Average,3.0,Completed
6058.0,2.0,Chioma Nwosu,806.0,2024-12-20 20:22:15.403,17:56:00,24.0,Very Poor,1.0,Completed
6059.0,2.0,Chioma Nwosu,806.0,2024-06-06 20:22:15.403,14:28:00,11.0,Good,4.0,Completed
6060.0,2.0,Chioma Nwosu,806.0,2024-04-26 20:22:15.403,19:21:00,28.0,Good,4.0,Completed
6061.0,2.0,Chioma Nwosu,806.0,2025-02-17 20:22:15.403,17:10:00,10.0,Average,3.0,Completed
6062.0,2.0,Chioma Nwosu,806.0,2024-10-03 20:22:15.403,11:49:00,27.0,Average,3.0,Completed
6063.0,2.0,Chioma Nwosu,806.0,2024-11-29 20:22:15.403,15:29:00,24.0,Excellent,5.0,Completed
6064.0,2.0,Chioma Nwosu,806.0,2025-02-12 20:22:15.403,14:07:00,13.0,Good,4.0,Completed
6065.0,12.0,Yakubu Bello,807.0,2024-12-31 20:22:15.403,13:21:00,25.0,Average,3.0,Completed
6066.0,12.0,Yakubu Bello,807.0,2024-09-10 20:22:15.403,10:49:00,9.0,Very Poor,1.0,Completed
6067.0,12.0,Yakubu Bello,807.0,2024-05-19 20:22:15.403,18:05:00,13.0,Good,4.0,Completed
6068.0,12.0,Yakubu Bello,807.0,2024-12-20 20:22:15.403,19:09:00,14.0,Good,4.0,Completed
6069.0,12.0,Yakubu Bello,807.0,2024-09-15 20:22:15.403,17:51:00,28.0,Very Poor,1.0,Completed
6070.0,12.0,Yakubu Bello,807.0,2024-11-20 20:22:15.403,09:24:00,29.0,Excellent,5.0,Completed
6071.0,12.0,Yakubu Bello,807.0,2024-11-13 20:22:15.403,11:02:00,12.0,Poor,2.0,Completed
6072.0,12.0,Yakubu Bello,807.0,2024-09-18 20:22:15.403,14:01:00,6.0,Poor,2.0,Completed
6073.0,12.0,Yakubu Bello,807.0,2024-11-06 20:22:15.403,14:27:00,23.0,Excellent,5.0,Completed
6074.0,20.0,Adewale Ogunleye,808.0,2024-05-16 20:22:15.403,13:04:00,1.0,Average,3.0,Completed
6075.0,20.0,Adewale Ogunleye,808.0,2024-06-02 20:22:15.403,12:41:00,27.0,Good,4.0,Completed
6076.0,20.0,Adewale Ogunleye,808.0,2024-04-19 20:22:15.403,09:38:00,27.0,Good,4.0,Completed
6077.0,20.0,Adewale Ogunleye,808.0,2025-02-04 20:22:15.403,11:11:00,4.0,Excellent,5.0,Completed
6078.0,20.0,Adewale Ogunleye,808.0,2024-11-20 20:22:15.403,17:39:00,27.0,Average,3.0,Completed
6079.0,20.0,Adewale Ogunleye,808.0,2024-07-01 20:22:15.403,17:04:00,19.0,Average,3.0,Completed
6080.0,20.0,Adewale Ogunleye,808.0,2025-02-25 20:22:15.403,17:25:00,26.0,Average,3.0,Completed
6081.0,20.0,Adewale Ogunleye,808.0,2024-04-01 20:22:15.403,18:26:00,1.0,Average,3.0,Completed
6082.0,20.0,Adewale Ogunleye,808.0,2024-11-05 20:22:15.403,19:00:00,27.0,Average,3.0,Completed
6083.0,20.0,Adewale Ogunleye,808.0,2025-01-25 20:22:15.403,16:29:00,27.0,Excellent,5.0,Completed
6084.0,16.0,Chika Umeh,809.0,2024-04-18 20:22:15.403,17:07:00,10.0,Good,4.0,Completed
6085.0,16.0,Chika Umeh,809.0,2024-08-27 20:22:15.403,10:07:00,22.0,Good,4.0,Completed
6086.0,16.0,Chika Umeh,809.0,2024-05-31 20:22:15.403,15:24:00,21.0,Good,4.0,Completed
6087.0,16.0,Chika Umeh,809.0,2024-12-06 20:22:15.403,08:31:00,26.0,Very Poor,1.0,Completed
6088.0,16.0,Chika Umeh,809.0,2025-02-26 20:22:15.403,16:46:00,28.0,Very Poor,1.0,Completed
6089.0,16.0,Chika Umeh,809.0,2024-09-13 20:22:15.403,15:44:00,27.0,Good,4.0,Completed
6090.0,9.0,Ibrahim Danjuma,810.0,2024-03-08 20:22:15.403,16:17:00,22.0,Good,4.0,Completed
6091.0,9.0,Ibrahim Danjuma,810.0,2024-06-09 20:22:15.403,10:34:00,29.0,Good,4.0,Completed
6092.0,9.0,Ibrahim Danjuma,810.0,2025-01-31 20:22:15.403,15:25:00,24.0,Very Poor,1.0,Completed
6093.0,9.0,Ibrahim Danjuma,810.0,2024-07-10 20:22:15.403,09:09:00,1.0,Poor,2.0,Completed
6094.0,9.0,Ibrahim Danjuma,810.0,2024-10-08 20:22:15.403,09:32:00,17.0,Excellent,5.0,Completed
6095.0,3.0,Tunde Balogun,811.0,2025-02-10 20:22:15.403,14:13:00,21.0,Very Poor,1.0,Completed
6096.0,3.0,Tunde Balogun,811.0,2024-10-10 20:22:15.403,13:42:00,24.0,Poor,2.0,Completed
6097.0,3.0,Tunde Balogun,811.0,2024-07-19 20:22:15.403,10:18:00,16.0,Very Poor,1.0,Completed
6098.0,3.0,Tunde Balogun,811.0,2024-12-16 20:22:15.403,11:29:00,25.0,Poor,2.0,Completed
6099.0,3.0,Tunde Balogun,811.0,2024-10-03 20:22:15.403,10:25:00,15.0,Poor,2.0,Completed
6100.0,3.0,Tunde Balogun,811.0,2024-11-25 20:22:15.403,11:23:00,24.0,Poor,2.0,Completed
6101.0,3.0,Tunde Balogun,811.0,2024-08-18 20:22:15.403,18:16:00,29.0,Poor,2.0,Completed
6102.0,3.0,Tunde Balogun,811.0,2024-04-14 20:22:15.403,11:52:00,6.0,Average,3.0,Completed
6103.0,3.0,Tunde Balogun,811.0,2024-10-21 20:22:15.403,11:34:00,17.0,Excellent,5.0,Completed
6104.0,7.0,Segun Oladipo,812.0,2024-05-13 20:22:15.403,14:38:00,9.0,Excellent,5.0,Completed
6105.0,7.0,Segun Oladipo,812.0,2024-05-30 20:22:15.403,08:50:00,10.0,Poor,2.0,Completed
6106.0,7.0,Segun Oladipo,812.0,2024-03-23 20:22:15.403,13:33:00,12.0,Good,4.0,Completed
6107.0,7.0,Segun Oladipo,812.0,2024-06-01 20:22:15.403,14:05:00,21.0,Excellent,5.0,Completed
6108.0,7.0,Segun Oladipo,812.0,2024-10-16 20:22:15.403,12:50:00,24.0,Very Poor,1.0,Completed
6109.0,1.0,Emeka Okafor,813.0,2024-08-27 20:22:15.403,17:48:00,1.0,Very Poor,1.0,Completed
6110.0,1.0,Emeka Okafor,813.0,2024-10-10 20:22:15.403,15:58:00,8.0,Very Poor,1.0,Completed
6111.0,1.0,Emeka Okafor,813.0,2024-04-10 20:22:15.403,09:03:00,13.0,Very Poor,1.0,Completed
6112.0,1.0,Emeka Okafor,813.0,2024-12-31 20:22:15.403,08:35:00,13.0,Good,4.0,Completed
6113.0,1.0,Emeka Okafor,813.0,2024-07-01 20:22:15.403,09:57:00,4.0,Average,3.0,Completed
6114.0,1.0,Emeka Okafor,813.0,2025-01-28 20:22:15.403,10:39:00,5.0,Poor,2.0,Completed
6115.0,1.0,Emeka Okafor,813.0,2025-01-21 20:22:15.403,19:01:00,21.0,Good,4.0,Completed
6116.0,1.0,Emeka Okafor,813.0,2024-08-18 20:22:15.403,08:47:00,5.0,Good,4.0,Completed
6117.0,9.0,Ibrahim Danjuma,814.0,2025-03-06 20:22:15.403,08:43:00,23.0,Good,4.0,Completed
6118.0,9.0,Ibrahim Danjuma,814.0,2024-09-21 20:22:15.403,18:15:00,2.0,Poor,2.0,Completed
6119.0,9.0,Ibrahim Danjuma,814.0,2024-10-14 20:22:15.403,15:24:00,9.0,Very Poor,1.0,Completed
6120.0,9.0,Ibrahim Danjuma,814.0,2025-01-28 20:22:15.403,10:17:00,29.0,Excellent,5.0,Completed
6121.0,9.0,Ibrahim Danjuma,814.0,2024-06-12 20:22:15.403,18:35:00,23.0,Poor,2.0,Completed
6122.0,9.0,Ibrahim Danjuma,814.0,2024-04-21 20:22:15.403,13:25:00,4.0,Poor,2.0,Completed
6123.0,9.0,Ibrahim Danjuma,814.0,2024-10-28 20:22:15.403,15:02:00,26.0,Good,4.0,Completed
6124.0,9.0,Ibrahim Danjuma,815.0,2025-03-01 20:22:15.403,19:42:00,28.0,Poor,2.0,Completed
6125.0,9.0,Ibrahim Danjuma,815.0,2024-09-12 20:22:15.403,11:16:00,9.0,Poor,2.0,Completed
6126.0,9.0,Ibrahim Danjuma,815.0,2024-04-03 20:22:15.403,16:01:00,1.0,Excellent,5.0,Completed
6127.0,9.0,Ibrahim Danjuma,815.0,2024-11-15 20:22:15.403,09:15:00,4.0,Average,3.0,Completed
6128.0,9.0,Ibrahim Danjuma,815.0,2025-02-24 20:22:15.403,19:56:00,5.0,Excellent,5.0,Completed
6129.0,9.0,Ibrahim Danjuma,815.0,2025-02-13 20:22:15.403,19:58:00,15.0,Average,3.0,Completed
6130.0,9.0,Ibrahim Danjuma,815.0,2024-04-22 20:22:15.403,14:44:00,2.0,Average,3.0,Completed
6131.0,9.0,Ibrahim Danjuma,815.0,2024-12-19 20:22:15.403,11:28:00,19.0,Poor,2.0,Completed
6132.0,9.0,Ibrahim Danjuma,815.0,2025-02-19 20:22:15.403,12:08:00,21.0,Average,3.0,Completed
6133.0,2.0,Chioma Nwosu,816.0,2024-11-20 20:22:15.403,08:50:00,22.0,Average,3.0,Completed
6134.0,2.0,Chioma Nwosu,816.0,2024-10-24 20:22:15.403,10:49:00,7.0,Poor,2.0,Completed
6135.0,2.0,Chioma Nwosu,816.0,2025-02-10 20:22:15.403,11:12:00,16.0,Average,3.0,Completed
6136.0,2.0,Chioma Nwosu,816.0,2025-02-14 20:22:15.403,14:39:00,3.0,Poor,2.0,Completed
6137.0,2.0,Chioma Nwosu,816.0,2024-06-24 20:22:15.403,16:09:00,6.0,Average,3.0,Completed
6138.0,7.0,Segun Oladipo,817.0,2024-06-11 20:22:15.403,12:54:00,11.0,Very Poor,1.0,Completed
6139.0,7.0,Segun Oladipo,817.0,2024-03-20 20:22:15.403,12:50:00,10.0,Very Poor,1.0,Completed
6140.0,7.0,Segun Oladipo,817.0,2024-11-27 20:22:15.403,18:41:00,13.0,Average,3.0,Completed
6141.0,7.0,Segun Oladipo,817.0,2024-11-10 20:22:15.403,10:11:00,13.0,Poor,2.0,Completed
6142.0,7.0,Segun Oladipo,817.0,2024-03-25 20:22:15.403,15:46:00,4.0,Good,4.0,Completed
6143.0,7.0,Segun Oladipo,817.0,2024-10-02 20:22:15.403,19:48:00,20.0,Very Poor,1.0,Completed
6144.0,7.0,Segun Oladipo,817.0,2024-06-23 20:22:15.403,19:01:00,19.0,Very Poor,1.0,Completed
6145.0,14.0,Zainab Suleiman,818.0,2024-11-07 20:22:15.403,13:08:00,14.0,Very Poor,1.0,Completed
6146.0,14.0,Zainab Suleiman,818.0,2024-09-13 20:22:15.403,13:27:00,6.0,Good,4.0,Completed
6147.0,14.0,Zainab Suleiman,818.0,2024-04-14 20:22:15.403,18:11:00,4.0,Very Poor,1.0,Completed
6148.0,14.0,Zainab Suleiman,818.0,2024-12-14 20:22:15.403,10:30:00,15.0,Average,3.0,Completed
6149.0,14.0,Zainab Suleiman,818.0,2025-01-13 20:22:15.403,18:16:00,16.0,Very Poor,1.0,Completed
6150.0,14.0,Zainab Suleiman,818.0,2024-12-07 20:22:15.403,12:22:00,4.0,Very Poor,1.0,Completed
6151.0,14.0,Zainab Suleiman,818.0,2024-03-20 20:22:15.403,14:27:00,9.0,Very Poor,1.0,Completed
6152.0,9.0,Ibrahim Danjuma,819.0,2024-06-06 20:22:15.403,08:51:00,23.0,Average,3.0,Completed
6153.0,9.0,Ibrahim Danjuma,819.0,2025-02-22 20:22:15.403,11:56:00,19.0,Excellent,5.0,Completed
6154.0,9.0,Ibrahim Danjuma,819.0,2024-05-01 20:22:15.403,10:28:00,10.0,Excellent,5.0,Completed
6155.0,9.0,Ibrahim Danjuma,819.0,2024-05-20 20:22:15.403,08:44:00,12.0,Very Poor,1.0,Completed
6156.0,9.0,Ibrahim Danjuma,819.0,2024-03-29 20:22:15.403,18:29:00,16.0,Poor,2.0,Completed
6157.0,9.0,Ibrahim Danjuma,819.0,2024-08-06 20:22:15.403,17:11:00,28.0,Average,3.0,Completed
6158.0,9.0,Ibrahim Danjuma,819.0,2025-02-14 20:22:15.403,19:09:00,4.0,Excellent,5.0,Completed
6159.0,9.0,Ibrahim Danjuma,819.0,2024-06-14 20:22:15.403,18:22:00,18.0,Average,3.0,Completed
6160.0,9.0,Ibrahim Danjuma,820.0,2024-03-19 20:22:15.403,19:28:00,6.0,Excellent,5.0,Completed
6161.0,9.0,Ibrahim Danjuma,820.0,2025-02-06 20:22:15.403,09:13:00,26.0,Excellent,5.0,Completed
6162.0,9.0,Ibrahim Danjuma,820.0,2024-10-12 20:22:15.403,11:46:00,23.0,Excellent,5.0,Completed
6163.0,9.0,Ibrahim Danjuma,820.0,2024-10-05 20:22:15.403,16:39:00,8.0,Poor,2.0,Completed
6164.0,9.0,Ibrahim Danjuma,820.0,2024-09-13 20:22:15.403,10:19:00,20.0,Poor,2.0,Completed
6165.0,9.0,Ibrahim Danjuma,820.0,2024-11-17 20:22:15.403,19:39:00,17.0,Excellent,5.0,Completed
6166.0,16.0,Chika Umeh,821.0,2024-11-23 20:22:15.403,11:28:00,10.0,Average,3.0,Completed
6167.0,16.0,Chika Umeh,821.0,2025-02-25 20:22:15.403,16:14:00,25.0,Very Poor,1.0,Completed
6168.0,16.0,Chika Umeh,821.0,2024-12-15 20:22:15.403,09:36:00,2.0,Average,3.0,Completed
6169.0,16.0,Chika Umeh,821.0,2024-10-25 20:22:15.403,14:33:00,17.0,Excellent,5.0,Completed
6170.0,16.0,Chika Umeh,821.0,2024-11-26 20:22:15.403,14:08:00,14.0,Good,4.0,Completed
6171.0,16.0,Chika Umeh,821.0,2024-05-12 20:22:15.403,10:27:00,17.0,Very Poor,1.0,Completed
6172.0,13.0,Bola Akinwunmi,822.0,2024-03-21 20:22:15.403,19:06:00,24.0,Very Poor,1.0,Completed
6173.0,13.0,Bola Akinwunmi,822.0,2024-06-29 20:22:15.403,14:23:00,2.0,Poor,2.0,Completed
6174.0,13.0,Bola Akinwunmi,822.0,2024-07-19 20:22:15.403,14:54:00,15.0,Excellent,5.0,Completed
6175.0,13.0,Bola Akinwunmi,822.0,2024-06-25 20:22:15.403,17:29:00,6.0,Good,4.0,Completed
6176.0,13.0,Bola Akinwunmi,822.0,2024-03-24 20:22:15.403,19:22:00,10.0,Good,4.0,Completed
6177.0,17.0,Rasheed Lawal,823.0,2024-12-02 20:22:15.403,16:21:00,11.0,Good,4.0,Completed
6178.0,17.0,Rasheed Lawal,823.0,2024-03-11 20:22:15.403,18:28:00,10.0,Excellent,5.0,Completed
6179.0,17.0,Rasheed Lawal,823.0,2024-04-17 20:22:15.403,18:57:00,10.0,Poor,2.0,Completed
6180.0,17.0,Rasheed Lawal,823.0,2024-03-08 20:22:15.403,17:32:00,29.0,Average,3.0,Completed
6181.0,17.0,Rasheed Lawal,823.0,2025-01-06 20:22:15.403,09:57:00,1.0,Average,3.0,Completed
6182.0,17.0,Rasheed Lawal,823.0,2024-11-12 20:22:15.403,12:10:00,21.0,Very Poor,1.0,Completed
6183.0,17.0,Rasheed Lawal,823.0,2024-10-13 20:22:15.403,16:13:00,3.0,Excellent,5.0,Completed
6184.0,17.0,Rasheed Lawal,823.0,2024-04-19 20:22:15.403,12:44:00,5.0,Average,3.0,Completed
6185.0,17.0,Rasheed Lawal,823.0,2024-09-17 20:22:15.403,17:10:00,17.0,Very Poor,1.0,Completed
6186.0,19.0,Felix Odion,824.0,2024-05-24 20:22:15.403,14:20:00,17.0,Very Poor,1.0,Completed
6187.0,19.0,Felix Odion,824.0,2024-06-08 20:22:15.403,19:43:00,22.0,Good,4.0,Completed
6188.0,19.0,Felix Odion,824.0,2024-11-10 20:22:15.403,19:53:00,21.0,Very Poor,1.0,Completed
6189.0,19.0,Felix Odion,824.0,2024-07-20 20:22:15.403,17:45:00,27.0,Good,4.0,Completed
6190.0,19.0,Felix Odion,824.0,2024-10-10 20:22:15.403,12:02:00,12.0,Poor,2.0,Completed
6191.0,19.0,Felix Odion,824.0,2024-04-28 20:22:15.403,15:42:00,26.0,Very Poor,1.0,Completed
6192.0,2.0,Chioma Nwosu,825.0,2025-02-03 20:22:15.403,13:10:00,21.0,Excellent,5.0,Completed
6193.0,2.0,Chioma Nwosu,825.0,2024-12-17 20:22:15.403,13:39:00,22.0,Average,3.0,Completed
6194.0,2.0,Chioma Nwosu,825.0,2024-07-04 20:22:15.403,08:29:00,20.0,Good,4.0,Completed
6195.0,2.0,Chioma Nwosu,825.0,2024-09-26 20:22:15.403,12:23:00,18.0,Poor,2.0,Completed
6196.0,2.0,Chioma Nwosu,825.0,2024-06-14 20:22:15.403,18:48:00,28.0,Excellent,5.0,Completed
6197.0,2.0,Chioma Nwosu,825.0,2024-07-14 20:22:15.403,11:58:00,20.0,Excellent,5.0,Completed
6198.0,2.0,Chioma Nwosu,825.0,2024-09-30 20:22:15.403,09:06:00,29.0,Average,3.0,Completed
6199.0,2.0,Chioma Nwosu,825.0,2025-02-08 20:22:15.403,08:39:00,19.0,Average,3.0,Completed
6200.0,2.0,Chioma Nwosu,825.0,2025-03-02 20:22:15.403,08:46:00,8.0,Good,4.0,Completed
6201.0,2.0,Chioma Nwosu,825.0,2024-04-04 20:22:15.403,13:32:00,17.0,Excellent,5.0,Completed
6202.0,13.0,Bola Akinwunmi,826.0,2024-11-18 20:22:15.403,13:52:00,25.0,Poor,2.0,Completed
6203.0,13.0,Bola Akinwunmi,826.0,2024-09-20 20:22:15.403,10:19:00,13.0,Average,3.0,Completed
6204.0,13.0,Bola Akinwunmi,826.0,2024-11-29 20:22:15.403,16:44:00,22.0,Very Poor,1.0,Completed
6205.0,13.0,Bola Akinwunmi,826.0,2024-09-10 20:22:15.403,16:50:00,13.0,Excellent,5.0,Completed
6206.0,13.0,Bola Akinwunmi,826.0,2024-07-31 20:22:15.403,12:12:00,28.0,Excellent,5.0,Completed
6207.0,13.0,Bola Akinwunmi,826.0,2024-06-20 20:22:15.403,18:56:00,17.0,Excellent,5.0,Completed
6208.0,13.0,Bola Akinwunmi,826.0,2024-08-02 20:22:15.403,10:03:00,16.0,Poor,2.0,Completed
6209.0,13.0,Bola Akinwunmi,826.0,2025-01-20 20:22:15.403,12:23:00,25.0,Poor,2.0,Completed
6210.0,13.0,Bola Akinwunmi,826.0,2024-03-12 20:22:15.403,08:54:00,29.0,Excellent,5.0,Completed
6211.0,14.0,Zainab Suleiman,827.0,2024-11-25 20:22:15.403,16:12:00,21.0,Poor,2.0,Completed
6212.0,14.0,Zainab Suleiman,827.0,2024-10-30 20:22:15.403,14:03:00,14.0,Good,4.0,Completed
6213.0,14.0,Zainab Suleiman,827.0,2024-12-02 20:22:15.403,08:17:00,20.0,Excellent,5.0,Completed
6214.0,14.0,Zainab Suleiman,827.0,2024-09-15 20:22:15.403,18:10:00,15.0,Good,4.0,Completed
6215.0,14.0,Zainab Suleiman,827.0,2024-07-10 20:22:15.403,08:41:00,3.0,Average,3.0,Completed
6216.0,14.0,Zainab Suleiman,827.0,2024-12-13 20:22:15.403,11:48:00,18.0,Average,3.0,Completed
6217.0,5.0,Obinna Eze,828.0,2024-06-10 20:22:15.403,10:50:00,12.0,Good,4.0,Completed
6218.0,5.0,Obinna Eze,828.0,2025-01-02 20:22:15.403,17:14:00,11.0,Average,3.0,Completed
6219.0,5.0,Obinna Eze,828.0,2024-03-31 20:22:15.403,08:32:00,21.0,Very Poor,1.0,Completed
6220.0,5.0,Obinna Eze,828.0,2024-09-20 20:22:15.403,13:53:00,28.0,Average,3.0,Completed
6221.0,5.0,Obinna Eze,828.0,2025-01-31 20:22:15.403,08:27:00,10.0,Average,3.0,Completed
6222.0,3.0,Tunde Balogun,829.0,2024-06-11 20:22:15.403,17:18:00,18.0,Average,3.0,Completed
6223.0,3.0,Tunde Balogun,829.0,2024-08-31 20:22:15.403,18:10:00,28.0,Average,3.0,Completed
6224.0,3.0,Tunde Balogun,829.0,2024-08-17 20:22:15.403,11:33:00,2.0,Average,3.0,Completed
6225.0,3.0,Tunde Balogun,829.0,2024-05-19 20:22:15.403,16:39:00,4.0,Good,4.0,Completed
6226.0,3.0,Tunde Balogun,829.0,2024-11-06 20:22:15.403,13:41:00,10.0,Good,4.0,Completed
6227.0,18.0,Amaka Obi,830.0,2025-02-21 20:22:15.403,16:54:00,27.0,Average,3.0,Completed
6228.0,18.0,Amaka Obi,830.0,2024-10-20 20:22:15.403,12:41:00,25.0,Very Poor,1.0,Completed
6229.0,18.0,Amaka Obi,830.0,2024-07-15 20:22:15.403,19:58:00,26.0,Good,4.0,Completed
6230.0,18.0,Amaka Obi,830.0,2024-08-01 20:22:15.403,13:47:00,9.0,Excellent,5.0,Completed
6231.0,18.0,Amaka Obi,830.0,2024-03-12 20:22:15.403,17:46:00,20.0,Good,4.0,Completed
6232.0,18.0,Amaka Obi,830.0,2024-09-14 20:22:15.403,08:08:00,26.0,Excellent,5.0,Completed
6233.0,6.0,Funke Adeyemi,831.0,2024-04-24 20:22:15.403,08:37:00,24.0,Poor,2.0,Completed
6234.0,6.0,Funke Adeyemi,831.0,2024-10-24 20:22:15.403,09:41:00,27.0,Excellent,5.0,Completed
6235.0,6.0,Funke Adeyemi,831.0,2024-04-08 20:22:15.403,17:30:00,24.0,Good,4.0,Completed
6236.0,6.0,Funke Adeyemi,831.0,2024-05-16 20:22:15.403,16:47:00,10.0,Excellent,5.0,Completed
6237.0,6.0,Funke Adeyemi,831.0,2024-04-16 20:22:15.403,15:18:00,18.0,Excellent,5.0,Completed
6238.0,6.0,Funke Adeyemi,831.0,2024-07-27 20:22:15.403,11:13:00,19.0,Average,3.0,Completed
6239.0,6.0,Funke Adeyemi,831.0,2024-04-08 20:22:15.403,16:47:00,14.0,Very Poor,1.0,Completed
6240.0,6.0,Funke Adeyemi,831.0,2025-03-02 20:22:15.403,13:56:00,29.0,Excellent,5.0,Completed
6241.0,19.0,Felix Odion,832.0,2024-04-05 20:22:15.403,19:11:00,29.0,Very Poor,1.0,Completed
6242.0,19.0,Felix Odion,832.0,2024-12-01 20:22:15.403,15:42:00,17.0,Excellent,5.0,Completed
6243.0,19.0,Felix Odion,832.0,2024-12-30 20:22:15.403,11:33:00,19.0,Very Poor,1.0,Completed
6244.0,19.0,Felix Odion,832.0,2025-01-05 20:22:15.403,17:13:00,17.0,Poor,2.0,Completed
6245.0,19.0,Felix Odion,832.0,2024-03-08 20:22:15.403,13:07:00,8.0,Good,4.0,Completed
6246.0,19.0,Felix Odion,832.0,2024-08-15 20:22:15.403,10:43:00,6.0,Poor,2.0,Completed
6247.0,19.0,Felix Odion,832.0,2024-10-18 20:22:15.403,18:58:00,12.0,Average,3.0,Completed
6248.0,12.0,Yakubu Bello,833.0,2024-10-02 20:22:15.403,14:13:00,3.0,Very Poor,1.0,Completed
6249.0,12.0,Yakubu Bello,833.0,2024-07-25 20:22:15.403,08:56:00,26.0,Poor,2.0,Completed
6250.0,12.0,Yakubu Bello,833.0,2025-01-18 20:22:15.403,09:23:00,27.0,Very Poor,1.0,Completed
6251.0,12.0,Yakubu Bello,833.0,2024-12-11 20:22:15.403,18:59:00,20.0,Good,4.0,Completed
6252.0,12.0,Yakubu Bello,833.0,2024-04-05 20:22:15.403,19:56:00,10.0,Average,3.0,Completed
6253.0,4.0,Aisha Mohammed,834.0,2025-01-14 20:22:15.403,09:57:00,5.0,Average,3.0,Completed
6254.0,4.0,Aisha Mohammed,834.0,2024-06-06 20:22:15.403,08:10:00,11.0,Excellent,5.0,Completed
6255.0,4.0,Aisha Mohammed,834.0,2024-11-06 20:22:15.403,08:27:00,3.0,Average,3.0,Completed
6256.0,4.0,Aisha Mohammed,834.0,2024-03-16 20:22:15.403,12:28:00,24.0,Excellent,5.0,Completed
6257.0,4.0,Aisha Mohammed,834.0,2024-10-30 20:22:15.403,17:06:00,18.0,Excellent,5.0,Completed
6258.0,4.0,Aisha Mohammed,834.0,2024-03-20 20:22:15.403,09:59:00,8.0,Poor,2.0,Completed
6259.0,10.0,Chinedu Opara,835.0,2024-10-02 20:22:15.403,13:39:00,10.0,Poor,2.0,Completed
6260.0,10.0,Chinedu Opara,835.0,2024-12-26 20:22:15.403,15:33:00,7.0,Very Poor,1.0,Completed
6261.0,10.0,Chinedu Opara,835.0,2024-06-17 20:22:15.403,14:39:00,5.0,Very Poor,1.0,Completed
6262.0,10.0,Chinedu Opara,835.0,2024-07-23 20:22:15.403,09:37:00,5.0,Excellent,5.0,Completed
6263.0,10.0,Chinedu Opara,835.0,2024-05-01 20:22:15.403,19:33:00,11.0,Poor,2.0,Completed
6264.0,10.0,Chinedu Opara,835.0,2024-09-06 20:22:15.403,17:23:00,1.0,Very Poor,1.0,Completed
6265.0,10.0,Chinedu Opara,835.0,2024-09-11 20:22:15.403,15:25:00,10.0,Good,4.0,Completed
6266.0,10.0,Chinedu Opara,835.0,2025-01-06 20:22:15.403,08:50:00,6.0,Poor,2.0,Completed
6267.0,10.0,Chinedu Opara,835.0,2024-12-01 20:22:15.403,16:15:00,24.0,Excellent,5.0,Completed
6268.0,10.0,Chinedu Opara,835.0,2024-09-24 20:22:15.403,08:21:00,3.0,Excellent,5.0,Completed
6269.0,4.0,Aisha Mohammed,836.0,2025-02-18 20:22:15.403,17:56:00,12.0,Good,4.0,Completed
6270.0,4.0,Aisha Mohammed,836.0,2024-08-16 20:22:15.403,15:47:00,24.0,Good,4.0,Completed
6271.0,4.0,Aisha Mohammed,836.0,2025-01-14 20:22:15.403,10:39:00,11.0,Poor,2.0,Completed
6272.0,4.0,Aisha Mohammed,836.0,2024-11-04 20:22:15.403,11:48:00,17.0,Excellent,5.0,Completed
6273.0,4.0,Aisha Mohammed,836.0,2024-11-17 20:22:15.403,15:21:00,12.0,Poor,2.0,Completed
6274.0,4.0,Aisha Mohammed,836.0,2024-11-06 20:22:15.403,08:00:00,24.0,Average,3.0,Completed
6275.0,4.0,Aisha Mohammed,836.0,2024-11-17 20:22:15.403,16:50:00,10.0,Very Poor,1.0,Completed
6276.0,4.0,Aisha Mohammed,836.0,2025-01-28 20:22:15.403,10:37:00,14.0,Poor,2.0,Completed
6277.0,4.0,Aisha Mohammed,836.0,2025-01-31 20:22:15.403,16:42:00,23.0,Average,3.0,Completed
6278.0,4.0,Aisha Mohammed,836.0,2024-10-23 20:22:15.403,12:55:00,24.0,Average,3.0,Completed
6279.0,13.0,Bola Akinwunmi,837.0,2024-05-03 20:22:15.403,18:48:00,4.0,Very Poor,1.0,Completed
6280.0,13.0,Bola Akinwunmi,837.0,2025-02-26 20:22:15.403,13:36:00,19.0,Poor,2.0,Completed
6281.0,13.0,Bola Akinwunmi,837.0,2025-01-28 20:22:15.403,17:19:00,10.0,Average,3.0,Completed
6282.0,13.0,Bola Akinwunmi,837.0,2024-08-13 20:22:15.403,14:20:00,6.0,Poor,2.0,Completed
6283.0,13.0,Bola Akinwunmi,837.0,2025-03-02 20:22:15.403,16:11:00,8.0,Good,4.0,Completed
6284.0,13.0,Bola Akinwunmi,837.0,2025-01-24 20:22:15.403,13:43:00,12.0,Average,3.0,Completed
6285.0,5.0,Obinna Eze,838.0,2024-07-15 20:22:15.403,14:47:00,20.0,Very Poor,1.0,Completed
6286.0,5.0,Obinna Eze,838.0,2024-09-24 20:22:15.403,15:46:00,2.0,Poor,2.0,Completed
6287.0,5.0,Obinna Eze,838.0,2024-12-28 20:22:15.403,19:59:00,16.0,Very Poor,1.0,Completed
6288.0,5.0,Obinna Eze,838.0,2024-03-11 20:22:15.403,15:35:00,5.0,Poor,2.0,Completed
6289.0,5.0,Obinna Eze,838.0,2024-09-18 20:22:15.403,09:56:00,6.0,Poor,2.0,Completed
6290.0,5.0,Obinna Eze,838.0,2025-01-25 20:22:15.403,08:55:00,7.0,Average,3.0,Completed
6291.0,5.0,Obinna Eze,838.0,2024-08-14 20:22:15.403,19:01:00,13.0,Poor,2.0,Completed
6292.0,5.0,Obinna Eze,838.0,2024-05-21 20:22:15.403,19:41:00,1.0,Good,4.0,Completed
6293.0,5.0,Obinna Eze,838.0,2024-10-12 20:22:15.403,14:56:00,11.0,Very Poor,1.0,Completed
6294.0,5.0,Obinna Eze,838.0,2024-09-18 20:22:15.403,16:29:00,3.0,Poor,2.0,Completed
6295.0,13.0,Bola Akinwunmi,839.0,2024-12-04 20:22:15.403,14:35:00,4.0,Good,4.0,Completed
6296.0,13.0,Bola Akinwunmi,839.0,2024-11-06 20:22:15.403,11:21:00,13.0,Very Poor,1.0,Completed
6297.0,13.0,Bola Akinwunmi,839.0,2024-06-08 20:22:15.403,10:03:00,27.0,Poor,2.0,Completed
6298.0,13.0,Bola Akinwunmi,839.0,2024-07-05 20:22:15.403,10:56:00,21.0,Excellent,5.0,Completed
6299.0,13.0,Bola Akinwunmi,839.0,2024-08-21 20:22:15.403,11:12:00,25.0,Excellent,5.0,Completed
6300.0,13.0,Bola Akinwunmi,839.0,2024-10-17 20:22:15.403,12:47:00,24.0,Very Poor,1.0,Completed
6301.0,13.0,Bola Akinwunmi,839.0,2024-07-05 20:22:15.403,17:33:00,17.0,Poor,2.0,Completed
6302.0,13.0,Bola Akinwunmi,839.0,2024-10-13 20:22:15.403,11:50:00,15.0,Good,4.0,Completed
6303.0,19.0,Felix Odion,840.0,2024-06-05 20:22:15.403,12:40:00,11.0,Excellent,5.0,Completed
6304.0,19.0,Felix Odion,840.0,2024-03-31 20:22:15.403,15:14:00,14.0,Average,3.0,Completed
6305.0,19.0,Felix Odion,840.0,2024-04-23 20:22:15.403,11:42:00,12.0,Poor,2.0,Completed
6306.0,19.0,Felix Odion,840.0,2024-12-08 20:22:15.403,14:31:00,18.0,Average,3.0,Completed
6307.0,19.0,Felix Odion,840.0,2025-02-08 20:22:15.403,15:06:00,11.0,Excellent,5.0,Completed
6308.0,14.0,Zainab Suleiman,841.0,2024-04-13 20:22:15.403,11:47:00,29.0,Good,4.0,Completed
6309.0,14.0,Zainab Suleiman,841.0,2024-09-02 20:22:15.403,08:25:00,14.0,Excellent,5.0,Completed
6310.0,14.0,Zainab Suleiman,841.0,2024-04-21 20:22:15.403,12:09:00,14.0,Poor,2.0,Completed
6311.0,14.0,Zainab Suleiman,841.0,2025-01-27 20:22:15.403,11:20:00,11.0,Good,4.0,Completed
6312.0,14.0,Zainab Suleiman,841.0,2024-09-05 20:22:15.403,10:14:00,19.0,Very Poor,1.0,Completed
6313.0,14.0,Zainab Suleiman,841.0,2024-06-22 20:22:15.403,12:53:00,26.0,Excellent,5.0,Completed
6314.0,14.0,Zainab Suleiman,841.0,2024-05-01 20:22:15.403,10:43:00,15.0,Poor,2.0,Completed
6315.0,14.0,Zainab Suleiman,841.0,2024-11-26 20:22:15.403,14:25:00,27.0,Good,4.0,Completed
6316.0,14.0,Zainab Suleiman,841.0,2025-01-04 20:22:15.403,15:44:00,10.0,Average,3.0,Completed
6317.0,17.0,Rasheed Lawal,842.0,2024-06-11 20:22:15.403,15:07:00,14.0,Excellent,5.0,Completed
6318.0,17.0,Rasheed Lawal,842.0,2024-11-18 20:22:15.403,09:08:00,16.0,Poor,2.0,Completed
6319.0,17.0,Rasheed Lawal,842.0,2025-01-31 20:22:15.403,14:36:00,17.0,Excellent,5.0,Completed
6320.0,17.0,Rasheed Lawal,842.0,2025-01-26 20:22:15.403,12:58:00,20.0,Good,4.0,Completed
6321.0,17.0,Rasheed Lawal,842.0,2024-05-29 20:22:15.403,12:52:00,3.0,Very Poor,1.0,Completed
6322.0,17.0,Rasheed Lawal,842.0,2025-03-01 20:22:15.403,17:57:00,20.0,Poor,2.0,Completed
6323.0,2.0,Chioma Nwosu,843.0,2024-06-11 20:22:15.403,17:08:00,1.0,Poor,2.0,Completed
6324.0,2.0,Chioma Nwosu,843.0,2024-10-28 20:22:15.403,08:54:00,24.0,Very Poor,1.0,Completed
6325.0,2.0,Chioma Nwosu,843.0,2024-10-17 20:22:15.403,16:28:00,13.0,Average,3.0,Completed
6326.0,2.0,Chioma Nwosu,843.0,2024-12-24 20:22:15.403,10:52:00,18.0,Average,3.0,Completed
6327.0,2.0,Chioma Nwosu,843.0,2024-06-04 20:22:15.403,16:46:00,2.0,Excellent,5.0,Completed
6328.0,2.0,Chioma Nwosu,843.0,2024-08-24 20:22:15.403,08:16:00,23.0,Good,4.0,Completed
6329.0,2.0,Chioma Nwosu,843.0,2024-08-06 20:22:15.403,18:43:00,14.0,Very Poor,1.0,Completed
6330.0,2.0,Chioma Nwosu,843.0,2025-01-28 20:22:15.403,14:12:00,5.0,Average,3.0,Completed
6331.0,20.0,Adewale Ogunleye,844.0,2024-06-24 20:22:15.403,17:01:00,17.0,Very Poor,1.0,Completed
6332.0,20.0,Adewale Ogunleye,844.0,2024-12-27 20:22:15.403,13:25:00,11.0,Very Poor,1.0,Completed
6333.0,20.0,Adewale Ogunleye,844.0,2025-01-28 20:22:15.403,15:28:00,1.0,Very Poor,1.0,Completed
6334.0,20.0,Adewale Ogunleye,844.0,2024-11-10 20:22:15.403,10:26:00,17.0,Excellent,5.0,Completed
6335.0,20.0,Adewale Ogunleye,844.0,2025-02-14 20:22:15.403,13:40:00,14.0,Good,4.0,Completed
6336.0,20.0,Adewale Ogunleye,844.0,2024-12-04 20:22:15.403,16:04:00,3.0,Excellent,5.0,Completed
6337.0,13.0,Bola Akinwunmi,845.0,2024-05-18 20:22:15.403,10:22:00,2.0,Excellent,5.0,Completed
6338.0,13.0,Bola Akinwunmi,845.0,2024-12-08 20:22:15.403,17:14:00,9.0,Good,4.0,Completed
6339.0,13.0,Bola Akinwunmi,845.0,2024-06-06 20:22:15.403,16:54:00,25.0,Excellent,5.0,Completed
6340.0,13.0,Bola Akinwunmi,845.0,2024-11-10 20:22:15.403,18:20:00,5.0,Good,4.0,Completed
6341.0,13.0,Bola Akinwunmi,845.0,2024-12-27 20:22:15.403,08:13:00,4.0,Poor,2.0,Completed
6342.0,13.0,Bola Akinwunmi,845.0,2024-12-03 20:22:15.403,14:13:00,21.0,Poor,2.0,Completed
6343.0,13.0,Bola Akinwunmi,845.0,2024-11-22 20:22:15.403,15:06:00,28.0,Poor,2.0,Completed
6344.0,13.0,Bola Akinwunmi,845.0,2025-01-18 20:22:15.403,17:11:00,22.0,Average,3.0,Completed
6345.0,9.0,Ibrahim Danjuma,846.0,2024-04-22 20:22:15.403,10:34:00,22.0,Poor,2.0,Completed
6346.0,9.0,Ibrahim Danjuma,846.0,2024-12-25 20:22:15.403,19:19:00,13.0,Excellent,5.0,Completed
6347.0,9.0,Ibrahim Danjuma,846.0,2024-10-21 20:22:15.403,08:10:00,8.0,Very Poor,1.0,Completed
6348.0,9.0,Ibrahim Danjuma,846.0,2024-06-22 20:22:15.403,10:05:00,11.0,Poor,2.0,Completed
6349.0,9.0,Ibrahim Danjuma,846.0,2025-01-25 20:22:15.403,17:15:00,9.0,Good,4.0,Completed
6350.0,9.0,Ibrahim Danjuma,846.0,2024-08-29 20:22:15.403,10:32:00,2.0,Average,3.0,Completed
6351.0,9.0,Ibrahim Danjuma,846.0,2024-09-10 20:22:15.403,13:34:00,9.0,Very Poor,1.0,Completed
6352.0,9.0,Ibrahim Danjuma,846.0,2024-03-18 20:22:15.403,14:04:00,14.0,Poor,2.0,Completed
6353.0,9.0,Ibrahim Danjuma,846.0,2024-04-19 20:22:15.403,13:41:00,9.0,Average,3.0,Completed
6354.0,16.0,Chika Umeh,847.0,2024-04-19 20:22:15.403,08:32:00,7.0,Very Poor,1.0,Completed
6355.0,16.0,Chika Umeh,847.0,2025-01-02 20:22:15.403,10:08:00,28.0,Excellent,5.0,Completed
6356.0,16.0,Chika Umeh,847.0,2024-10-12 20:22:15.403,16:18:00,18.0,Good,4.0,Completed
6357.0,16.0,Chika Umeh,847.0,2024-05-30 20:22:15.403,18:45:00,10.0,Good,4.0,Completed
6358.0,16.0,Chika Umeh,847.0,2024-09-24 20:22:15.403,16:24:00,28.0,Poor,2.0,Completed
6359.0,16.0,Chika Umeh,847.0,2024-05-09 20:22:15.403,13:35:00,9.0,Average,3.0,Completed
6360.0,8.0,Ngozi Okonkwo,848.0,2025-01-31 20:22:15.403,19:00:00,29.0,Very Poor,1.0,Completed
6361.0,8.0,Ngozi Okonkwo,848.0,2024-12-06 20:22:15.403,08:48:00,2.0,Good,4.0,Completed
6362.0,8.0,Ngozi Okonkwo,848.0,2024-03-10 20:22:15.403,17:35:00,4.0,Excellent,5.0,Completed
6363.0,8.0,Ngozi Okonkwo,848.0,2024-08-05 20:22:15.403,13:39:00,21.0,Very Poor,1.0,Completed
6364.0,8.0,Ngozi Okonkwo,848.0,2024-08-17 20:22:15.403,19:21:00,7.0,Very Poor,1.0,Completed
6365.0,12.0,Yakubu Bello,849.0,2024-10-06 20:22:15.403,13:43:00,1.0,Good,4.0,Completed
6366.0,12.0,Yakubu Bello,849.0,2025-02-12 20:22:15.403,08:46:00,17.0,Very Poor,1.0,Completed
6367.0,12.0,Yakubu Bello,849.0,2024-06-01 20:22:15.403,16:26:00,3.0,Excellent,5.0,Completed
6368.0,12.0,Yakubu Bello,849.0,2024-04-30 20:22:15.403,15:15:00,1.0,Good,4.0,Completed
6369.0,12.0,Yakubu Bello,849.0,2024-07-27 20:22:15.403,16:05:00,7.0,Very Poor,1.0,Completed
6370.0,12.0,Yakubu Bello,849.0,2025-01-27 20:22:15.403,19:21:00,23.0,Very Poor,1.0,Completed
6371.0,12.0,Yakubu Bello,849.0,2024-04-10 20:22:15.403,10:15:00,24.0,Poor,2.0,Completed
6372.0,12.0,Yakubu Bello,849.0,2024-07-28 20:22:15.403,08:00:00,19.0,Average,3.0,Completed
6373.0,9.0,Ibrahim Danjuma,850.0,2024-10-13 20:22:15.403,17:43:00,19.0,Good,4.0,Completed
6374.0,9.0,Ibrahim Danjuma,850.0,2024-04-25 20:22:15.403,17:46:00,5.0,Very Poor,1.0,Completed
6375.0,9.0,Ibrahim Danjuma,850.0,2024-08-23 20:22:15.403,13:37:00,21.0,Very Poor,1.0,Completed
6376.0,9.0,Ibrahim Danjuma,850.0,2024-06-17 20:22:15.403,18:43:00,25.0,Excellent,5.0,Completed
6377.0,9.0,Ibrahim Danjuma,850.0,2025-01-06 20:22:15.403,14:04:00,24.0,Very Poor,1.0,Completed
6378.0,9.0,Ibrahim Danjuma,850.0,2024-10-11 20:22:15.403,15:56:00,5.0,Excellent,5.0,Completed
6379.0,9.0,Ibrahim Danjuma,850.0,2024-11-27 20:22:15.403,10:41:00,18.0,Excellent,5.0,Completed
6380.0,9.0,Ibrahim Danjuma,850.0,2024-08-21 20:22:15.403,15:37:00,25.0,Excellent,5.0,Completed
6381.0,9.0,Ibrahim Danjuma,850.0,2024-04-25 20:22:15.403,15:06:00,19.0,Good,4.0,Completed
6382.0,12.0,Yakubu Bello,851.0,2024-05-23 20:22:15.403,15:10:00,11.0,Very Poor,1.0,Completed
6383.0,12.0,Yakubu Bello,851.0,2024-11-09 20:22:15.403,11:10:00,24.0,Poor,2.0,Completed
6384.0,12.0,Yakubu Bello,851.0,2024-10-04 20:22:15.403,12:05:00,22.0,Average,3.0,Completed
6385.0,12.0,Yakubu Bello,851.0,2024-09-27 20:22:15.403,11:32:00,29.0,Poor,2.0,Completed
6386.0,12.0,Yakubu Bello,851.0,2024-11-20 20:22:15.403,17:56:00,15.0,Very Poor,1.0,Completed
6387.0,12.0,Yakubu Bello,851.0,2025-01-17 20:22:15.403,19:12:00,21.0,Good,4.0,Completed
6388.0,12.0,Yakubu Bello,851.0,2024-10-15 20:22:15.403,08:22:00,1.0,Good,4.0,Completed
6389.0,12.0,Yakubu Bello,851.0,2024-04-24 20:22:15.403,16:10:00,4.0,Very Poor,1.0,Completed
6390.0,17.0,Rasheed Lawal,852.0,2024-06-18 20:22:15.403,17:20:00,25.0,Good,4.0,Completed
6391.0,17.0,Rasheed Lawal,852.0,2025-02-05 20:22:15.403,17:01:00,8.0,Good,4.0,Completed
6392.0,17.0,Rasheed Lawal,852.0,2024-03-20 20:22:15.403,16:50:00,25.0,Poor,2.0,Completed
6393.0,17.0,Rasheed Lawal,852.0,2024-07-25 20:22:15.403,16:12:00,14.0,Average,3.0,Completed
6394.0,17.0,Rasheed Lawal,852.0,2024-12-23 20:22:15.403,14:23:00,15.0,Poor,2.0,Completed
6395.0,17.0,Rasheed Lawal,852.0,2024-10-27 20:22:15.403,11:38:00,1.0,Very Poor,1.0,Completed
6396.0,8.0,Ngozi Okonkwo,853.0,2024-05-19 20:22:15.403,16:47:00,22.0,Average,3.0,Completed
6397.0,8.0,Ngozi Okonkwo,853.0,2025-01-03 20:22:15.403,08:29:00,14.0,Average,3.0,Completed
6398.0,8.0,Ngozi Okonkwo,853.0,2024-06-30 20:22:15.403,12:16:00,18.0,Good,4.0,Completed
6399.0,8.0,Ngozi Okonkwo,853.0,2024-11-25 20:22:15.403,18:15:00,12.0,Very Poor,1.0,Completed
6400.0,8.0,Ngozi Okonkwo,853.0,2024-12-27 20:22:15.403,11:48:00,24.0,Average,3.0,Completed
6401.0,8.0,Ngozi Okonkwo,853.0,2024-08-11 20:22:15.403,17:33:00,11.0,Very Poor,1.0,Completed
6402.0,8.0,Ngozi Okonkwo,853.0,2024-11-24 20:22:15.403,14:57:00,12.0,Very Poor,1.0,Completed
6403.0,8.0,Ngozi Okonkwo,853.0,2024-04-27 20:22:15.403,10:20:00,20.0,Excellent,5.0,Completed
6404.0,4.0,Aisha Mohammed,854.0,2024-07-01 20:22:15.403,18:54:00,27.0,Average,3.0,Completed
6405.0,4.0,Aisha Mohammed,854.0,2024-07-23 20:22:15.403,15:17:00,16.0,Good,4.0,Completed
6406.0,4.0,Aisha Mohammed,854.0,2024-11-28 20:22:15.403,17:44:00,17.0,Very Poor,1.0,Completed
6407.0,4.0,Aisha Mohammed,854.0,2024-08-27 20:22:15.403,16:46:00,22.0,Good,4.0,Completed
6408.0,4.0,Aisha Mohammed,854.0,2024-04-19 20:22:15.403,12:43:00,12.0,Poor,2.0,Completed
6409.0,4.0,Aisha Mohammed,854.0,2025-03-04 20:22:15.403,17:46:00,23.0,Excellent,5.0,Completed
6410.0,4.0,Aisha Mohammed,854.0,2024-03-16 20:22:15.403,14:18:00,5.0,Average,3.0,Completed
6411.0,4.0,Aisha Mohammed,854.0,2024-11-24 20:22:15.403,10:26:00,19.0,Good,4.0,Completed
6412.0,19.0,Felix Odion,855.0,2024-08-30 20:22:15.403,10:47:00,3.0,Very Poor,1.0,Completed
6413.0,19.0,Felix Odion,855.0,2024-06-01 20:22:15.403,08:44:00,17.0,Poor,2.0,Completed
6414.0,19.0,Felix Odion,855.0,2024-05-20 20:22:15.403,14:32:00,13.0,Very Poor,1.0,Completed
6415.0,19.0,Felix Odion,855.0,2024-09-24 20:22:15.403,14:27:00,6.0,Good,4.0,Completed
6416.0,19.0,Felix Odion,855.0,2024-09-26 20:22:15.403,19:35:00,29.0,Excellent,5.0,Completed
6417.0,19.0,Felix Odion,855.0,2025-02-10 20:22:15.403,18:02:00,3.0,Excellent,5.0,Completed
6418.0,19.0,Felix Odion,855.0,2025-02-10 20:22:15.403,15:27:00,21.0,Very Poor,1.0,Completed
6419.0,12.0,Yakubu Bello,856.0,2024-11-24 20:22:15.403,17:29:00,7.0,Poor,2.0,Completed
6420.0,12.0,Yakubu Bello,856.0,2024-03-20 20:22:15.403,16:37:00,25.0,Excellent,5.0,Completed
6421.0,12.0,Yakubu Bello,856.0,2024-11-08 20:22:15.403,17:55:00,9.0,Average,3.0,Completed
6422.0,12.0,Yakubu Bello,856.0,2024-03-18 20:22:15.403,19:17:00,11.0,Excellent,5.0,Completed
6423.0,12.0,Yakubu Bello,856.0,2024-12-19 20:22:15.403,09:47:00,28.0,Poor,2.0,Completed
6424.0,12.0,Yakubu Bello,856.0,2024-03-11 20:22:15.403,10:51:00,22.0,Excellent,5.0,Completed
6425.0,12.0,Yakubu Bello,856.0,2024-03-30 20:22:15.403,12:12:00,9.0,Average,3.0,Completed
6426.0,12.0,Yakubu Bello,856.0,2024-12-16 20:22:15.403,16:57:00,2.0,Average,3.0,Completed
6427.0,13.0,Bola Akinwunmi,857.0,2024-06-26 20:22:15.403,13:59:00,28.0,Good,4.0,Completed
6428.0,13.0,Bola Akinwunmi,857.0,2024-04-19 20:22:15.403,16:32:00,27.0,Good,4.0,Completed
6429.0,13.0,Bola Akinwunmi,857.0,2024-05-12 20:22:15.403,19:21:00,28.0,Average,3.0,Completed
6430.0,13.0,Bola Akinwunmi,857.0,2024-07-12 20:22:15.403,17:10:00,27.0,Excellent,5.0,Completed
6431.0,13.0,Bola Akinwunmi,857.0,2025-01-09 20:22:15.403,16:02:00,2.0,Poor,2.0,Completed
6432.0,13.0,Bola Akinwunmi,857.0,2024-12-20 20:22:15.403,11:40:00,23.0,Good,4.0,Completed
6433.0,13.0,Bola Akinwunmi,857.0,2024-03-24 20:22:15.403,15:41:00,5.0,Very Poor,1.0,Completed
6434.0,13.0,Bola Akinwunmi,857.0,2024-05-13 20:22:15.403,12:35:00,29.0,Poor,2.0,Completed
6435.0,13.0,Bola Akinwunmi,857.0,2024-05-11 20:22:15.403,09:02:00,7.0,Very Poor,1.0,Completed
6436.0,4.0,Aisha Mohammed,858.0,2024-05-13 20:22:15.403,18:00:00,22.0,Good,4.0,Completed
6437.0,4.0,Aisha Mohammed,858.0,2025-01-03 20:22:15.403,10:23:00,11.0,Average,3.0,Completed
6438.0,4.0,Aisha Mohammed,858.0,2024-12-26 20:22:15.403,14:57:00,17.0,Good,4.0,Completed
6439.0,4.0,Aisha Mohammed,858.0,2024-10-05 20:22:15.403,13:50:00,26.0,Average,3.0,Completed
6440.0,4.0,Aisha Mohammed,858.0,2024-05-08 20:22:15.403,15:20:00,6.0,Poor,2.0,Completed
6441.0,4.0,Aisha Mohammed,858.0,2024-05-28 20:22:15.403,13:49:00,12.0,Average,3.0,Completed
6442.0,4.0,Aisha Mohammed,858.0,2024-06-01 20:22:15.403,10:49:00,26.0,Excellent,5.0,Completed
6443.0,4.0,Aisha Mohammed,858.0,2024-07-29 20:22:15.403,19:05:00,14.0,Good,4.0,Completed
6444.0,4.0,Aisha Mohammed,858.0,2024-08-27 20:22:15.403,19:25:00,9.0,Good,4.0,Completed
6445.0,13.0,Bola Akinwunmi,859.0,2024-03-31 20:22:15.403,13:55:00,5.0,Poor,2.0,Completed
6446.0,13.0,Bola Akinwunmi,859.0,2024-08-27 20:22:15.403,14:02:00,28.0,Good,4.0,Completed
6447.0,13.0,Bola Akinwunmi,859.0,2024-08-20 20:22:15.403,16:11:00,3.0,Excellent,5.0,Completed
6448.0,13.0,Bola Akinwunmi,859.0,2025-02-02 20:22:15.403,15:13:00,15.0,Average,3.0,Completed
6449.0,13.0,Bola Akinwunmi,859.0,2025-01-09 20:22:15.403,08:49:00,15.0,Very Poor,1.0,Completed
6450.0,13.0,Bola Akinwunmi,859.0,2024-04-19 20:22:15.403,16:06:00,14.0,Average,3.0,Completed
6451.0,18.0,Amaka Obi,860.0,2024-08-27 20:22:15.403,08:13:00,28.0,Good,4.0,Completed
6452.0,18.0,Amaka Obi,860.0,2024-07-15 20:22:15.403,10:01:00,14.0,Excellent,5.0,Completed
6453.0,18.0,Amaka Obi,860.0,2024-08-14 20:22:15.403,16:21:00,17.0,Very Poor,1.0,Completed
6454.0,18.0,Amaka Obi,860.0,2024-12-30 20:22:15.403,19:22:00,25.0,Very Poor,1.0,Completed
6455.0,18.0,Amaka Obi,860.0,2024-05-27 20:22:15.403,12:35:00,7.0,Average,3.0,Completed
6456.0,18.0,Amaka Obi,860.0,2024-11-21 20:22:15.403,18:54:00,15.0,Average,3.0,Completed
6457.0,18.0,Amaka Obi,860.0,2024-03-09 20:22:15.403,09:36:00,3.0,Average,3.0,Completed
6458.0,18.0,Amaka Obi,860.0,2024-05-31 20:22:15.403,08:04:00,17.0,Very Poor,1.0,Completed
6459.0,18.0,Amaka Obi,860.0,2024-06-22 20:22:15.403,12:48:00,21.0,Excellent,5.0,Completed
6460.0,18.0,Amaka Obi,860.0,2024-08-19 20:22:15.403,08:11:00,10.0,Good,4.0,Completed
6461.0,17.0,Rasheed Lawal,861.0,2025-02-27 20:22:15.403,14:00:00,21.0,Poor,2.0,Completed
6462.0,17.0,Rasheed Lawal,861.0,2024-10-25 20:22:15.403,13:42:00,1.0,Very Poor,1.0,Completed
6463.0,17.0,Rasheed Lawal,861.0,2024-09-06 20:22:15.403,11:07:00,14.0,Excellent,5.0,Completed
6464.0,17.0,Rasheed Lawal,861.0,2024-12-28 20:22:15.403,12:24:00,11.0,Very Poor,1.0,Completed
6465.0,17.0,Rasheed Lawal,861.0,2025-03-02 20:22:15.403,12:59:00,26.0,Average,3.0,Completed
6466.0,17.0,Rasheed Lawal,861.0,2024-08-07 20:22:15.403,09:55:00,23.0,Average,3.0,Completed
6467.0,15.0,Gbenga Adesina,862.0,2024-03-21 20:22:15.403,18:40:00,25.0,Excellent,5.0,Completed
6468.0,15.0,Gbenga Adesina,862.0,2024-03-25 20:22:15.403,17:16:00,21.0,Very Poor,1.0,Completed
6469.0,15.0,Gbenga Adesina,862.0,2025-02-06 20:22:15.403,12:53:00,5.0,Average,3.0,Completed
6470.0,15.0,Gbenga Adesina,862.0,2024-10-21 20:22:15.403,16:28:00,12.0,Poor,2.0,Completed
6471.0,15.0,Gbenga Adesina,862.0,2024-09-12 20:22:15.403,09:31:00,24.0,Good,4.0,Completed
6472.0,15.0,Gbenga Adesina,862.0,2024-12-13 20:22:15.403,09:40:00,10.0,Average,3.0,Completed
6473.0,11.0,Kemi Adebanjo,863.0,2024-10-21 20:22:15.403,14:48:00,5.0,Good,4.0,Completed
6474.0,11.0,Kemi Adebanjo,863.0,2024-05-27 20:22:15.403,08:37:00,18.0,Very Poor,1.0,Completed
6475.0,11.0,Kemi Adebanjo,863.0,2024-11-14 20:22:15.403,18:17:00,21.0,Excellent,5.0,Completed
6476.0,11.0,Kemi Adebanjo,863.0,2024-04-26 20:22:15.403,16:33:00,8.0,Average,3.0,Completed
6477.0,11.0,Kemi Adebanjo,863.0,2024-09-22 20:22:15.403,18:27:00,4.0,Poor,2.0,Completed
6478.0,11.0,Kemi Adebanjo,863.0,2024-05-14 20:22:15.403,17:19:00,2.0,Average,3.0,Completed
6479.0,11.0,Kemi Adebanjo,863.0,2024-10-14 20:22:15.403,11:10:00,6.0,Poor,2.0,Completed
6480.0,11.0,Kemi Adebanjo,863.0,2024-08-18 20:22:15.403,08:59:00,5.0,Average,3.0,Completed
6481.0,20.0,Adewale Ogunleye,864.0,2024-10-30 20:22:15.403,11:23:00,5.0,Excellent,5.0,Completed
6482.0,20.0,Adewale Ogunleye,864.0,2024-03-16 20:22:15.403,13:55:00,16.0,Average,3.0,Completed
6483.0,20.0,Adewale Ogunleye,864.0,2024-05-30 20:22:15.403,16:15:00,3.0,Very Poor,1.0,Completed
6484.0,20.0,Adewale Ogunleye,864.0,2025-02-19 20:22:15.403,12:15:00,19.0,Very Poor,1.0,Completed
6485.0,20.0,Adewale Ogunleye,864.0,2024-07-30 20:22:15.403,19:05:00,14.0,Very Poor,1.0,Completed
6486.0,20.0,Adewale Ogunleye,864.0,2024-12-14 20:22:15.403,18:52:00,25.0,Poor,2.0,Completed
6487.0,18.0,Amaka Obi,865.0,2024-10-01 20:22:15.403,18:49:00,11.0,Excellent,5.0,Completed
6488.0,18.0,Amaka Obi,865.0,2024-08-21 20:22:15.403,19:13:00,22.0,Average,3.0,Completed
6489.0,18.0,Amaka Obi,865.0,2024-11-23 20:22:15.403,15:27:00,4.0,Poor,2.0,Completed
6490.0,18.0,Amaka Obi,865.0,2024-10-12 20:22:15.403,08:12:00,11.0,Average,3.0,Completed
6491.0,18.0,Amaka Obi,865.0,2024-10-23 20:22:15.403,12:56:00,1.0,Very Poor,1.0,Completed
6492.0,18.0,Amaka Obi,865.0,2024-08-24 20:22:15.403,12:03:00,4.0,Average,3.0,Completed
6493.0,18.0,Amaka Obi,865.0,2024-09-15 20:22:15.403,13:15:00,26.0,Good,4.0,Completed
6494.0,18.0,Amaka Obi,865.0,2024-03-30 20:22:15.403,16:21:00,28.0,Average,3.0,Completed
6495.0,18.0,Amaka Obi,865.0,2024-08-24 20:22:15.403,13:55:00,24.0,Average,3.0,Completed
6496.0,18.0,Amaka Obi,865.0,2024-04-01 20:22:15.403,12:17:00,2.0,Very Poor,1.0,Completed
6497.0,4.0,Aisha Mohammed,866.0,2024-04-23 20:22:15.403,16:18:00,9.0,Excellent,5.0,Completed
6498.0,4.0,Aisha Mohammed,866.0,2024-12-23 20:22:15.403,09:57:00,10.0,Poor,2.0,Completed
6499.0,4.0,Aisha Mohammed,866.0,2024-07-24 20:22:15.403,12:29:00,5.0,Excellent,5.0,Completed
6500.0,4.0,Aisha Mohammed,866.0,2024-11-20 20:22:15.403,08:22:00,19.0,Poor,2.0,Completed
6501.0,4.0,Aisha Mohammed,866.0,2024-10-21 20:22:15.403,13:00:00,12.0,Poor,2.0,Completed
6502.0,4.0,Aisha Mohammed,866.0,2024-08-18 20:22:15.403,15:01:00,8.0,Excellent,5.0,Completed
6503.0,4.0,Aisha Mohammed,866.0,2024-04-22 20:22:15.403,11:30:00,25.0,Very Poor,1.0,Completed
6504.0,4.0,Aisha Mohammed,866.0,2024-09-28 20:22:15.403,14:06:00,7.0,Average,3.0,Completed
6505.0,4.0,Aisha Mohammed,866.0,2024-10-08 20:22:15.403,12:43:00,27.0,Very Poor,1.0,Completed
6506.0,4.0,Aisha Mohammed,866.0,2024-03-16 20:22:15.403,11:46:00,4.0,Very Poor,1.0,Completed
6507.0,15.0,Gbenga Adesina,867.0,2024-06-18 20:22:15.403,08:12:00,2.0,Good,4.0,Completed
6508.0,15.0,Gbenga Adesina,867.0,2024-06-12 20:22:15.403,16:12:00,19.0,Average,3.0,Completed
6509.0,15.0,Gbenga Adesina,867.0,2024-09-26 20:22:15.403,16:33:00,15.0,Excellent,5.0,Completed
6510.0,15.0,Gbenga Adesina,867.0,2024-07-30 20:22:15.403,18:52:00,29.0,Average,3.0,Completed
6511.0,15.0,Gbenga Adesina,867.0,2024-11-09 20:22:15.403,11:05:00,11.0,Good,4.0,Completed
6512.0,2.0,Chioma Nwosu,868.0,2024-03-23 20:22:15.403,14:10:00,24.0,Average,3.0,Completed
6513.0,2.0,Chioma Nwosu,868.0,2024-03-27 20:22:15.403,18:09:00,29.0,Average,3.0,Completed
6514.0,2.0,Chioma Nwosu,868.0,2025-02-25 20:22:15.403,14:38:00,18.0,Good,4.0,Completed
6515.0,2.0,Chioma Nwosu,868.0,2024-11-16 20:22:15.403,17:52:00,27.0,Good,4.0,Completed
6516.0,2.0,Chioma Nwosu,868.0,2024-07-18 20:22:15.403,19:57:00,16.0,Good,4.0,Completed
6517.0,5.0,Obinna Eze,869.0,2024-11-16 20:22:15.403,13:36:00,17.0,Average,3.0,Completed
6518.0,5.0,Obinna Eze,869.0,2024-06-26 20:22:15.403,15:14:00,9.0,Good,4.0,Completed
6519.0,5.0,Obinna Eze,869.0,2024-12-31 20:22:15.403,12:15:00,21.0,Poor,2.0,Completed
6520.0,5.0,Obinna Eze,869.0,2024-07-29 20:22:15.403,17:41:00,5.0,Very Poor,1.0,Completed
6521.0,5.0,Obinna Eze,869.0,2024-06-14 20:22:15.403,17:18:00,8.0,Very Poor,1.0,Completed
6522.0,5.0,Obinna Eze,869.0,2024-08-18 20:22:15.403,13:23:00,23.0,Very Poor,1.0,Completed
6523.0,5.0,Obinna Eze,869.0,2024-05-10 20:22:15.403,17:51:00,26.0,Good,4.0,Completed
6524.0,1.0,Emeka Okafor,870.0,2024-03-23 20:22:15.403,15:33:00,11.0,Excellent,5.0,Completed
6525.0,1.0,Emeka Okafor,870.0,2024-10-30 20:22:15.403,13:39:00,19.0,Average,3.0,Completed
6526.0,1.0,Emeka Okafor,870.0,2024-04-30 20:22:15.403,19:08:00,16.0,Poor,2.0,Completed
6527.0,1.0,Emeka Okafor,870.0,2024-09-12 20:22:15.403,10:15:00,2.0,Excellent,5.0,Completed
6528.0,1.0,Emeka Okafor,870.0,2024-11-05 20:22:15.403,19:21:00,24.0,Poor,2.0,Completed
6529.0,16.0,Chika Umeh,871.0,2024-04-17 20:22:15.403,09:52:00,9.0,Very Poor,1.0,Completed
6530.0,16.0,Chika Umeh,871.0,2024-12-06 20:22:15.403,12:36:00,16.0,Average,3.0,Completed
6531.0,16.0,Chika Umeh,871.0,2024-04-12 20:22:15.403,16:48:00,15.0,Poor,2.0,Completed
6532.0,16.0,Chika Umeh,871.0,2024-08-22 20:22:15.403,10:34:00,19.0,Average,3.0,Completed
6533.0,16.0,Chika Umeh,871.0,2024-11-22 20:22:15.403,09:08:00,,,,Voicemail
6534.0,16.0,Chika Umeh,871.0,2024-07-13 20:22:15.403,18:41:00,,,,Busy
6535.0,16.0,Chika Umeh,871.0,2024-04-23 20:22:15.403,12:25:00,,,,Busy
6536.0,16.0,Chika Umeh,871.0,2025-01-08 20:22:15.403,15:06:00,,,,Voicemail
6537.0,16.0,Chika Umeh,871.0,2024-09-10 20:22:15.403,16:38:00,12.0,Poor,2.0,Completed
6538.0,16.0,Chika Umeh,871.0,2024-06-29 20:22:15.403,10:10:00,,,,Voicemail
6539.0,11.0,Kemi Adebanjo,872.0,2024-12-19 20:22:15.403,09:06:00,,,,Busy
6540.0,11.0,Kemi Adebanjo,872.0,2025-02-22 20:22:15.403,08:32:00,29.0,Excellent,5.0,Completed
6541.0,11.0,Kemi Adebanjo,872.0,2024-08-24 20:22:15.403,16:03:00,,,,Voicemail
6542.0,11.0,Kemi Adebanjo,872.0,2025-03-05 20:22:15.403,14:59:00,,,,No Answer
6543.0,11.0,Kemi Adebanjo,872.0,2025-01-31 20:22:15.403,18:41:00,,,,Busy
6544.0,11.0,Kemi Adebanjo,872.0,2024-06-10 20:22:15.403,14:50:00,,,,Voicemail
6545.0,11.0,Kemi Adebanjo,872.0,2025-01-19 20:22:15.403,15:53:00,,,,Busy
6546.0,16.0,Chika Umeh,873.0,2024-07-04 20:22:15.403,08:39:00,,,,Voicemail
6547.0,16.0,Chika Umeh,873.0,2024-09-22 20:22:15.403,16:20:00,,,,No Answer
6548.0,16.0,Chika Umeh,873.0,2024-08-18 20:22:15.403,14:41:00,,,,Busy
6549.0,16.0,Chika Umeh,873.0,2024-09-03 20:22:15.403,17:43:00,,,,Voicemail
6550.0,16.0,Chika Umeh,873.0,2025-02-08 20:22:15.403,16:58:00,,,,Busy
6551.0,16.0,Chika Umeh,873.0,2024-10-07 20:22:15.403,10:37:00,,,,No Answer
6552.0,20.0,Adewale Ogunleye,874.0,2024-04-28 20:22:15.403,18:55:00,,,,No Answer
6553.0,20.0,Adewale Ogunleye,874.0,2025-02-24 20:22:15.403,14:00:00,,,,Busy
6554.0,20.0,Adewale Ogunleye,874.0,2024-08-02 20:22:15.403,12:09:00,,,,Voicemail
6555.0,20.0,Adewale Ogunleye,874.0,2024-12-07 20:22:15.403,18:56:00,28.0,Poor,2.0,Completed
6556.0,20.0,Adewale Ogunleye,874.0,2024-12-23 20:22:15.403,17:50:00,,,,No Answer
6557.0,20.0,Adewale Ogunleye,874.0,2024-11-24 20:22:15.403,09:01:00,,,,Busy
6558.0,11.0,Kemi Adebanjo,875.0,2025-02-28 20:22:15.403,17:01:00,,,,Busy
6559.0,11.0,Kemi Adebanjo,875.0,2024-10-12 20:22:15.403,09:32:00,,,,Voicemail
6560.0,11.0,Kemi Adebanjo,875.0,2024-08-25 20:22:15.403,18:15:00,,,,No Answer
6561.0,11.0,Kemi Adebanjo,875.0,2024-04-17 20:22:15.403,10:44:00,,,,No Answer
6562.0,11.0,Kemi Adebanjo,875.0,2024-11-15 20:22:15.403,09:58:00,11.0,Good,4.0,Completed
6563.0,11.0,Kemi Adebanjo,875.0,2024-12-22 20:22:15.403,19:05:00,,,,Busy
6564.0,11.0,Kemi Adebanjo,875.0,2024-06-05 20:22:15.403,19:24:00,,,,Voicemail
6565.0,11.0,Kemi Adebanjo,875.0,2024-09-28 20:22:15.403,08:21:00,,,,Voicemail
6566.0,11.0,Kemi Adebanjo,875.0,2024-11-21 20:22:15.403,17:33:00,,,,Busy
6567.0,11.0,Kemi Adebanjo,875.0,2025-01-01 20:22:15.403,18:40:00,2.0,Poor,2.0,Completed
6568.0,2.0,Chioma Nwosu,876.0,2024-05-29 20:22:15.403,11:37:00,,,,Voicemail
6569.0,2.0,Chioma Nwosu,876.0,2024-07-07 20:22:15.403,12:26:00,,,,Busy
6570.0,2.0,Chioma Nwosu,876.0,2024-09-16 20:22:15.403,12:15:00,,,,Busy
6571.0,2.0,Chioma Nwosu,876.0,2024-08-15 20:22:15.403,10:02:00,,,,Busy
6572.0,2.0,Chioma Nwosu,876.0,2025-01-17 20:22:15.403,16:28:00,,,,Busy
6573.0,2.0,Chioma Nwosu,876.0,2025-03-01 20:22:15.403,18:49:00,,,,Voicemail
6574.0,2.0,Chioma Nwosu,876.0,2025-01-23 20:22:15.403,13:47:00,15.0,Very Poor,1.0,Completed
6575.0,2.0,Chioma Nwosu,876.0,2025-01-19 20:22:15.403,09:29:00,,,,Busy
6576.0,10.0,Chinedu Opara,877.0,2024-04-14 20:22:15.403,09:43:00,,,,Voicemail
6577.0,10.0,Chinedu Opara,877.0,2024-11-23 20:22:15.403,16:38:00,,,,Voicemail
6578.0,10.0,Chinedu Opara,877.0,2024-11-04 20:22:15.403,16:36:00,,,,No Answer
6579.0,10.0,Chinedu Opara,877.0,2025-02-18 20:22:15.403,13:14:00,,,,No Answer
6580.0,10.0,Chinedu Opara,877.0,2024-08-21 20:22:15.403,19:17:00,,,,No Answer
6581.0,10.0,Chinedu Opara,877.0,2024-09-20 20:22:15.403,08:54:00,17.0,Very Poor,1.0,Completed
6582.0,10.0,Chinedu Opara,877.0,2025-03-06 20:22:15.403,15:05:00,,,,No Answer
6583.0,10.0,Chinedu Opara,877.0,2024-09-01 20:22:15.403,14:16:00,,,,No Answer
6584.0,11.0,Kemi Adebanjo,878.0,2024-09-26 20:22:15.403,18:38:00,25.0,Average,3.0,Completed
6585.0,11.0,Kemi Adebanjo,878.0,2024-05-09 20:22:15.403,15:21:00,15.0,Good,4.0,Completed
6586.0,11.0,Kemi Adebanjo,878.0,2025-01-28 20:22:15.403,19:10:00,,,,Busy
6587.0,11.0,Kemi Adebanjo,878.0,2024-08-17 20:22:15.403,11:27:00,,,,Voicemail
6588.0,11.0,Kemi Adebanjo,878.0,2024-05-13 20:22:15.403,11:33:00,23.0,Poor,2.0,Completed
6589.0,15.0,Gbenga Adesina,879.0,2024-07-31 20:22:15.403,15:25:00,,,,Voicemail
6590.0,15.0,Gbenga Adesina,879.0,2025-01-31 20:22:15.403,11:01:00,,,,Voicemail
6591.0,15.0,Gbenga Adesina,879.0,2024-05-26 20:22:15.403,09:13:00,,,,Busy
6592.0,15.0,Gbenga Adesina,879.0,2024-04-20 20:22:15.403,11:24:00,12.0,Excellent,5.0,Completed
6593.0,15.0,Gbenga Adesina,879.0,2024-04-22 20:22:15.403,17:33:00,18.0,Poor,2.0,Completed
6594.0,15.0,Gbenga Adesina,879.0,2024-11-28 20:22:15.403,14:52:00,,,,No Answer
6595.0,15.0,Gbenga Adesina,879.0,2024-08-08 20:22:15.403,08:18:00,11.0,Poor,2.0,Completed
6596.0,15.0,Gbenga Adesina,879.0,2024-08-18 20:22:15.403,13:32:00,,,,Voicemail
6597.0,15.0,Gbenga Adesina,879.0,2024-04-02 20:22:15.403,16:23:00,,,,Busy
6598.0,15.0,Gbenga Adesina,879.0,2024-04-08 20:22:15.403,10:42:00,,,,Busy
6599.0,7.0,Segun Oladipo,880.0,2024-06-26 20:22:15.403,13:14:00,,,,Busy
6600.0,7.0,Segun Oladipo,880.0,2024-09-06 20:22:15.403,18:10:00,22.0,Poor,2.0,Completed
6601.0,7.0,Segun Oladipo,880.0,2024-07-21 20:22:15.403,17:24:00,1.0,Poor,2.0,Completed
6602.0,7.0,Segun Oladipo,880.0,2025-03-06 20:22:15.403,13:05:00,,,,Voicemail
6603.0,7.0,Segun Oladipo,880.0,2024-10-23 20:22:15.403,19:22:00,10.0,Good,4.0,Completed
6604.0,7.0,Segun Oladipo,880.0,2024-08-27 20:22:15.403,13:25:00,,,,Busy
6605.0,7.0,Segun Oladipo,880.0,2024-07-11 20:22:15.403,10:43:00,,,,No Answer
6606.0,19.0,Felix Odion,881.0,2024-06-19 20:22:15.403,16:38:00,11.0,Very Poor,1.0,Completed
6607.0,19.0,Felix Odion,881.0,2024-08-03 20:22:15.403,13:55:00,,,,Busy
6608.0,19.0,Felix Odion,881.0,2024-09-20 20:22:15.403,11:17:00,,,,Voicemail
6609.0,19.0,Felix Odion,881.0,2024-05-06 20:22:15.403,16:16:00,,,,Voicemail
6610.0,19.0,Felix Odion,881.0,2024-11-17 20:22:15.403,08:02:00,,,,Busy
6611.0,19.0,Felix Odion,881.0,2024-05-23 20:22:15.403,08:23:00,,,,No Answer
6612.0,19.0,Felix Odion,881.0,2024-08-12 20:22:15.403,17:06:00,,,,No Answer
6613.0,19.0,Felix Odion,881.0,2024-10-15 20:22:15.403,08:33:00,,,,Busy
6614.0,19.0,Felix Odion,881.0,2024-10-30 20:22:15.403,09:29:00,,,,Busy
6615.0,19.0,Felix Odion,881.0,2024-09-08 20:22:15.403,09:43:00,29.0,Average,3.0,Completed
6616.0,13.0,Bola Akinwunmi,882.0,2024-06-24 20:22:15.403,18:40:00,,,,Busy
6617.0,13.0,Bola Akinwunmi,882.0,2024-12-31 20:22:15.403,11:25:00,,,,Voicemail
6618.0,13.0,Bola Akinwunmi,882.0,2024-11-27 20:22:15.403,12:53:00,,,,Voicemail
6619.0,13.0,Bola Akinwunmi,882.0,2024-05-04 20:22:15.403,12:16:00,,,,No Answer
6620.0,13.0,Bola Akinwunmi,882.0,2024-05-08 20:22:15.403,19:45:00,,,,Voicemail
6621.0,13.0,Bola Akinwunmi,882.0,2024-06-09 20:22:15.403,08:48:00,,,,No Answer
6622.0,13.0,Bola Akinwunmi,882.0,2024-06-24 20:22:15.403,19:12:00,,,,No Answer
6623.0,13.0,Bola Akinwunmi,882.0,2025-01-23 20:22:15.403,08:04:00,7.0,Poor,2.0,Completed
6624.0,12.0,Yakubu Bello,883.0,2025-02-13 20:22:15.403,18:00:00,,,,Busy
6625.0,12.0,Yakubu Bello,883.0,2025-01-23 20:22:15.403,16:13:00,,,,No Answer
6626.0,12.0,Yakubu Bello,883.0,2024-07-16 20:22:15.403,16:39:00,,,,Voicemail
6627.0,12.0,Yakubu Bello,883.0,2024-09-07 20:22:15.403,19:36:00,,,,Busy
6628.0,12.0,Yakubu Bello,883.0,2024-09-07 20:22:15.403,15:09:00,,,,Busy
6629.0,18.0,Amaka Obi,884.0,2024-04-15 20:22:15.403,10:04:00,,,,No Answer
6630.0,18.0,Amaka Obi,884.0,2025-02-11 20:22:15.403,10:45:00,,,,No Answer
6631.0,18.0,Amaka Obi,884.0,2025-01-18 20:22:15.403,17:10:00,19.0,Good,4.0,Completed
6632.0,18.0,Amaka Obi,884.0,2024-06-29 20:22:15.403,15:33:00,7.0,Good,4.0,Completed
6633.0,18.0,Amaka Obi,884.0,2024-11-21 20:22:15.403,13:55:00,,,,Busy
6634.0,18.0,Amaka Obi,884.0,2024-12-19 20:22:15.403,13:20:00,,,,No Answer
6635.0,18.0,Amaka Obi,884.0,2025-01-29 20:22:15.403,11:20:00,,,,Busy
6636.0,18.0,Amaka Obi,884.0,2024-06-14 20:22:15.403,17:27:00,,,,No Answer
6637.0,14.0,Zainab Suleiman,885.0,2024-09-14 20:22:15.403,14:44:00,,,,Busy
6638.0,14.0,Zainab Suleiman,885.0,2024-05-28 20:22:15.403,10:02:00,,,,Busy
6639.0,14.0,Zainab Suleiman,885.0,2025-01-31 20:22:15.403,19:26:00,,,,No Answer
6640.0,14.0,Zainab Suleiman,885.0,2024-08-15 20:22:15.403,08:24:00,,,,No Answer
6641.0,14.0,Zainab Suleiman,885.0,2024-09-14 20:22:15.403,10:39:00,,,,Voicemail
6642.0,11.0,Kemi Adebanjo,886.0,2024-04-03 20:22:15.403,18:24:00,,,,No Answer
6643.0,11.0,Kemi Adebanjo,886.0,2024-11-02 20:22:15.403,15:13:00,,,,Voicemail
6644.0,11.0,Kemi Adebanjo,886.0,2024-10-17 20:22:15.403,17:33:00,18.0,Very Poor,1.0,Completed
6645.0,11.0,Kemi Adebanjo,886.0,2024-08-01 20:22:15.403,18:04:00,26.0,Average,3.0,Completed
6646.0,11.0,Kemi Adebanjo,886.0,2025-01-20 20:22:15.403,15:54:00,14.0,Excellent,5.0,Completed
6647.0,11.0,Kemi Adebanjo,886.0,2024-03-28 20:22:15.403,19:53:00,,,,Voicemail
6648.0,11.0,Kemi Adebanjo,886.0,2024-04-19 20:22:15.403,19:53:00,,,,Voicemail
6649.0,11.0,Kemi Adebanjo,886.0,2024-04-05 20:22:15.403,08:06:00,22.0,Very Poor,1.0,Completed
6650.0,16.0,Chika Umeh,887.0,2024-09-18 20:22:15.403,14:45:00,,,,Voicemail
6651.0,16.0,Chika Umeh,887.0,2024-07-25 20:22:15.403,13:16:00,,,,No Answer
6652.0,16.0,Chika Umeh,887.0,2024-12-29 20:22:15.403,13:26:00,,,,Busy
6653.0,16.0,Chika Umeh,887.0,2025-01-30 20:22:15.403,18:23:00,,,,Voicemail
6654.0,16.0,Chika Umeh,887.0,2025-01-13 20:22:15.403,14:46:00,,,,Busy
6655.0,16.0,Chika Umeh,887.0,2024-12-05 20:22:15.403,15:03:00,,,,Busy
6656.0,16.0,Chika Umeh,887.0,2024-05-07 20:22:15.403,08:26:00,,,,No Answer
6657.0,10.0,Chinedu Opara,888.0,2025-03-06 20:22:15.403,17:19:00,,,,Voicemail
6658.0,10.0,Chinedu Opara,888.0,2025-02-03 20:22:15.403,19:55:00,,,,Busy
6659.0,10.0,Chinedu Opara,888.0,2024-07-09 20:22:15.403,14:43:00,,,,No Answer
6660.0,10.0,Chinedu Opara,888.0,2024-12-14 20:22:15.403,13:38:00,,,,No Answer
6661.0,10.0,Chinedu Opara,888.0,2024-11-25 20:22:15.403,08:08:00,,,,Voicemail
6662.0,10.0,Chinedu Opara,888.0,2025-02-15 20:22:15.403,18:00:00,21.0,Good,4.0,Completed
6663.0,10.0,Chinedu Opara,888.0,2024-07-05 20:22:15.403,12:36:00,,,,Busy
6664.0,10.0,Chinedu Opara,888.0,2025-02-19 20:22:15.403,18:46:00,16.0,Very Poor,1.0,Completed
6665.0,10.0,Chinedu Opara,888.0,2024-09-25 20:22:15.403,18:38:00,8.0,Average,3.0,Completed
6666.0,10.0,Chinedu Opara,888.0,2024-06-13 20:22:15.403,11:09:00,,,,Busy
6667.0,17.0,Rasheed Lawal,889.0,2024-11-18 20:22:15.403,18:50:00,,,,Busy
6668.0,17.0,Rasheed Lawal,889.0,2024-05-11 20:22:15.403,10:44:00,,,,No Answer
6669.0,17.0,Rasheed Lawal,889.0,2024-07-06 20:22:15.403,15:33:00,,,,No Answer
6670.0,17.0,Rasheed Lawal,889.0,2024-12-12 20:22:15.403,12:29:00,,,,Voicemail
6671.0,17.0,Rasheed Lawal,889.0,2024-10-06 20:22:15.403,09:11:00,,,,Voicemail
6672.0,9.0,Ibrahim Danjuma,890.0,2024-03-08 20:22:15.403,18:33:00,,,,Busy
6673.0,9.0,Ibrahim Danjuma,890.0,2024-06-23 20:22:15.403,10:44:00,,,,Busy
6674.0,9.0,Ibrahim Danjuma,890.0,2024-10-11 20:22:15.403,08:19:00,,,,No Answer
6675.0,9.0,Ibrahim Danjuma,890.0,2024-12-19 20:22:15.403,19:43:00,,,,No Answer
6676.0,9.0,Ibrahim Danjuma,890.0,2024-05-24 20:22:15.403,16:44:00,,,,No Answer
6677.0,9.0,Ibrahim Danjuma,890.0,2024-08-05 20:22:15.403,17:09:00,,,,Busy
6678.0,14.0,Zainab Suleiman,891.0,2024-04-26 20:22:15.403,15:05:00,,,,Busy
6679.0,14.0,Zainab Suleiman,891.0,2024-09-01 20:22:15.403,14:49:00,,,,Voicemail
6680.0,14.0,Zainab Suleiman,891.0,2025-02-04 20:22:15.403,17:58:00,,,,Busy
6681.0,14.0,Zainab Suleiman,891.0,2024-10-13 20:22:15.403,17:19:00,,,,No Answer
6682.0,14.0,Zainab Suleiman,891.0,2025-01-08 20:22:15.403,18:20:00,,,,No Answer
6683.0,14.0,Zainab Suleiman,891.0,2024-11-12 20:22:15.403,08:00:00,,,,Busy
6684.0,14.0,Zainab Suleiman,891.0,2024-03-24 20:22:15.403,14:43:00,27.0,Good,4.0,Completed
6685.0,14.0,Zainab Suleiman,891.0,2024-08-17 20:22:15.403,11:56:00,,,,Busy
6686.0,6.0,Funke Adeyemi,892.0,2024-06-18 20:22:15.403,17:46:00,,,,Voicemail
6687.0,6.0,Funke Adeyemi,892.0,2024-04-01 20:22:15.403,19:30:00,,,,No Answer
6688.0,6.0,Funke Adeyemi,892.0,2024-04-23 20:22:15.403,18:50:00,,,,Voicemail
6689.0,6.0,Funke Adeyemi,892.0,2024-03-17 20:22:15.403,14:08:00,,,,Voicemail
6690.0,6.0,Funke Adeyemi,892.0,2024-08-25 20:22:15.403,15:59:00,,,,Voicemail
6691.0,6.0,Funke Adeyemi,892.0,2024-10-06 20:22:15.403,17:00:00,21.0,Very Poor,1.0,Completed
6692.0,6.0,Funke Adeyemi,892.0,2025-01-27 20:22:15.403,09:53:00,,,,Voicemail
6693.0,6.0,Funke Adeyemi,892.0,2024-09-03 20:22:15.403,16:59:00,,,,Busy
6694.0,15.0,Gbenga Adesina,893.0,2024-08-20 20:22:15.403,17:14:00,,,,Busy
6695.0,15.0,Gbenga Adesina,893.0,2024-10-24 20:22:15.403,11:07:00,,,,Busy
6696.0,15.0,Gbenga Adesina,893.0,2024-11-05 20:22:15.403,14:19:00,,,,No Answer
6697.0,15.0,Gbenga Adesina,893.0,2024-12-27 20:22:15.403,14:07:00,26.0,Good,4.0,Completed
6698.0,15.0,Gbenga Adesina,893.0,2024-04-30 20:22:15.403,10:09:00,,,,No Answer
6699.0,15.0,Gbenga Adesina,893.0,2024-09-08 20:22:15.403,09:44:00,,,,No Answer
6700.0,15.0,Gbenga Adesina,893.0,2024-08-06 20:22:15.403,17:05:00,,,,Voicemail
6701.0,15.0,Gbenga Adesina,893.0,2024-05-20 20:22:15.403,13:57:00,,,,Voicemail
6702.0,15.0,Gbenga Adesina,893.0,2024-09-03 20:22:15.403,09:46:00,,,,Busy
6703.0,15.0,Gbenga Adesina,893.0,2024-06-01 20:22:15.403,18:59:00,12.0,Very Poor,1.0,Completed
6704.0,17.0,Rasheed Lawal,894.0,2024-07-10 20:22:15.403,11:04:00,21.0,Average,3.0,Completed
6705.0,17.0,Rasheed Lawal,894.0,2024-05-05 20:22:15.403,09:30:00,11.0,Average,3.0,Completed
6706.0,17.0,Rasheed Lawal,894.0,2024-12-06 20:22:15.403,15:02:00,4.0,Excellent,5.0,Completed
6707.0,17.0,Rasheed Lawal,894.0,2024-04-10 20:22:15.403,10:02:00,,,,No Answer
6708.0,17.0,Rasheed Lawal,894.0,2024-12-19 20:22:15.403,17:31:00,,,,Voicemail
6709.0,17.0,Rasheed Lawal,894.0,2024-06-30 20:22:15.403,08:45:00,,,,No Answer
6710.0,17.0,Rasheed Lawal,894.0,2025-02-28 20:22:15.403,12:45:00,,,,No Answer
6711.0,17.0,Rasheed Lawal,894.0,2024-08-14 20:22:15.403,19:39:00,,,,Voicemail
6712.0,17.0,Rasheed Lawal,894.0,2025-02-20 20:22:15.403,16:44:00,,,,Busy
6713.0,4.0,Aisha Mohammed,895.0,2024-12-16 20:22:15.403,11:14:00,28.0,Average,3.0,Completed
6714.0,4.0,Aisha Mohammed,895.0,2024-09-26 20:22:15.403,16:14:00,,,,Busy
6715.0,4.0,Aisha Mohammed,895.0,2024-12-05 20:22:15.403,13:15:00,,,,No Answer
6716.0,4.0,Aisha Mohammed,895.0,2024-10-15 20:22:15.403,15:36:00,,,,Busy
6717.0,4.0,Aisha Mohammed,895.0,2024-11-16 20:22:15.403,15:23:00,,,,Busy
6718.0,4.0,Aisha Mohammed,895.0,2025-02-13 20:22:15.403,12:53:00,,,,Busy
6719.0,4.0,Aisha Mohammed,895.0,2024-12-14 20:22:15.403,15:17:00,,,,Voicemail
6720.0,4.0,Aisha Mohammed,895.0,2024-11-08 20:22:15.403,17:03:00,,,,Busy
6721.0,4.0,Aisha Mohammed,895.0,2024-07-13 20:22:15.403,14:48:00,,,,No Answer
6722.0,4.0,Aisha Mohammed,895.0,2024-09-11 20:22:15.403,14:45:00,21.0,Very Poor,1.0,Completed
6723.0,18.0,Amaka Obi,896.0,2024-05-26 20:22:15.403,13:20:00,24.0,Very Poor,1.0,Completed
6724.0,18.0,Amaka Obi,896.0,2024-03-11 20:22:15.403,18:49:00,,,,No Answer
6725.0,18.0,Amaka Obi,896.0,2025-02-01 20:22:15.403,10:02:00,27.0,Good,4.0,Completed
6726.0,18.0,Amaka Obi,896.0,2024-04-01 20:22:15.403,18:38:00,,,,Busy
6727.0,18.0,Amaka Obi,896.0,2024-03-28 20:22:15.403,15:18:00,21.0,Excellent,5.0,Completed
6728.0,18.0,Amaka Obi,896.0,2024-09-30 20:22:15.403,19:58:00,,,,Busy
6729.0,18.0,Amaka Obi,896.0,2024-05-30 20:22:15.403,16:13:00,20.0,Good,4.0,Completed
6730.0,18.0,Amaka Obi,896.0,2025-01-13 20:22:15.403,15:42:00,,,,No Answer
6731.0,18.0,Amaka Obi,896.0,2024-07-09 20:22:15.403,10:27:00,2.0,Average,3.0,Completed
6732.0,18.0,Amaka Obi,896.0,2024-10-31 20:22:15.403,09:09:00,,,,Busy
6733.0,20.0,Adewale Ogunleye,897.0,2024-05-14 20:22:15.403,16:45:00,,,,Busy
6734.0,20.0,Adewale Ogunleye,897.0,2024-10-16 20:22:15.403,08:16:00,,,,Voicemail
6735.0,20.0,Adewale Ogunleye,897.0,2024-03-28 20:22:15.403,14:11:00,,,,Voicemail
6736.0,20.0,Adewale Ogunleye,897.0,2024-06-21 20:22:15.403,15:25:00,8.0,Very Poor,1.0,Completed
6737.0,20.0,Adewale Ogunleye,897.0,2024-07-25 20:22:15.403,16:05:00,12.0,Good,4.0,Completed
6738.0,20.0,Adewale Ogunleye,897.0,2024-08-29 20:22:15.403,08:33:00,,,,Voicemail
6739.0,20.0,Adewale Ogunleye,897.0,2024-06-25 20:22:15.403,17:36:00,1.0,Poor,2.0,Completed
6740.0,20.0,Adewale Ogunleye,897.0,2024-07-31 20:22:15.403,13:14:00,,,,No Answer
6741.0,20.0,Adewale Ogunleye,897.0,2024-04-06 20:22:15.403,10:55:00,,,,Voicemail
6742.0,20.0,Adewale Ogunleye,897.0,2025-01-01 20:22:15.403,11:08:00,,,,Voicemail
6743.0,10.0,Chinedu Opara,898.0,2024-06-26 20:22:15.403,12:04:00,,,,Busy
6744.0,10.0,Chinedu Opara,898.0,2024-06-02 20:22:15.403,09:39:00,,,,No Answer
6745.0,10.0,Chinedu Opara,898.0,2024-03-12 20:22:15.403,15:13:00,,,,Busy
6746.0,10.0,Chinedu Opara,898.0,2024-03-08 20:22:15.403,18:56:00,,,,Busy
6747.0,10.0,Chinedu Opara,898.0,2024-11-26 20:22:15.403,13:31:00,,,,Voicemail
6748.0,10.0,Chinedu Opara,898.0,2024-03-12 20:22:15.403,15:55:00,,,,Busy
6749.0,10.0,Chinedu Opara,898.0,2025-02-11 20:22:15.403,19:02:00,,,,Busy
6750.0,16.0,Chika Umeh,899.0,2024-10-15 20:22:15.403,17:12:00,1.0,Excellent,5.0,Completed
6751.0,16.0,Chika Umeh,899.0,2024-12-18 20:22:15.403,17:30:00,12.0,Good,4.0,Completed
6752.0,16.0,Chika Umeh,899.0,2024-06-11 20:22:15.403,11:13:00,,,,No Answer
6753.0,16.0,Chika Umeh,899.0,2024-09-20 20:22:15.403,14:56:00,,,,Voicemail
6754.0,16.0,Chika Umeh,899.0,2025-01-15 20:22:15.403,10:13:00,,,,Busy
6755.0,16.0,Chika Umeh,899.0,2024-04-29 20:22:15.403,16:36:00,,,,Voicemail
6756.0,16.0,Chika Umeh,899.0,2025-02-10 20:22:15.403,08:44:00,,,,No Answer
6757.0,16.0,Chika Umeh,899.0,2024-07-02 20:22:15.403,16:55:00,,,,No Answer
6758.0,16.0,Chika Umeh,899.0,2024-08-11 20:22:15.403,12:26:00,26.0,Good,4.0,Completed
6759.0,1.0,Emeka Okafor,900.0,2024-10-12 20:22:15.403,17:14:00,4.0,Excellent,5.0,Completed
6760.0,1.0,Emeka Okafor,900.0,2024-08-11 20:22:15.403,08:15:00,,,,Voicemail
6761.0,1.0,Emeka Okafor,900.0,2024-03-25 20:22:15.403,09:26:00,,,,No Answer
6762.0,1.0,Emeka Okafor,900.0,2024-12-29 20:22:15.403,19:04:00,,,,Voicemail
6763.0,1.0,Emeka Okafor,900.0,2024-07-21 20:22:15.403,10:32:00,,,,Voicemail
6764.0,1.0,Emeka Okafor,900.0,2024-12-30 20:22:15.403,08:28:00,,,,Voicemail
6765.0,1.0,Emeka Okafor,900.0,2024-07-05 20:22:15.403,09:02:00,,,,Voicemail
6766.0,17.0,Rasheed Lawal,901.0,2025-01-23 20:22:15.403,17:21:00,,,,No Answer
6767.0,17.0,Rasheed Lawal,901.0,2024-04-11 20:22:15.403,13:52:00,,,,Voicemail
6768.0,17.0,Rasheed Lawal,901.0,2024-09-01 20:22:15.403,18:56:00,7.0,Very Poor,1.0,Completed
6769.0,17.0,Rasheed Lawal,901.0,2024-08-11 20:22:15.403,18:52:00,,,,Busy
6770.0,17.0,Rasheed Lawal,901.0,2024-06-09 20:22:15.403,14:36:00,,,,Busy
6771.0,17.0,Rasheed Lawal,901.0,2024-05-09 20:22:15.403,17:00:00,,,,Voicemail
6772.0,17.0,Rasheed Lawal,901.0,2025-01-04 20:22:15.403,10:57:00,,,,Busy
6773.0,19.0,Felix Odion,902.0,2024-09-05 20:22:15.403,18:06:00,4.0,Good,4.0,Completed
6774.0,19.0,Felix Odion,902.0,2024-12-20 20:22:15.403,13:43:00,,,,No Answer
6775.0,19.0,Felix Odion,902.0,2024-08-27 20:22:15.403,17:50:00,18.0,Good,4.0,Completed
6776.0,19.0,Felix Odion,902.0,2025-02-19 20:22:15.403,12:24:00,,,,Busy
6777.0,19.0,Felix Odion,902.0,2024-07-29 20:22:15.403,15:47:00,28.0,Excellent,5.0,Completed
6778.0,19.0,Felix Odion,902.0,2024-09-25 20:22:15.403,11:44:00,,,,Busy
6779.0,19.0,Felix Odion,902.0,2025-01-08 20:22:15.403,18:00:00,8.0,Very Poor,1.0,Completed
6780.0,19.0,Felix Odion,902.0,2024-10-21 20:22:15.403,15:23:00,29.0,Good,4.0,Completed
6781.0,19.0,Felix Odion,902.0,2025-01-24 20:22:15.403,17:20:00,,,,Voicemail
6782.0,11.0,Kemi Adebanjo,903.0,2024-10-15 20:22:15.403,15:45:00,,,,Busy
6783.0,11.0,Kemi Adebanjo,903.0,2024-06-29 20:22:15.403,19:56:00,,,,Voicemail
6784.0,11.0,Kemi Adebanjo,903.0,2024-07-01 20:22:15.403,12:48:00,8.0,Good,4.0,Completed
6785.0,11.0,Kemi Adebanjo,903.0,2024-07-25 20:22:15.403,08:53:00,,,,Voicemail
6786.0,11.0,Kemi Adebanjo,903.0,2024-12-20 20:22:15.403,10:58:00,,,,No Answer
6787.0,11.0,Kemi Adebanjo,903.0,2025-01-12 20:22:15.403,15:13:00,,,,No Answer
6788.0,11.0,Kemi Adebanjo,903.0,2024-12-27 20:22:15.403,11:21:00,,,,No Answer
6789.0,11.0,Kemi Adebanjo,903.0,2024-06-14 20:22:15.403,13:36:00,,,,Busy
6790.0,11.0,Kemi Adebanjo,903.0,2025-01-08 20:22:15.403,16:31:00,,,,Voicemail
6791.0,17.0,Rasheed Lawal,904.0,2024-12-16 20:22:15.403,13:24:00,,,,Busy
6792.0,17.0,Rasheed Lawal,904.0,2025-03-01 20:22:15.403,16:26:00,,,,No Answer
6793.0,17.0,Rasheed Lawal,904.0,2024-04-13 20:22:15.403,08:45:00,,,,Voicemail
6794.0,17.0,Rasheed Lawal,904.0,2024-07-26 20:22:15.403,14:26:00,13.0,Poor,2.0,Completed
6795.0,17.0,Rasheed Lawal,904.0,2024-12-18 20:22:15.403,16:51:00,,,,Voicemail
6796.0,17.0,Rasheed Lawal,904.0,2025-02-14 20:22:15.403,10:05:00,3.0,Excellent,5.0,Completed
6797.0,17.0,Rasheed Lawal,904.0,2024-04-23 20:22:15.403,17:19:00,,,,Voicemail
6798.0,19.0,Felix Odion,905.0,2024-04-09 20:22:15.403,12:07:00,,,,Busy
6799.0,19.0,Felix Odion,905.0,2024-08-04 20:22:15.403,15:39:00,,,,Busy
6800.0,19.0,Felix Odion,905.0,2024-08-10 20:22:15.403,18:26:00,,,,Voicemail
6801.0,19.0,Felix Odion,905.0,2024-08-22 20:22:15.403,11:19:00,9.0,Excellent,5.0,Completed
6802.0,19.0,Felix Odion,905.0,2024-04-07 20:22:15.403,10:23:00,,,,Voicemail
6803.0,19.0,Felix Odion,905.0,2025-02-01 20:22:15.403,16:59:00,12.0,Average,3.0,Completed
6804.0,19.0,Felix Odion,905.0,2024-03-08 20:22:15.403,16:14:00,,,,Busy
6805.0,14.0,Zainab Suleiman,906.0,2025-01-15 20:22:15.403,08:58:00,,,,Busy
6806.0,14.0,Zainab Suleiman,906.0,2024-07-24 20:22:15.403,12:01:00,,,,Busy
6807.0,14.0,Zainab Suleiman,906.0,2024-07-16 20:22:15.403,12:16:00,,,,Busy
6808.0,14.0,Zainab Suleiman,906.0,2024-10-24 20:22:15.403,19:27:00,9.0,Good,4.0,Completed
6809.0,14.0,Zainab Suleiman,906.0,2025-02-06 20:22:15.403,11:35:00,,,,Voicemail
6810.0,14.0,Zainab Suleiman,906.0,2024-06-09 20:22:15.403,19:34:00,,,,Busy
6811.0,14.0,Zainab Suleiman,906.0,2024-10-04 20:22:15.403,18:36:00,,,,No Answer
6812.0,14.0,Zainab Suleiman,906.0,2024-11-19 20:22:15.403,13:02:00,,,,Busy
6813.0,17.0,Rasheed Lawal,907.0,2025-02-02 20:22:15.403,14:14:00,2.0,Good,4.0,Completed
6814.0,17.0,Rasheed Lawal,907.0,2024-08-04 20:22:15.403,19:03:00,,,,Voicemail
6815.0,17.0,Rasheed Lawal,907.0,2024-06-18 20:22:15.403,16:29:00,,,,Voicemail
6816.0,17.0,Rasheed Lawal,907.0,2025-02-24 20:22:15.403,15:18:00,,,,No Answer
6817.0,17.0,Rasheed Lawal,907.0,2024-10-25 20:22:15.403,16:30:00,,,,No Answer
6818.0,17.0,Rasheed Lawal,907.0,2025-03-06 20:22:15.403,13:21:00,,,,No Answer
6819.0,6.0,Funke Adeyemi,908.0,2024-11-06 20:22:15.403,17:58:00,,,,No Answer
6820.0,6.0,Funke Adeyemi,908.0,2024-08-06 20:22:15.403,09:30:00,10.0,Good,4.0,Completed
6821.0,6.0,Funke Adeyemi,908.0,2024-05-09 20:22:15.403,15:51:00,,,,No Answer
6822.0,6.0,Funke Adeyemi,908.0,2024-06-30 20:22:15.403,14:46:00,,,,Busy
6823.0,6.0,Funke Adeyemi,908.0,2024-08-29 20:22:15.403,17:57:00,,,,Voicemail
6824.0,6.0,Funke Adeyemi,908.0,2024-12-21 20:22:15.403,17:32:00,,,,Busy
6825.0,6.0,Funke Adeyemi,909.0,2024-12-11 20:22:15.403,17:46:00,,,,No Answer
6826.0,6.0,Funke Adeyemi,909.0,2024-10-17 20:22:15.403,15:24:00,1.0,Average,3.0,Completed
6827.0,6.0,Funke Adeyemi,909.0,2024-07-08 20:22:15.403,19:30:00,,,,Busy
6828.0,6.0,Funke Adeyemi,909.0,2024-08-01 20:22:15.403,12:47:00,2.0,Poor,2.0,Completed
6829.0,6.0,Funke Adeyemi,909.0,2024-10-01 20:22:15.403,18:59:00,,,,No Answer
6830.0,6.0,Funke Adeyemi,909.0,2024-03-26 20:22:15.403,16:09:00,,,,No Answer
6831.0,6.0,Funke Adeyemi,909.0,2024-06-05 20:22:15.403,15:08:00,15.0,Very Poor,1.0,Completed
6832.0,6.0,Funke Adeyemi,909.0,2024-12-29 20:22:15.403,10:02:00,,,,Busy
6833.0,6.0,Funke Adeyemi,909.0,2024-12-21 20:22:15.403,13:35:00,,,,Voicemail
6834.0,6.0,Funke Adeyemi,909.0,2024-05-12 20:22:15.403,14:10:00,5.0,Average,3.0,Completed
6835.0,4.0,Aisha Mohammed,910.0,2024-05-06 20:22:15.403,14:49:00,18.0,Good,4.0,Completed
6836.0,4.0,Aisha Mohammed,910.0,2024-09-16 20:22:15.403,17:08:00,,,,Voicemail
6837.0,4.0,Aisha Mohammed,910.0,2024-11-18 20:22:15.403,08:52:00,24.0,Very Poor,1.0,Completed
6838.0,4.0,Aisha Mohammed,910.0,2024-04-05 20:22:15.403,10:37:00,,,,Voicemail
6839.0,4.0,Aisha Mohammed,910.0,2024-05-22 20:22:15.403,16:29:00,,,,Voicemail
6840.0,4.0,Aisha Mohammed,910.0,2024-06-01 20:22:15.403,11:11:00,,,,Busy
6841.0,4.0,Aisha Mohammed,910.0,2024-04-22 20:22:15.403,12:45:00,19.0,Poor,2.0,Completed
6842.0,4.0,Aisha Mohammed,910.0,2024-07-09 20:22:15.403,18:56:00,,,,No Answer
6843.0,4.0,Aisha Mohammed,910.0,2024-12-29 20:22:15.403,10:54:00,,,,No Answer
6844.0,4.0,Aisha Mohammed,910.0,2024-12-04 20:22:15.403,09:02:00,,,,Voicemail
6845.0,12.0,Yakubu Bello,911.0,2024-07-10 20:22:15.403,16:50:00,10.0,Very Poor,1.0,Completed
6846.0,12.0,Yakubu Bello,911.0,2024-11-18 20:22:15.403,15:07:00,,,,Busy
6847.0,12.0,Yakubu Bello,911.0,2024-04-15 20:22:15.403,14:54:00,,,,Voicemail
6848.0,12.0,Yakubu Bello,911.0,2024-11-21 20:22:15.403,10:19:00,,,,Voicemail
6849.0,12.0,Yakubu Bello,911.0,2025-03-02 20:22:15.403,09:13:00,,,,Voicemail
6850.0,12.0,Yakubu Bello,911.0,2024-08-30 20:22:15.403,09:33:00,,,,Voicemail
6851.0,4.0,Aisha Mohammed,912.0,2024-08-19 20:22:15.403,13:31:00,,,,Voicemail
6852.0,4.0,Aisha Mohammed,912.0,2024-12-31 20:22:15.403,09:48:00,7.0,Average,3.0,Completed
6853.0,4.0,Aisha Mohammed,912.0,2024-05-29 20:22:15.403,17:50:00,1.0,Very Poor,1.0,Completed
6854.0,4.0,Aisha Mohammed,912.0,2024-06-19 20:22:15.403,10:54:00,9.0,Very Poor,1.0,Completed
6855.0,4.0,Aisha Mohammed,912.0,2024-08-30 20:22:15.403,09:28:00,,,,Voicemail
6856.0,4.0,Aisha Mohammed,912.0,2024-06-26 20:22:15.403,10:14:00,,,,Busy
6857.0,4.0,Aisha Mohammed,912.0,2024-10-15 20:22:15.403,14:55:00,,,,Voicemail
6858.0,4.0,Aisha Mohammed,912.0,2024-07-18 20:22:15.403,19:48:00,,,,No Answer
6859.0,3.0,Tunde Balogun,913.0,2024-04-07 20:22:15.403,09:32:00,,,,Voicemail
6860.0,3.0,Tunde Balogun,913.0,2024-06-10 20:22:15.403,19:28:00,,,,Voicemail
6861.0,3.0,Tunde Balogun,913.0,2024-08-31 20:22:15.403,11:40:00,,,,Voicemail
6862.0,3.0,Tunde Balogun,913.0,2024-05-16 20:22:15.403,09:28:00,,,,No Answer
6863.0,3.0,Tunde Balogun,913.0,2025-02-06 20:22:15.403,08:32:00,,,,Busy
6864.0,3.0,Tunde Balogun,913.0,2024-09-04 20:22:15.403,16:05:00,,,,Voicemail
6865.0,6.0,Funke Adeyemi,914.0,2025-02-07 20:22:15.403,16:50:00,,,,Busy
6866.0,6.0,Funke Adeyemi,914.0,2024-04-27 20:22:15.403,12:05:00,,,,Voicemail
6867.0,6.0,Funke Adeyemi,914.0,2024-07-06 20:22:15.403,16:12:00,,,,Busy
6868.0,6.0,Funke Adeyemi,914.0,2024-09-02 20:22:15.403,11:28:00,,,,No Answer
6869.0,6.0,Funke Adeyemi,914.0,2024-10-03 20:22:15.403,16:42:00,,,,Busy
6870.0,9.0,Ibrahim Danjuma,915.0,2024-07-09 20:22:15.403,08:27:00,11.0,Good,4.0,Completed
6871.0,9.0,Ibrahim Danjuma,915.0,2025-01-24 20:22:15.403,16:28:00,,,,No Answer
6872.0,9.0,Ibrahim Danjuma,915.0,2024-04-08 20:22:15.403,14:51:00,,,,Voicemail
6873.0,9.0,Ibrahim Danjuma,915.0,2024-11-24 20:22:15.403,13:19:00,,,,Busy
6874.0,9.0,Ibrahim Danjuma,915.0,2025-01-25 20:22:15.403,14:46:00,25.0,Average,3.0,Completed
6875.0,9.0,Ibrahim Danjuma,915.0,2024-07-03 20:22:15.403,14:56:00,,,,No Answer
6876.0,9.0,Ibrahim Danjuma,915.0,2024-06-17 20:22:15.403,19:44:00,,,,No Answer
6877.0,9.0,Ibrahim Danjuma,915.0,2024-09-14 20:22:15.403,09:37:00,,,,Busy
6878.0,9.0,Ibrahim Danjuma,915.0,2024-04-29 20:22:15.403,12:36:00,,,,Voicemail
6879.0,9.0,Ibrahim Danjuma,915.0,2024-10-28 20:22:15.403,19:53:00,,,,No Answer
6880.0,17.0,Rasheed Lawal,916.0,2024-12-28 20:22:15.403,08:01:00,,,,No Answer
6881.0,17.0,Rasheed Lawal,916.0,2025-02-10 20:22:15.403,19:11:00,,,,Voicemail
6882.0,17.0,Rasheed Lawal,916.0,2024-11-29 20:22:15.403,16:00:00,12.0,Good,4.0,Completed
6883.0,17.0,Rasheed Lawal,916.0,2024-08-25 20:22:15.403,09:03:00,,,,No Answer
6884.0,17.0,Rasheed Lawal,916.0,2024-11-25 20:22:15.403,13:02:00,,,,No Answer
6885.0,17.0,Rasheed Lawal,916.0,2024-03-18 20:22:15.403,16:14:00,,,,No Answer
6886.0,17.0,Rasheed Lawal,916.0,2024-05-15 20:22:15.403,13:39:00,,,,Busy
6887.0,17.0,Rasheed Lawal,916.0,2024-08-12 20:22:15.403,11:48:00,,,,No Answer
6888.0,17.0,Rasheed Lawal,916.0,2024-05-06 20:22:15.403,13:20:00,16.0,Poor,2.0,Completed
6889.0,18.0,Amaka Obi,917.0,2024-09-16 20:22:15.403,19:06:00,,,,Busy
6890.0,18.0,Amaka Obi,917.0,2024-11-15 20:22:15.403,13:09:00,21.0,Excellent,5.0,Completed
6891.0,18.0,Amaka Obi,917.0,2024-06-27 20:22:15.403,12:18:00,26.0,Excellent,5.0,Completed
6892.0,18.0,Amaka Obi,917.0,2025-02-13 20:22:15.403,15:33:00,,,,No Answer
6893.0,18.0,Amaka Obi,917.0,2025-01-26 20:22:15.403,14:44:00,,,,Voicemail
6894.0,18.0,Amaka Obi,917.0,2024-12-23 20:22:15.403,15:31:00,14.0,Excellent,5.0,Completed
6895.0,4.0,Aisha Mohammed,918.0,2024-05-05 20:22:15.403,17:30:00,,,,Busy
6896.0,4.0,Aisha Mohammed,918.0,2025-03-03 20:22:15.403,19:18:00,,,,Voicemail
6897.0,4.0,Aisha Mohammed,918.0,2024-09-19 20:22:15.403,12:24:00,,,,Voicemail
6898.0,4.0,Aisha Mohammed,918.0,2024-04-21 20:22:15.403,13:03:00,,,,Busy
6899.0,4.0,Aisha Mohammed,918.0,2025-01-19 20:22:15.403,10:23:00,,,,Busy
6900.0,4.0,Aisha Mohammed,918.0,2025-02-23 20:22:15.403,13:15:00,,,,Busy
6901.0,4.0,Aisha Mohammed,918.0,2024-03-19 20:22:15.403,12:01:00,23.0,Very Poor,1.0,Completed
6902.0,4.0,Aisha Mohammed,918.0,2024-06-12 20:22:15.403,18:23:00,22.0,Very Poor,1.0,Completed
6903.0,4.0,Aisha Mohammed,918.0,2025-02-24 20:22:15.403,08:11:00,14.0,Excellent,5.0,Completed
6904.0,15.0,Gbenga Adesina,919.0,2025-01-15 20:22:15.403,11:29:00,10.0,Very Poor,1.0,Completed
6905.0,15.0,Gbenga Adesina,919.0,2024-10-18 20:22:15.403,15:24:00,,,,Voicemail
6906.0,15.0,Gbenga Adesina,919.0,2024-08-21 20:22:15.403,15:53:00,,,,Busy
6907.0,15.0,Gbenga Adesina,919.0,2025-02-14 20:22:15.403,19:44:00,,,,Busy
6908.0,15.0,Gbenga Adesina,919.0,2024-08-25 20:22:15.403,12:23:00,,,,Voicemail
6909.0,15.0,Gbenga Adesina,919.0,2024-12-21 20:22:15.403,14:02:00,,,,Busy
6910.0,15.0,Gbenga Adesina,919.0,2025-02-17 20:22:15.403,10:11:00,,,,No Answer
6911.0,15.0,Gbenga Adesina,919.0,2024-07-26 20:22:15.403,09:40:00,,,,Voicemail
6912.0,3.0,Tunde Balogun,920.0,2025-01-13 20:22:15.403,19:23:00,,,,Busy
6913.0,3.0,Tunde Balogun,920.0,2024-10-20 20:22:15.403,09:17:00,17.0,Average,3.0,Completed
6914.0,3.0,Tunde Balogun,920.0,2024-05-10 20:22:15.403,15:45:00,,,,Busy
6915.0,3.0,Tunde Balogun,920.0,2024-03-30 20:22:15.403,09:57:00,,,,No Answer
6916.0,3.0,Tunde Balogun,920.0,2024-05-24 20:22:15.403,16:14:00,,,,No Answer
6917.0,20.0,Adewale Ogunleye,921.0,2025-03-03 20:22:15.403,10:41:00,,,,No Answer
6918.0,20.0,Adewale Ogunleye,921.0,2025-02-02 20:22:15.403,12:03:00,,,,Voicemail
6919.0,20.0,Adewale Ogunleye,921.0,2024-04-10 20:22:15.403,14:56:00,,,,Busy
6920.0,20.0,Adewale Ogunleye,921.0,2024-05-16 20:22:15.403,11:09:00,,,,Voicemail
6921.0,20.0,Adewale Ogunleye,921.0,2024-12-15 20:22:15.403,11:09:00,,,,Voicemail
6922.0,20.0,Adewale Ogunleye,921.0,2024-05-05 20:22:15.403,15:45:00,,,,Busy
6923.0,2.0,Chioma Nwosu,922.0,2024-11-13 20:22:15.403,11:05:00,,,,Voicemail
6924.0,2.0,Chioma Nwosu,922.0,2024-12-14 20:22:15.403,10:29:00,,,,Voicemail
6925.0,2.0,Chioma Nwosu,922.0,2024-06-22 20:22:15.403,15:33:00,,,,No Answer
6926.0,2.0,Chioma Nwosu,922.0,2025-01-13 20:22:15.403,17:02:00,,,,Voicemail
6927.0,2.0,Chioma Nwosu,922.0,2024-06-21 20:22:15.403,10:54:00,,,,Voicemail
6928.0,2.0,Chioma Nwosu,922.0,2024-10-22 20:22:15.403,13:39:00,,,,No Answer
6929.0,2.0,Chioma Nwosu,922.0,2025-02-03 20:22:15.403,16:38:00,,,,Busy
6930.0,2.0,Chioma Nwosu,922.0,2024-08-25 20:22:15.403,19:48:00,,,,Voicemail
6931.0,2.0,Chioma Nwosu,922.0,2025-02-26 20:22:15.403,11:11:00,,,,Busy
6932.0,2.0,Chioma Nwosu,922.0,2024-08-21 20:22:15.403,11:44:00,20.0,Excellent,5.0,Completed
6933.0,7.0,Segun Oladipo,923.0,2024-06-29 20:22:15.403,08:29:00,20.0,Average,3.0,Completed
6934.0,7.0,Segun Oladipo,923.0,2024-06-16 20:22:15.403,12:23:00,20.0,Average,3.0,Completed
6935.0,7.0,Segun Oladipo,923.0,2024-08-15 20:22:15.403,18:41:00,,,,Busy
6936.0,7.0,Segun Oladipo,923.0,2025-02-27 20:22:15.403,12:54:00,14.0,Average,3.0,Completed
6937.0,7.0,Segun Oladipo,923.0,2024-12-06 20:22:15.403,11:32:00,,,,No Answer
6938.0,7.0,Segun Oladipo,923.0,2024-08-29 20:22:15.403,16:39:00,,,,No Answer
6939.0,7.0,Segun Oladipo,923.0,2024-07-28 20:22:15.403,08:57:00,3.0,Poor,2.0,Completed
6940.0,7.0,Segun Oladipo,923.0,2024-04-05 20:22:15.403,11:51:00,,,,Voicemail
6941.0,7.0,Segun Oladipo,923.0,2024-07-21 20:22:15.403,13:05:00,,,,Busy
6942.0,7.0,Segun Oladipo,923.0,2024-12-06 20:22:15.403,15:54:00,16.0,Good,4.0,Completed
6943.0,8.0,Ngozi Okonkwo,924.0,2024-04-26 20:22:15.403,17:08:00,11.0,Very Poor,1.0,Completed
6944.0,8.0,Ngozi Okonkwo,924.0,2025-02-02 20:22:15.403,16:35:00,,,,No Answer
6945.0,8.0,Ngozi Okonkwo,924.0,2025-02-08 20:22:15.403,10:09:00,,,,Busy
6946.0,8.0,Ngozi Okonkwo,924.0,2025-01-06 20:22:15.403,08:30:00,4.0,Poor,2.0,Completed
6947.0,8.0,Ngozi Okonkwo,924.0,2024-08-18 20:22:15.403,14:57:00,,,,Voicemail
6948.0,5.0,Obinna Eze,925.0,2024-05-13 20:22:15.403,15:53:00,,,,No Answer
6949.0,5.0,Obinna Eze,925.0,2024-12-19 20:22:15.403,15:02:00,23.0,Poor,2.0,Completed
6950.0,5.0,Obinna Eze,925.0,2024-12-30 20:22:15.403,17:31:00,26.0,Excellent,5.0,Completed
6951.0,5.0,Obinna Eze,925.0,2024-06-30 20:22:15.403,08:55:00,7.0,Very Poor,1.0,Completed
6952.0,5.0,Obinna Eze,925.0,2025-02-02 20:22:15.403,19:35:00,,,,Voicemail
6953.0,5.0,Obinna Eze,925.0,2024-10-31 20:22:15.403,19:38:00,,,,Busy
6954.0,5.0,Obinna Eze,925.0,2025-02-07 20:22:15.403,09:16:00,,,,Busy
6955.0,5.0,Obinna Eze,925.0,2024-10-11 20:22:15.403,14:26:00,27.0,Good,4.0,Completed
6956.0,5.0,Obinna Eze,925.0,2024-05-06 20:22:15.403,15:41:00,,,,Busy
6957.0,13.0,Bola Akinwunmi,926.0,2024-07-24 20:22:15.403,12:07:00,,,,Voicemail
6958.0,13.0,Bola Akinwunmi,926.0,2024-07-26 20:22:15.403,18:14:00,26.0,Average,3.0,Completed
6959.0,13.0,Bola Akinwunmi,926.0,2024-04-14 20:22:15.403,18:52:00,,,,Busy
6960.0,13.0,Bola Akinwunmi,926.0,2024-07-22 20:22:15.403,19:52:00,,,,No Answer
6961.0,13.0,Bola Akinwunmi,926.0,2024-05-07 20:22:15.403,12:17:00,,,,No Answer
6962.0,13.0,Bola Akinwunmi,926.0,2024-04-29 20:22:15.403,09:57:00,,,,Voicemail
6963.0,13.0,Bola Akinwunmi,926.0,2025-02-19 20:22:15.403,13:55:00,,,,No Answer
6964.0,13.0,Bola Akinwunmi,926.0,2024-07-09 20:22:15.403,11:26:00,15.0,Poor,2.0,Completed
6965.0,7.0,Segun Oladipo,927.0,2024-05-08 20:22:15.403,10:50:00,,,,Voicemail
6966.0,7.0,Segun Oladipo,927.0,2025-02-23 20:22:15.403,12:44:00,18.0,Poor,2.0,Completed
6967.0,7.0,Segun Oladipo,927.0,2024-08-09 20:22:15.403,08:31:00,,,,Voicemail
6968.0,7.0,Segun Oladipo,927.0,2025-02-15 20:22:15.403,09:50:00,,,,Voicemail
6969.0,7.0,Segun Oladipo,927.0,2025-01-11 20:22:15.403,09:30:00,,,,No Answer
6970.0,7.0,Segun Oladipo,927.0,2025-02-14 20:22:15.403,14:43:00,,,,No Answer
6971.0,7.0,Segun Oladipo,927.0,2024-12-18 20:22:15.403,17:41:00,,,,Busy
6972.0,7.0,Segun Oladipo,927.0,2024-03-11 20:22:15.403,08:13:00,,,,No Answer
6973.0,8.0,Ngozi Okonkwo,928.0,2024-05-10 20:22:15.403,15:11:00,,,,Voicemail
6974.0,8.0,Ngozi Okonkwo,928.0,2024-04-27 20:22:15.403,13:58:00,,,,Busy
6975.0,8.0,Ngozi Okonkwo,928.0,2024-08-06 20:22:15.403,09:23:00,1.0,Very Poor,1.0,Completed
6976.0,8.0,Ngozi Okonkwo,928.0,2024-12-09 20:22:15.403,13:36:00,13.0,Average,3.0,Completed
6977.0,8.0,Ngozi Okonkwo,928.0,2024-06-15 20:22:15.403,18:53:00,,,,Voicemail
6978.0,8.0,Ngozi Okonkwo,928.0,2024-03-21 20:22:15.403,14:09:00,,,,Busy
6979.0,8.0,Ngozi Okonkwo,928.0,2024-12-06 20:22:15.403,17:46:00,,,,Busy
6980.0,8.0,Ngozi Okonkwo,928.0,2024-07-20 20:22:15.403,15:58:00,4.0,Poor,2.0,Completed
6981.0,16.0,Chika Umeh,929.0,2024-06-10 20:22:15.403,17:48:00,,,,Voicemail
6982.0,16.0,Chika Umeh,929.0,2024-04-14 20:22:15.403,17:14:00,,,,Busy
6983.0,16.0,Chika Umeh,929.0,2024-10-31 20:22:15.403,14:18:00,,,,Voicemail
6984.0,16.0,Chika Umeh,929.0,2024-06-01 20:22:15.403,15:34:00,,,,No Answer
6985.0,16.0,Chika Umeh,929.0,2024-07-03 20:22:15.403,17:25:00,,,,Busy
6986.0,16.0,Chika Umeh,929.0,2024-05-11 20:22:15.403,09:56:00,,,,Voicemail
6987.0,16.0,Chika Umeh,929.0,2024-12-01 20:22:15.403,14:51:00,,,,Busy
6988.0,16.0,Chika Umeh,929.0,2024-05-21 20:22:15.403,17:56:00,,,,Voicemail
6989.0,16.0,Chika Umeh,929.0,2024-09-09 20:22:15.403,15:40:00,27.0,Very Poor,1.0,Completed
6990.0,16.0,Chika Umeh,930.0,2025-01-08 20:22:15.403,14:58:00,,,,Busy
6991.0,16.0,Chika Umeh,930.0,2024-11-23 20:22:15.403,17:33:00,,,,Voicemail
6992.0,16.0,Chika Umeh,930.0,2024-09-14 20:22:15.403,14:08:00,,,,No Answer
6993.0,16.0,Chika Umeh,930.0,2024-06-30 20:22:15.403,09:10:00,13.0,Average,3.0,Completed
6994.0,16.0,Chika Umeh,930.0,2024-04-22 20:22:15.403,12:09:00,,,,No Answer
6995.0,16.0,Chika Umeh,930.0,2024-11-27 20:22:15.403,16:34:00,4.0,Good,4.0,Completed
6996.0,16.0,Chika Umeh,930.0,2024-12-14 20:22:15.403,19:34:00,,,,Busy
6997.0,16.0,Chika Umeh,930.0,2024-12-01 20:22:15.403,14:52:00,,,,No Answer
6998.0,4.0,Aisha Mohammed,931.0,2025-01-28 20:22:15.403,17:26:00,,,,No Answer
6999.0,4.0,Aisha Mohammed,931.0,2024-09-28 20:22:15.403,14:06:00,9.0,Very Poor,1.0,Completed
7000.0,4.0,Aisha Mohammed,931.0,2024-07-16 20:22:15.403,11:18:00,,,,Busy
7001.0,4.0,Aisha Mohammed,931.0,2024-09-25 20:22:15.403,09:19:00,,,,Busy
7002.0,4.0,Aisha Mohammed,931.0,2024-09-03 20:22:15.403,19:03:00,,,,No Answer
7003.0,4.0,Aisha Mohammed,931.0,2024-12-02 20:22:15.403,16:33:00,,,,No Answer
7004.0,14.0,Zainab Suleiman,932.0,2024-05-19 20:22:15.403,13:13:00,,,,No Answer
7005.0,14.0,Zainab Suleiman,932.0,2024-04-25 20:22:15.403,16:28:00,22.0,Excellent,5.0,Completed
7006.0,14.0,Zainab Suleiman,932.0,2024-07-20 20:22:15.403,09:15:00,7.0,Excellent,5.0,Completed
7007.0,14.0,Zainab Suleiman,932.0,2024-10-06 20:22:15.403,17:45:00,3.0,Very Poor,1.0,Completed
7008.0,14.0,Zainab Suleiman,932.0,2024-03-31 20:22:15.403,11:10:00,16.0,Excellent,5.0,Completed
7009.0,16.0,Chika Umeh,933.0,2024-04-18 20:22:15.403,11:20:00,,,,No Answer
7010.0,16.0,Chika Umeh,933.0,2024-07-13 20:22:15.403,13:49:00,,,,Busy
7011.0,16.0,Chika Umeh,933.0,2024-08-26 20:22:15.403,13:59:00,,,,Voicemail
7012.0,16.0,Chika Umeh,933.0,2024-11-14 20:22:15.403,10:18:00,,,,Voicemail
7013.0,16.0,Chika Umeh,933.0,2025-01-11 20:22:15.403,10:33:00,,,,Voicemail
7014.0,16.0,Chika Umeh,933.0,2024-06-10 20:22:15.403,15:23:00,,,,Voicemail
7015.0,16.0,Chika Umeh,933.0,2024-09-06 20:22:15.403,11:19:00,,,,No Answer
7016.0,16.0,Chika Umeh,933.0,2024-05-22 20:22:15.403,16:32:00,,,,Busy
7017.0,16.0,Chika Umeh,933.0,2024-07-02 20:22:15.403,16:07:00,,,,Busy
7018.0,7.0,Segun Oladipo,934.0,2024-04-28 20:22:15.403,11:43:00,,,,No Answer
7019.0,7.0,Segun Oladipo,934.0,2024-06-03 20:22:15.403,08:41:00,,,,No Answer
7020.0,7.0,Segun Oladipo,934.0,2024-10-25 20:22:15.403,08:32:00,,,,No Answer
7021.0,7.0,Segun Oladipo,934.0,2024-03-12 20:22:15.403,11:51:00,4.0,Poor,2.0,Completed
7022.0,7.0,Segun Oladipo,934.0,2025-01-08 20:22:15.403,17:23:00,12.0,Poor,2.0,Completed
7023.0,1.0,Emeka Okafor,935.0,2024-03-31 20:22:15.403,19:38:00,,,,Busy
7024.0,1.0,Emeka Okafor,935.0,2024-09-14 20:22:15.403,17:05:00,,,,No Answer
7025.0,1.0,Emeka Okafor,935.0,2024-09-24 20:22:15.403,16:02:00,,,,Voicemail
7026.0,1.0,Emeka Okafor,935.0,2025-01-29 20:22:15.403,12:35:00,,,,No Answer
7027.0,1.0,Emeka Okafor,935.0,2024-10-21 20:22:15.403,10:36:00,,,,Busy
7028.0,1.0,Emeka Okafor,935.0,2024-03-18 20:22:15.403,19:50:00,,,,Busy
7029.0,1.0,Emeka Okafor,935.0,2025-01-30 20:22:15.403,11:56:00,,,,Voicemail
7030.0,1.0,Emeka Okafor,935.0,2024-04-21 20:22:15.403,18:50:00,27.0,Poor,2.0,Completed
7031.0,1.0,Emeka Okafor,935.0,2024-11-18 20:22:15.403,18:10:00,,,,Voicemail
7032.0,1.0,Emeka Okafor,935.0,2024-05-31 20:22:15.403,13:04:00,4.0,Poor,2.0,Completed
7033.0,3.0,Tunde Balogun,936.0,2024-07-24 20:22:15.403,11:34:00,,,,Voicemail
7034.0,3.0,Tunde Balogun,936.0,2024-03-25 20:22:15.403,17:24:00,17.0,Excellent,5.0,Completed
7035.0,3.0,Tunde Balogun,936.0,2024-05-31 20:22:15.403,16:45:00,,,,Busy
7036.0,3.0,Tunde Balogun,936.0,2024-06-12 20:22:15.403,18:40:00,,,,No Answer
7037.0,3.0,Tunde Balogun,936.0,2024-10-30 20:22:15.403,13:10:00,11.0,Excellent,5.0,Completed
7038.0,3.0,Tunde Balogun,936.0,2024-10-21 20:22:15.403,13:52:00,29.0,Poor,2.0,Completed
7039.0,15.0,Gbenga Adesina,937.0,2025-01-03 20:22:15.403,19:32:00,,,,No Answer
7040.0,15.0,Gbenga Adesina,937.0,2024-03-25 20:22:15.403,11:29:00,10.0,Very Poor,1.0,Completed
7041.0,15.0,Gbenga Adesina,937.0,2024-06-24 20:22:15.403,08:59:00,15.0,Average,3.0,Completed
7042.0,15.0,Gbenga Adesina,937.0,2024-12-31 20:22:15.403,10:55:00,6.0,Poor,2.0,Completed
7043.0,15.0,Gbenga Adesina,937.0,2024-06-24 20:22:15.403,08:35:00,,,,Busy
7044.0,15.0,Gbenga Adesina,937.0,2025-02-17 20:22:15.403,19:05:00,,,,Busy
7045.0,15.0,Gbenga Adesina,937.0,2024-07-17 20:22:15.403,10:46:00,,,,Voicemail
7046.0,15.0,Gbenga Adesina,937.0,2024-12-13 20:22:15.403,14:03:00,25.0,Average,3.0,Completed
7047.0,15.0,Gbenga Adesina,937.0,2024-06-08 20:22:15.403,08:48:00,16.0,Average,3.0,Completed
7048.0,15.0,Gbenga Adesina,937.0,2024-04-28 20:22:15.403,13:56:00,,,,Busy
7049.0,17.0,Rasheed Lawal,938.0,2024-11-07 20:22:15.403,10:55:00,,,,Voicemail
7050.0,17.0,Rasheed Lawal,938.0,2024-08-03 20:22:15.403,13:32:00,,,,Busy
7051.0,17.0,Rasheed Lawal,938.0,2024-06-09 20:22:15.403,14:35:00,2.0,Very Poor,1.0,Completed
7052.0,17.0,Rasheed Lawal,938.0,2024-11-18 20:22:15.403,19:00:00,,,,Voicemail
7053.0,17.0,Rasheed Lawal,938.0,2024-04-18 20:22:15.403,11:18:00,,,,No Answer
7054.0,17.0,Rasheed Lawal,938.0,2024-09-20 20:22:15.403,19:28:00,,,,Busy
7055.0,17.0,Rasheed Lawal,938.0,2024-07-18 20:22:15.403,14:08:00,,,,Busy
7056.0,17.0,Rasheed Lawal,938.0,2024-09-22 20:22:15.403,18:40:00,,,,No Answer
7057.0,17.0,Rasheed Lawal,938.0,2024-07-30 20:22:15.403,17:22:00,,,,Busy
7058.0,17.0,Rasheed Lawal,938.0,2024-07-03 20:22:15.403,12:43:00,9.0,Poor,2.0,Completed
7059.0,19.0,Felix Odion,939.0,2025-01-01 20:22:15.403,17:04:00,,,,Voicemail
7060.0,19.0,Felix Odion,939.0,2024-12-31 20:22:15.403,09:54:00,25.0,Good,4.0,Completed
7061.0,19.0,Felix Odion,939.0,2024-04-28 20:22:15.403,09:30:00,29.0,Poor,2.0,Completed
7062.0,19.0,Felix Odion,939.0,2024-03-10 20:22:15.403,16:26:00,,,,No Answer
7063.0,19.0,Felix Odion,939.0,2025-02-14 20:22:15.403,11:32:00,28.0,Poor,2.0,Completed
7064.0,1.0,Emeka Okafor,940.0,2025-02-27 20:22:15.403,10:55:00,,,,Voicemail
7065.0,1.0,Emeka Okafor,940.0,2024-05-18 20:22:15.403,14:33:00,,,,Busy
7066.0,1.0,Emeka Okafor,940.0,2024-05-22 20:22:15.403,15:20:00,19.0,Poor,2.0,Completed
7067.0,1.0,Emeka Okafor,940.0,2024-12-26 20:22:15.403,15:32:00,16.0,Excellent,5.0,Completed
7068.0,1.0,Emeka Okafor,940.0,2024-07-02 20:22:15.403,15:07:00,,,,No Answer
7069.0,18.0,Amaka Obi,941.0,2024-10-24 20:22:15.403,13:14:00,,,,Busy
7070.0,18.0,Amaka Obi,941.0,2025-02-06 20:22:15.403,19:46:00,,,,No Answer
7071.0,18.0,Amaka Obi,941.0,2024-08-14 20:22:15.403,15:09:00,,,,Busy
7072.0,18.0,Amaka Obi,941.0,2024-09-05 20:22:15.403,18:17:00,,,,No Answer
7073.0,18.0,Amaka Obi,941.0,2024-03-08 20:22:15.403,19:29:00,,,,Busy
7074.0,18.0,Amaka Obi,941.0,2024-09-11 20:22:15.403,10:57:00,,,,Voicemail
7075.0,18.0,Amaka Obi,941.0,2024-11-17 20:22:15.403,14:53:00,27.0,Good,4.0,Completed
7076.0,18.0,Amaka Obi,941.0,2024-11-17 20:22:15.403,11:16:00,,,,Busy
7077.0,10.0,Chinedu Opara,942.0,2024-06-10 20:22:15.403,08:07:00,,,,Busy
7078.0,10.0,Chinedu Opara,942.0,2024-06-22 20:22:15.403,17:59:00,24.0,Good,4.0,Completed
7079.0,10.0,Chinedu Opara,942.0,2024-09-23 20:22:15.403,14:58:00,,,,Busy
7080.0,10.0,Chinedu Opara,942.0,2024-06-08 20:22:15.403,17:50:00,,,,Busy
7081.0,10.0,Chinedu Opara,942.0,2024-10-04 20:22:15.403,18:22:00,27.0,Poor,2.0,Completed
7082.0,10.0,Chinedu Opara,942.0,2024-10-06 20:22:15.403,14:33:00,1.0,Poor,2.0,Completed
7083.0,10.0,Chinedu Opara,942.0,2024-05-01 20:22:15.403,13:11:00,,,,Voicemail
7084.0,10.0,Chinedu Opara,942.0,2024-05-20 20:22:15.403,08:18:00,,,,Voicemail
7085.0,10.0,Chinedu Opara,942.0,2024-10-07 20:22:15.403,15:57:00,,,,No Answer
7086.0,10.0,Chinedu Opara,942.0,2024-09-28 20:22:15.403,13:53:00,,,,Busy
7087.0,3.0,Tunde Balogun,943.0,2024-05-14 20:22:15.403,15:06:00,,,,No Answer
7088.0,3.0,Tunde Balogun,943.0,2024-07-03 20:22:15.403,19:54:00,,,,Voicemail
7089.0,3.0,Tunde Balogun,943.0,2025-02-03 20:22:15.403,19:37:00,,,,Busy
7090.0,3.0,Tunde Balogun,943.0,2024-06-10 20:22:15.403,18:18:00,,,,Voicemail
7091.0,3.0,Tunde Balogun,943.0,2024-08-27 20:22:15.403,19:56:00,,,,Busy
7092.0,3.0,Tunde Balogun,943.0,2024-09-08 20:22:15.403,13:27:00,,,,No Answer
7093.0,3.0,Tunde Balogun,943.0,2024-11-17 20:22:15.403,08:14:00,,,,Busy
7094.0,3.0,Tunde Balogun,943.0,2024-11-03 20:22:15.403,18:10:00,,,,No Answer
7095.0,10.0,Chinedu Opara,944.0,2024-05-30 20:22:15.403,10:07:00,,,,Busy
7096.0,10.0,Chinedu Opara,944.0,2024-03-18 20:22:15.403,11:27:00,,,,Busy
7097.0,10.0,Chinedu Opara,944.0,2024-05-13 20:22:15.403,09:08:00,,,,Busy
7098.0,10.0,Chinedu Opara,944.0,2025-01-12 20:22:15.403,14:36:00,,,,No Answer
7099.0,10.0,Chinedu Opara,944.0,2024-04-27 20:22:15.403,16:01:00,,,,No Answer
7100.0,10.0,Chinedu Opara,944.0,2024-10-20 20:22:15.403,12:43:00,,,,No Answer
7101.0,10.0,Chinedu Opara,944.0,2024-06-26 20:22:15.403,15:39:00,,,,Voicemail
7102.0,10.0,Chinedu Opara,944.0,2024-03-21 20:22:15.403,11:50:00,,,,Busy
7103.0,10.0,Chinedu Opara,944.0,2024-10-28 20:22:15.403,12:51:00,,,,No Answer
7104.0,10.0,Chinedu Opara,944.0,2024-09-01 20:22:15.403,14:37:00,,,,Voicemail
7105.0,6.0,Funke Adeyemi,945.0,2025-03-04 20:22:15.403,11:20:00,,,,Voicemail
7106.0,6.0,Funke Adeyemi,945.0,2024-12-29 20:22:15.403,10:50:00,,,,Busy
7107.0,6.0,Funke Adeyemi,945.0,2025-03-04 20:22:15.403,15:01:00,,,,Busy
7108.0,6.0,Funke Adeyemi,945.0,2024-06-02 20:22:15.403,11:03:00,,,,Busy
7109.0,6.0,Funke Adeyemi,945.0,2025-02-07 20:22:15.403,14:17:00,,,,Busy
7110.0,6.0,Funke Adeyemi,945.0,2024-11-11 20:22:15.403,16:59:00,,,,Busy
7111.0,6.0,Funke Adeyemi,945.0,2024-04-30 20:22:15.403,17:46:00,,,,Voicemail
7112.0,9.0,Ibrahim Danjuma,946.0,2025-03-05 20:22:15.403,13:24:00,6.0,Excellent,5.0,Completed
7113.0,9.0,Ibrahim Danjuma,946.0,2024-11-17 20:22:15.403,19:42:00,,,,Busy
7114.0,9.0,Ibrahim Danjuma,946.0,2024-08-21 20:22:15.403,17:13:00,29.0,Average,3.0,Completed
7115.0,9.0,Ibrahim Danjuma,946.0,2024-09-21 20:22:15.403,08:25:00,,,,Voicemail
7116.0,9.0,Ibrahim Danjuma,946.0,2024-05-16 20:22:15.403,13:10:00,,,,Busy
7117.0,9.0,Ibrahim Danjuma,946.0,2024-06-18 20:22:15.403,17:13:00,,,,Voicemail
7118.0,9.0,Ibrahim Danjuma,946.0,2024-09-05 20:22:15.403,18:25:00,,,,Busy
7119.0,9.0,Ibrahim Danjuma,946.0,2024-05-26 20:22:15.403,14:38:00,,,,No Answer
7120.0,9.0,Ibrahim Danjuma,946.0,2024-09-08 20:22:15.403,15:08:00,,,,Busy
7121.0,9.0,Ibrahim Danjuma,946.0,2024-08-23 20:22:15.403,08:54:00,27.0,Poor,2.0,Completed
7122.0,17.0,Rasheed Lawal,947.0,2024-05-30 20:22:15.403,08:42:00,,,,Busy
7123.0,17.0,Rasheed Lawal,947.0,2024-09-22 20:22:15.403,08:19:00,,,,No Answer
7124.0,17.0,Rasheed Lawal,947.0,2024-07-26 20:22:15.403,15:14:00,3.0,Very Poor,1.0,Completed
7125.0,17.0,Rasheed Lawal,947.0,2024-04-26 20:22:15.403,17:46:00,,,,Voicemail
7126.0,17.0,Rasheed Lawal,947.0,2025-01-14 20:22:15.403,17:37:00,,,,Voicemail
7127.0,17.0,Rasheed Lawal,947.0,2024-04-14 20:22:15.403,16:04:00,20.0,Average,3.0,Completed
7128.0,17.0,Rasheed Lawal,947.0,2024-06-11 20:22:15.403,08:27:00,,,,Busy
7129.0,17.0,Rasheed Lawal,947.0,2024-09-13 20:22:15.403,16:53:00,,,,Voicemail
7130.0,13.0,Bola Akinwunmi,948.0,2025-01-31 20:22:15.403,10:47:00,28.0,Excellent,5.0,Completed
7131.0,13.0,Bola Akinwunmi,948.0,2025-02-15 20:22:15.403,18:25:00,,,,Voicemail
7132.0,13.0,Bola Akinwunmi,948.0,2024-04-12 20:22:15.403,19:32:00,,,,No Answer
7133.0,13.0,Bola Akinwunmi,948.0,2024-05-22 20:22:15.403,16:54:00,17.0,Poor,2.0,Completed
7134.0,13.0,Bola Akinwunmi,948.0,2024-06-24 20:22:15.403,16:32:00,,,,Voicemail
7135.0,13.0,Bola Akinwunmi,948.0,2024-12-31 20:22:15.403,13:30:00,,,,Busy
7136.0,2.0,Chioma Nwosu,949.0,2024-06-06 20:22:15.403,17:23:00,2.0,Good,4.0,Completed
7137.0,2.0,Chioma Nwosu,949.0,2024-12-31 20:22:15.403,13:12:00,,,,No Answer
7138.0,2.0,Chioma Nwosu,949.0,2024-04-19 20:22:15.403,14:05:00,23.0,Excellent,5.0,Completed
7139.0,2.0,Chioma Nwosu,949.0,2024-06-09 20:22:15.403,16:40:00,,,,No Answer
7140.0,2.0,Chioma Nwosu,949.0,2025-03-02 20:22:15.403,14:47:00,3.0,Excellent,5.0,Completed
7141.0,2.0,Chioma Nwosu,949.0,2025-01-17 20:22:15.403,19:30:00,,,,Voicemail
7142.0,2.0,Chioma Nwosu,949.0,2024-07-08 20:22:15.403,11:01:00,,,,Voicemail
7143.0,2.0,Chioma Nwosu,949.0,2024-12-02 20:22:15.403,13:24:00,18.0,Good,4.0,Completed
7144.0,10.0,Chinedu Opara,950.0,2024-03-31 20:22:15.403,09:23:00,15.0,Excellent,5.0,Completed
7145.0,10.0,Chinedu Opara,950.0,2025-02-06 20:22:15.403,15:17:00,,,,No Answer
7146.0,10.0,Chinedu Opara,950.0,2024-08-22 20:22:15.403,18:33:00,10.0,Poor,2.0,Completed
7147.0,10.0,Chinedu Opara,950.0,2024-06-01 20:22:15.403,12:04:00,19.0,Average,3.0,Completed
7148.0,10.0,Chinedu Opara,950.0,2024-11-30 20:22:15.403,19:39:00,,,,Voicemail
7149.0,10.0,Chinedu Opara,950.0,2024-04-29 20:22:15.403,10:36:00,13.0,Very Poor,1.0,Completed
7150.0,10.0,Chinedu Opara,950.0,2025-02-14 20:22:15.403,10:52:00,,,,Busy
7151.0,10.0,Chinedu Opara,950.0,2024-10-17 20:22:15.403,18:09:00,,,,Busy
7152.0,20.0,Adewale Ogunleye,951.0,2024-12-31 20:22:15.403,08:05:00,,,,Voicemail
7153.0,20.0,Adewale Ogunleye,951.0,2024-09-13 20:22:15.403,11:10:00,,,,Busy
7154.0,20.0,Adewale Ogunleye,951.0,2024-08-21 20:22:15.403,17:07:00,,,,No Answer
7155.0,20.0,Adewale Ogunleye,951.0,2025-02-10 20:22:15.403,14:45:00,,,,Voicemail
7156.0,20.0,Adewale Ogunleye,951.0,2024-08-07 20:22:15.403,17:13:00,,,,Voicemail
7157.0,20.0,Adewale Ogunleye,951.0,2024-10-02 20:22:15.403,11:08:00,14.0,Average,3.0,Completed
7158.0,20.0,Adewale Ogunleye,951.0,2025-03-07 20:22:15.403,11:44:00,6.0,Average,3.0,Completed
7159.0,20.0,Adewale Ogunleye,951.0,2024-10-04 20:22:15.403,11:13:00,,,,Voicemail
7160.0,20.0,Adewale Ogunleye,951.0,2025-01-08 20:22:15.403,19:16:00,7.0,Poor,2.0,Completed
7161.0,20.0,Adewale Ogunleye,951.0,2024-03-29 20:22:15.403,08:19:00,,,,Voicemail
7162.0,4.0,Aisha Mohammed,952.0,2024-05-18 20:22:15.403,11:52:00,,,,No Answer
7163.0,4.0,Aisha Mohammed,952.0,2025-02-17 20:22:15.403,19:23:00,,,,Busy
7164.0,4.0,Aisha Mohammed,952.0,2024-05-09 20:22:15.403,08:49:00,,,,Busy
7165.0,4.0,Aisha Mohammed,952.0,2024-06-10 20:22:15.403,13:28:00,,,,No Answer
7166.0,4.0,Aisha Mohammed,952.0,2025-03-03 20:22:15.403,13:54:00,25.0,Very Poor,1.0,Completed
7167.0,4.0,Aisha Mohammed,952.0,2024-07-19 20:22:15.403,12:54:00,24.0,Good,4.0,Completed
7168.0,4.0,Aisha Mohammed,952.0,2024-09-28 20:22:15.403,17:57:00,22.0,Excellent,5.0,Completed
7169.0,4.0,Aisha Mohammed,952.0,2024-07-09 20:22:15.403,08:14:00,19.0,Good,4.0,Completed
7170.0,4.0,Aisha Mohammed,952.0,2024-11-07 20:22:15.403,08:21:00,,,,Voicemail
7171.0,3.0,Tunde Balogun,953.0,2024-04-04 20:22:15.403,10:58:00,,,,Voicemail
7172.0,3.0,Tunde Balogun,953.0,2025-01-27 20:22:15.403,11:22:00,,,,Busy
7173.0,3.0,Tunde Balogun,953.0,2024-07-08 20:22:15.403,17:08:00,,,,Voicemail
7174.0,3.0,Tunde Balogun,953.0,2024-05-15 20:22:15.403,15:46:00,7.0,Poor,2.0,Completed
7175.0,3.0,Tunde Balogun,953.0,2024-04-05 20:22:15.403,16:36:00,,,,Voicemail
7176.0,3.0,Tunde Balogun,953.0,2024-11-24 20:22:15.403,12:47:00,6.0,Good,4.0,Completed
7177.0,3.0,Tunde Balogun,953.0,2025-02-20 20:22:15.403,19:53:00,12.0,Average,3.0,Completed
7178.0,3.0,Tunde Balogun,953.0,2024-04-21 20:22:15.403,12:04:00,,,,No Answer
7179.0,3.0,Tunde Balogun,953.0,2024-09-02 20:22:15.403,10:37:00,,,,Voicemail
7180.0,6.0,Funke Adeyemi,954.0,2025-02-27 20:22:15.403,18:59:00,,,,No Answer
7181.0,6.0,Funke Adeyemi,954.0,2025-02-28 20:22:15.403,13:28:00,28.0,Very Poor,1.0,Completed
7182.0,6.0,Funke Adeyemi,954.0,2024-09-11 20:22:15.403,17:25:00,,,,Busy
7183.0,6.0,Funke Adeyemi,954.0,2024-05-14 20:22:15.403,15:12:00,,,,Voicemail
7184.0,6.0,Funke Adeyemi,954.0,2025-01-12 20:22:15.403,09:51:00,,,,Voicemail
7185.0,6.0,Funke Adeyemi,954.0,2024-11-23 20:22:15.403,12:38:00,11.0,Average,3.0,Completed
7186.0,6.0,Funke Adeyemi,954.0,2024-08-01 20:22:15.403,13:19:00,,,,Voicemail
7187.0,6.0,Funke Adeyemi,954.0,2024-08-17 20:22:15.403,17:31:00,,,,No Answer
7188.0,6.0,Funke Adeyemi,954.0,2024-12-23 20:22:15.403,17:17:00,,,,Busy
7189.0,6.0,Funke Adeyemi,954.0,2024-12-24 20:22:15.403,13:21:00,,,,Busy
7190.0,2.0,Chioma Nwosu,955.0,2024-11-29 20:22:15.403,13:25:00,,,,Voicemail
7191.0,2.0,Chioma Nwosu,955.0,2024-10-01 20:22:15.403,16:11:00,21.0,Good,4.0,Completed
7192.0,2.0,Chioma Nwosu,955.0,2024-08-28 20:22:15.403,12:16:00,29.0,Very Poor,1.0,Completed
7193.0,2.0,Chioma Nwosu,955.0,2024-11-10 20:22:15.403,11:59:00,,,,Busy
7194.0,2.0,Chioma Nwosu,955.0,2024-07-14 20:22:15.403,18:01:00,17.0,Very Poor,1.0,Completed
7195.0,2.0,Chioma Nwosu,955.0,2024-04-05 20:22:15.403,17:35:00,,,,No Answer
7196.0,2.0,Chioma Nwosu,955.0,2024-05-11 20:22:15.403,11:02:00,,,,No Answer
7197.0,2.0,Chioma Nwosu,955.0,2024-05-29 20:22:15.403,12:48:00,29.0,Good,4.0,Completed
7198.0,4.0,Aisha Mohammed,956.0,2024-12-23 20:22:15.403,16:22:00,29.0,Average,3.0,Completed
7199.0,4.0,Aisha Mohammed,956.0,2025-02-05 20:22:15.403,12:12:00,,,,Busy
7200.0,4.0,Aisha Mohammed,956.0,2025-01-29 20:22:15.403,19:45:00,,,,Busy
7201.0,4.0,Aisha Mohammed,956.0,2024-11-01 20:22:15.403,13:06:00,,,,Busy
7202.0,4.0,Aisha Mohammed,956.0,2025-01-29 20:22:15.403,13:14:00,,,,Busy
7203.0,4.0,Aisha Mohammed,956.0,2025-01-01 20:22:15.403,14:53:00,,,,No Answer
7204.0,4.0,Aisha Mohammed,956.0,2024-06-24 20:22:15.403,19:23:00,,,,Voicemail
7205.0,4.0,Aisha Mohammed,956.0,2024-11-23 20:22:15.403,15:00:00,,,,Voicemail
7206.0,4.0,Aisha Mohammed,956.0,2024-11-18 20:22:15.403,15:38:00,26.0,Good,4.0,Completed
7207.0,3.0,Tunde Balogun,957.0,2024-03-28 20:22:15.403,16:55:00,,,,Busy
7208.0,3.0,Tunde Balogun,957.0,2024-10-04 20:22:15.403,15:27:00,,,,Busy
7209.0,3.0,Tunde Balogun,957.0,2024-03-21 20:22:15.403,19:49:00,2.0,Average,3.0,Completed
7210.0,3.0,Tunde Balogun,957.0,2024-12-22 20:22:15.403,08:18:00,,,,No Answer
7211.0,3.0,Tunde Balogun,957.0,2024-03-10 20:22:15.403,19:13:00,,,,No Answer
7212.0,3.0,Tunde Balogun,957.0,2024-09-12 20:22:15.403,18:48:00,28.0,Good,4.0,Completed
7213.0,3.0,Tunde Balogun,957.0,2024-11-24 20:22:15.403,11:56:00,,,,Busy
7214.0,3.0,Tunde Balogun,957.0,2025-01-09 20:22:15.403,09:09:00,6.0,Excellent,5.0,Completed
7215.0,3.0,Tunde Balogun,957.0,2024-10-14 20:22:15.403,13:54:00,,,,No Answer
7216.0,13.0,Bola Akinwunmi,958.0,2024-04-18 20:22:15.403,14:57:00,27.0,Excellent,5.0,Completed
7217.0,13.0,Bola Akinwunmi,958.0,2024-07-10 20:22:15.403,16:28:00,,,,Busy
7218.0,13.0,Bola Akinwunmi,958.0,2024-10-31 20:22:15.403,19:36:00,14.0,Very Poor,1.0,Completed
7219.0,13.0,Bola Akinwunmi,958.0,2025-02-05 20:22:15.403,13:34:00,23.0,Very Poor,1.0,Completed
7220.0,13.0,Bola Akinwunmi,958.0,2024-03-09 20:22:15.403,10:04:00,,,,Busy
7221.0,13.0,Bola Akinwunmi,958.0,2025-01-03 20:22:15.403,08:25:00,5.0,Very Poor,1.0,Completed
7222.0,13.0,Bola Akinwunmi,958.0,2024-10-08 20:22:15.403,18:57:00,,,,Voicemail
7223.0,11.0,Kemi Adebanjo,959.0,2024-04-27 20:22:15.403,18:09:00,,,,Voicemail
7224.0,11.0,Kemi Adebanjo,959.0,2024-11-14 20:22:15.403,19:55:00,14.0,Average,3.0,Completed
7225.0,11.0,Kemi Adebanjo,959.0,2024-09-27 20:22:15.403,09:40:00,,,,Busy
7226.0,11.0,Kemi Adebanjo,959.0,2024-03-12 20:22:15.403,13:48:00,18.0,Average,3.0,Completed
7227.0,11.0,Kemi Adebanjo,959.0,2025-02-21 20:22:15.403,18:52:00,,,,No Answer
7228.0,11.0,Kemi Adebanjo,959.0,2024-05-06 20:22:15.403,10:02:00,21.0,Average,3.0,Completed
7229.0,11.0,Kemi Adebanjo,959.0,2024-08-24 20:22:15.403,17:13:00,6.0,Excellent,5.0,Completed
7230.0,11.0,Kemi Adebanjo,959.0,2024-11-25 20:22:15.403,19:42:00,,,,No Answer
7231.0,11.0,Kemi Adebanjo,959.0,2025-03-04 20:22:15.403,08:00:00,19.0,Average,3.0,Completed
7232.0,11.0,Kemi Adebanjo,959.0,2024-07-28 20:22:15.403,14:03:00,,,,Busy
7233.0,14.0,Zainab Suleiman,960.0,2025-02-25 20:22:15.403,18:19:00,,,,No Answer
7234.0,14.0,Zainab Suleiman,960.0,2024-09-14 20:22:15.403,14:41:00,,,,No Answer
7235.0,14.0,Zainab Suleiman,960.0,2024-11-03 20:22:15.403,10:51:00,,,,Voicemail
7236.0,14.0,Zainab Suleiman,960.0,2024-11-01 20:22:15.403,16:36:00,,,,Voicemail
7237.0,14.0,Zainab Suleiman,960.0,2024-04-25 20:22:15.403,11:43:00,,,,No Answer
7238.0,14.0,Zainab Suleiman,960.0,2024-05-03 20:22:15.403,19:22:00,,,,Voicemail
7239.0,14.0,Zainab Suleiman,960.0,2024-07-14 20:22:15.403,17:10:00,,,,No Answer
7240.0,14.0,Zainab Suleiman,960.0,2024-06-28 20:22:15.403,16:31:00,,,,Busy
7241.0,14.0,Zainab Suleiman,960.0,2024-09-04 20:22:15.403,10:25:00,8.0,Very Poor,1.0,Completed
7242.0,2.0,Chioma Nwosu,961.0,2025-01-25 20:22:15.403,11:36:00,8.0,Very Poor,1.0,Completed
7243.0,2.0,Chioma Nwosu,961.0,2024-12-22 20:22:15.403,09:52:00,,,,Busy
7244.0,2.0,Chioma Nwosu,961.0,2025-02-03 20:22:15.403,16:59:00,,,,Busy
7245.0,2.0,Chioma Nwosu,961.0,2025-01-23 20:22:15.403,12:56:00,,,,Voicemail
7246.0,2.0,Chioma Nwosu,961.0,2025-03-02 20:22:15.403,10:59:00,,,,Voicemail
7247.0,15.0,Gbenga Adesina,962.0,2024-08-02 20:22:15.403,12:34:00,,,,Voicemail
7248.0,15.0,Gbenga Adesina,962.0,2024-07-09 20:22:15.403,14:24:00,,,,Voicemail
7249.0,15.0,Gbenga Adesina,962.0,2025-02-24 20:22:15.403,14:15:00,,,,Busy
7250.0,15.0,Gbenga Adesina,962.0,2024-03-08 20:22:15.403,14:00:00,8.0,Excellent,5.0,Completed
7251.0,15.0,Gbenga Adesina,962.0,2024-06-30 20:22:15.403,13:02:00,,,,No Answer
7252.0,15.0,Gbenga Adesina,962.0,2024-10-05 20:22:15.403,19:46:00,,,,Voicemail
7253.0,15.0,Gbenga Adesina,962.0,2024-12-01 20:22:15.403,14:12:00,9.0,Excellent,5.0,Completed
7254.0,15.0,Gbenga Adesina,962.0,2024-05-02 20:22:15.403,17:46:00,17.0,Excellent,5.0,Completed
7255.0,15.0,Gbenga Adesina,962.0,2024-05-22 20:22:15.403,19:29:00,,,,Busy
7256.0,18.0,Amaka Obi,963.0,2024-11-23 20:22:15.403,16:52:00,,,,Voicemail
7257.0,18.0,Amaka Obi,963.0,2024-04-19 20:22:15.403,18:42:00,,,,Voicemail
7258.0,18.0,Amaka Obi,963.0,2024-12-16 20:22:15.403,11:41:00,16.0,Good,4.0,Completed
7259.0,18.0,Amaka Obi,963.0,2025-01-05 20:22:15.403,10:53:00,,,,Voicemail
7260.0,18.0,Amaka Obi,963.0,2024-08-27 20:22:15.403,09:41:00,,,,Busy
7261.0,1.0,Emeka Okafor,964.0,2025-02-27 20:22:15.403,08:50:00,25.0,Poor,2.0,Completed
7262.0,1.0,Emeka Okafor,964.0,2024-08-26 20:22:15.403,08:39:00,,,,Voicemail
7263.0,1.0,Emeka Okafor,964.0,2025-02-07 20:22:15.403,08:16:00,,,,Voicemail
7264.0,1.0,Emeka Okafor,964.0,2024-10-11 20:22:15.403,15:59:00,13.0,Excellent,5.0,Completed
7265.0,1.0,Emeka Okafor,964.0,2024-03-19 20:22:15.403,19:12:00,,,,Voicemail
7266.0,1.0,Emeka Okafor,964.0,2024-11-23 20:22:15.403,19:14:00,,,,Voicemail
7267.0,1.0,Emeka Okafor,964.0,2024-06-26 20:22:15.403,16:37:00,26.0,Poor,2.0,Completed
7268.0,5.0,Obinna Eze,965.0,2024-10-29 20:22:15.403,18:41:00,,,,Voicemail
7269.0,5.0,Obinna Eze,965.0,2024-08-04 20:22:15.403,10:14:00,,,,Voicemail
7270.0,5.0,Obinna Eze,965.0,2024-09-10 20:22:15.403,14:17:00,29.0,Excellent,5.0,Completed
7271.0,5.0,Obinna Eze,965.0,2024-11-03 20:22:15.403,17:41:00,28.0,Poor,2.0,Completed
7272.0,5.0,Obinna Eze,965.0,2024-07-12 20:22:15.403,11:58:00,,,,Busy
7273.0,5.0,Obinna Eze,965.0,2024-10-16 20:22:15.403,16:15:00,,,,Busy
7274.0,5.0,Obinna Eze,965.0,2024-09-08 20:22:15.403,11:29:00,,,,No Answer
7275.0,5.0,Obinna Eze,965.0,2024-09-22 20:22:15.403,09:34:00,,,,No Answer
7276.0,5.0,Obinna Eze,965.0,2024-09-02 20:22:15.403,17:58:00,,,,Busy
7277.0,5.0,Obinna Eze,965.0,2024-05-19 20:22:15.403,13:08:00,,,,Busy
7278.0,6.0,Funke Adeyemi,966.0,2024-04-27 20:22:15.403,12:07:00,12.0,Average,3.0,Completed
7279.0,6.0,Funke Adeyemi,966.0,2024-06-14 20:22:15.403,14:55:00,10.0,Average,3.0,Completed
7280.0,6.0,Funke Adeyemi,966.0,2024-06-01 20:22:15.403,09:13:00,,,,Voicemail
7281.0,6.0,Funke Adeyemi,966.0,2024-09-22 20:22:15.403,17:07:00,,,,Voicemail
7282.0,6.0,Funke Adeyemi,966.0,2024-04-13 20:22:15.403,08:39:00,11.0,Excellent,5.0,Completed
7283.0,6.0,Funke Adeyemi,966.0,2024-09-07 20:22:15.403,16:10:00,,,,Busy
7284.0,16.0,Chika Umeh,967.0,2025-02-16 20:22:15.403,14:29:00,13.0,Excellent,5.0,Completed
7285.0,16.0,Chika Umeh,967.0,2024-12-20 20:22:15.403,17:51:00,,,,Busy
7286.0,16.0,Chika Umeh,967.0,2024-03-31 20:22:15.403,13:05:00,,,,No Answer
7287.0,16.0,Chika Umeh,967.0,2025-02-12 20:22:15.403,15:10:00,,,,Voicemail
7288.0,16.0,Chika Umeh,967.0,2024-04-08 20:22:15.403,12:52:00,27.0,Good,4.0,Completed
7289.0,16.0,Chika Umeh,967.0,2025-02-16 20:22:15.403,18:38:00,21.0,Excellent,5.0,Completed
7290.0,16.0,Chika Umeh,967.0,2024-11-25 20:22:15.403,18:07:00,4.0,Very Poor,1.0,Completed
7291.0,16.0,Chika Umeh,967.0,2024-07-01 20:22:15.403,11:01:00,,,,No Answer
7292.0,16.0,Chika Umeh,967.0,2024-11-14 20:22:15.403,14:15:00,,,,No Answer
7293.0,9.0,Ibrahim Danjuma,968.0,2024-10-17 20:22:15.403,17:11:00,,,,No Answer
7294.0,9.0,Ibrahim Danjuma,968.0,2024-08-26 20:22:15.403,17:59:00,20.0,Excellent,5.0,Completed
7295.0,9.0,Ibrahim Danjuma,968.0,2024-10-31 20:22:15.403,09:44:00,,,,Busy
7296.0,9.0,Ibrahim Danjuma,968.0,2024-05-29 20:22:15.403,17:27:00,,,,Busy
7297.0,9.0,Ibrahim Danjuma,968.0,2024-09-12 20:22:15.403,10:22:00,21.0,Good,4.0,Completed
7298.0,9.0,Ibrahim Danjuma,968.0,2024-12-22 20:22:15.403,17:03:00,,,,Busy
7299.0,9.0,Ibrahim Danjuma,968.0,2025-02-27 20:22:15.403,16:48:00,18.0,Poor,2.0,Completed
7300.0,9.0,Ibrahim Danjuma,968.0,2025-02-24 20:22:15.403,17:49:00,,,,No Answer
7301.0,9.0,Ibrahim Danjuma,968.0,2025-03-03 20:22:15.403,10:13:00,,,,Voicemail
7302.0,1.0,Emeka Okafor,969.0,2024-04-23 20:22:15.403,09:55:00,11.0,Good,4.0,Completed
7303.0,1.0,Emeka Okafor,969.0,2024-05-23 20:22:15.403,12:36:00,,,,No Answer
7304.0,1.0,Emeka Okafor,969.0,2024-09-11 20:22:15.403,09:25:00,,,,Voicemail
7305.0,1.0,Emeka Okafor,969.0,2024-09-10 20:22:15.403,08:21:00,,,,Busy
7306.0,1.0,Emeka Okafor,969.0,2024-04-27 20:22:15.403,19:28:00,,,,Voicemail
7307.0,1.0,Emeka Okafor,969.0,2025-02-01 20:22:15.403,08:11:00,,,,Busy
7308.0,16.0,Chika Umeh,970.0,2024-04-04 20:22:15.403,13:40:00,7.0,Poor,2.0,Completed
7309.0,16.0,Chika Umeh,970.0,2024-09-26 20:22:15.403,17:51:00,,,,Voicemail
7310.0,16.0,Chika Umeh,970.0,2024-05-24 20:22:15.403,10:08:00,,,,Busy
7311.0,16.0,Chika Umeh,970.0,2024-10-16 20:22:15.403,09:52:00,,,,Voicemail
7312.0,16.0,Chika Umeh,970.0,2024-08-11 20:22:15.403,11:43:00,15.0,Average,3.0,Completed
7313.0,16.0,Chika Umeh,970.0,2024-04-05 20:22:15.403,12:22:00,28.0,Average,3.0,Completed
7314.0,16.0,Chika Umeh,970.0,2025-01-28 20:22:15.403,09:27:00,6.0,Very Poor,1.0,Completed
7315.0,20.0,Adewale Ogunleye,971.0,2024-06-27 20:22:15.403,16:53:00,,,,No Answer
7316.0,20.0,Adewale Ogunleye,971.0,2024-07-26 20:22:15.403,09:55:00,,,,Voicemail
7317.0,20.0,Adewale Ogunleye,971.0,2024-07-31 20:22:15.403,11:32:00,,,,Voicemail
7318.0,20.0,Adewale Ogunleye,971.0,2024-05-02 20:22:15.403,15:58:00,1.0,Poor,2.0,Completed
7319.0,20.0,Adewale Ogunleye,971.0,2025-02-16 20:22:15.403,19:34:00,,,,Voicemail
7320.0,3.0,Tunde Balogun,972.0,2024-04-26 20:22:15.403,17:11:00,,,,No Answer
7321.0,3.0,Tunde Balogun,972.0,2024-08-12 20:22:15.403,18:42:00,1.0,Very Poor,1.0,Completed
7322.0,3.0,Tunde Balogun,972.0,2025-02-18 20:22:15.403,13:29:00,,,,No Answer
7323.0,3.0,Tunde Balogun,972.0,2024-06-02 20:22:15.403,19:01:00,,,,No Answer
7324.0,3.0,Tunde Balogun,972.0,2024-09-14 20:22:15.403,10:12:00,,,,Voicemail
7325.0,3.0,Tunde Balogun,972.0,2024-05-14 20:22:15.403,10:34:00,,,,Busy
7326.0,3.0,Tunde Balogun,972.0,2024-06-25 20:22:15.403,16:59:00,,,,Busy
7327.0,3.0,Tunde Balogun,972.0,2024-10-18 20:22:15.403,12:44:00,,,,Voicemail
7328.0,3.0,Tunde Balogun,972.0,2024-07-14 20:22:15.403,16:25:00,,,,Busy
7329.0,5.0,Obinna Eze,973.0,2025-01-01 20:22:15.403,13:36:00,,,,No Answer
7330.0,5.0,Obinna Eze,973.0,2024-06-24 20:22:15.403,09:24:00,,,,Voicemail
7331.0,5.0,Obinna Eze,973.0,2025-01-28 20:22:15.403,13:20:00,1.0,Very Poor,1.0,Completed
7332.0,5.0,Obinna Eze,973.0,2024-09-20 20:22:15.403,10:07:00,15.0,Poor,2.0,Completed
7333.0,5.0,Obinna Eze,973.0,2024-12-25 20:22:15.403,08:05:00,,,,No Answer
7334.0,5.0,Obinna Eze,973.0,2024-11-07 20:22:15.403,10:06:00,,,,Busy
7335.0,5.0,Obinna Eze,973.0,2024-08-28 20:22:15.403,16:02:00,,,,Voicemail
7336.0,5.0,Obinna Eze,973.0,2024-08-23 20:22:15.403,19:22:00,,,,Voicemail
7337.0,5.0,Obinna Eze,973.0,2024-08-14 20:22:15.403,16:39:00,,,,Busy
7338.0,5.0,Obinna Eze,973.0,2024-07-17 20:22:15.403,14:12:00,,,,Voicemail
7339.0,2.0,Chioma Nwosu,974.0,2025-03-07 20:22:15.403,11:54:00,,,,No Answer
7340.0,2.0,Chioma Nwosu,974.0,2024-07-02 20:22:15.403,14:57:00,16.0,Excellent,5.0,Completed
7341.0,2.0,Chioma Nwosu,974.0,2025-01-10 20:22:15.403,17:59:00,,,,Busy
7342.0,2.0,Chioma Nwosu,974.0,2024-03-08 20:22:15.403,16:38:00,,,,Voicemail
7343.0,2.0,Chioma Nwosu,974.0,2024-11-05 20:22:15.403,10:08:00,1.0,Very Poor,1.0,Completed
7344.0,15.0,Gbenga Adesina,975.0,2024-07-03 20:22:15.403,08:38:00,,,,Voicemail
7345.0,15.0,Gbenga Adesina,975.0,2024-05-23 20:22:15.403,16:19:00,,,,Busy
7346.0,15.0,Gbenga Adesina,975.0,2024-10-18 20:22:15.403,17:58:00,,,,Voicemail
7347.0,15.0,Gbenga Adesina,975.0,2024-04-09 20:22:15.403,11:44:00,,,,No Answer
7348.0,15.0,Gbenga Adesina,975.0,2024-04-05 20:22:15.403,13:27:00,,,,Voicemail
7349.0,4.0,Aisha Mohammed,976.0,2024-10-21 20:22:15.403,18:50:00,,,,Voicemail
7350.0,4.0,Aisha Mohammed,976.0,2024-12-27 20:22:15.403,11:56:00,3.0,Good,4.0,Completed
7351.0,4.0,Aisha Mohammed,976.0,2024-04-03 20:22:15.403,12:01:00,,,,No Answer
7352.0,4.0,Aisha Mohammed,976.0,2024-12-04 20:22:15.403,12:07:00,,,,No Answer
7353.0,4.0,Aisha Mohammed,976.0,2025-02-14 20:22:15.403,11:38:00,,,,Voicemail
7354.0,4.0,Aisha Mohammed,976.0,2024-07-28 20:22:15.403,14:35:00,,,,Voicemail
7355.0,4.0,Aisha Mohammed,976.0,2025-02-03 20:22:15.403,15:10:00,21.0,Excellent,5.0,Completed
7356.0,4.0,Aisha Mohammed,976.0,2024-12-13 20:22:15.403,09:34:00,,,,Voicemail
7357.0,8.0,Ngozi Okonkwo,977.0,2024-07-21 20:22:15.403,11:32:00,8.0,Average,3.0,Completed
7358.0,8.0,Ngozi Okonkwo,977.0,2024-05-21 20:22:15.403,09:27:00,,,,No Answer
7359.0,8.0,Ngozi Okonkwo,977.0,2024-11-06 20:22:15.403,10:49:00,,,,No Answer
7360.0,8.0,Ngozi Okonkwo,977.0,2025-01-24 20:22:15.403,11:14:00,,,,Voicemail
7361.0,8.0,Ngozi Okonkwo,977.0,2024-07-22 20:22:15.403,15:27:00,,,,Busy
7362.0,8.0,Ngozi Okonkwo,977.0,2024-08-10 20:22:15.403,09:12:00,,,,No Answer
7363.0,8.0,Ngozi Okonkwo,977.0,2024-10-18 20:22:15.403,13:11:00,,,,Voicemail
7364.0,8.0,Ngozi Okonkwo,977.0,2024-05-03 20:22:15.403,12:21:00,22.0,Excellent,5.0,Completed
7365.0,8.0,Ngozi Okonkwo,977.0,2024-07-25 20:22:15.403,19:35:00,,,,No Answer
7366.0,8.0,Ngozi Okonkwo,977.0,2024-04-11 20:22:15.403,12:10:00,,,,No Answer
7367.0,3.0,Tunde Balogun,978.0,2024-08-02 20:22:15.403,08:31:00,,,,Busy
7368.0,3.0,Tunde Balogun,978.0,2024-08-31 20:22:15.403,14:06:00,,,,No Answer
7369.0,3.0,Tunde Balogun,978.0,2024-05-21 20:22:15.403,14:57:00,1.0,Excellent,5.0,Completed
7370.0,3.0,Tunde Balogun,978.0,2024-05-12 20:22:15.403,10:33:00,25.0,Very Poor,1.0,Completed
7371.0,3.0,Tunde Balogun,978.0,2024-12-11 20:22:15.403,11:10:00,,,,No Answer
7372.0,3.0,Tunde Balogun,978.0,2024-12-08 20:22:15.403,13:33:00,,,,Voicemail
7373.0,3.0,Tunde Balogun,978.0,2024-11-04 20:22:15.403,08:08:00,,,,No Answer
7374.0,16.0,Chika Umeh,979.0,2024-06-04 20:22:15.403,09:16:00,,,,No Answer
7375.0,16.0,Chika Umeh,979.0,2024-11-28 20:22:15.403,10:09:00,,,,Busy
7376.0,16.0,Chika Umeh,979.0,2024-12-25 20:22:15.403,19:10:00,,,,Busy
7377.0,16.0,Chika Umeh,979.0,2024-12-23 20:22:15.403,09:37:00,10.0,Good,4.0,Completed
7378.0,16.0,Chika Umeh,979.0,2024-06-15 20:22:15.403,16:06:00,,,,No Answer
7379.0,2.0,Chioma Nwosu,980.0,2024-08-10 20:22:15.403,18:34:00,,,,Voicemail
7380.0,2.0,Chioma Nwosu,980.0,2024-12-26 20:22:15.403,19:02:00,,,,Voicemail
7381.0,2.0,Chioma Nwosu,980.0,2025-02-06 20:22:15.403,18:09:00,8.0,Average,3.0,Completed
7382.0,2.0,Chioma Nwosu,980.0,2024-04-26 20:22:15.403,11:50:00,,,,No Answer
7383.0,2.0,Chioma Nwosu,980.0,2024-10-14 20:22:15.403,10:20:00,5.0,Very Poor,1.0,Completed
7384.0,2.0,Chioma Nwosu,980.0,2024-08-26 20:22:15.403,19:52:00,,,,No Answer
7385.0,2.0,Chioma Nwosu,980.0,2024-10-03 20:22:15.403,08:57:00,,,,Busy
7386.0,7.0,Segun Oladipo,981.0,2024-08-19 20:22:15.403,09:35:00,,,,No Answer
7387.0,7.0,Segun Oladipo,981.0,2025-02-22 20:22:15.403,14:09:00,,,,No Answer
7388.0,7.0,Segun Oladipo,981.0,2024-09-25 20:22:15.403,10:08:00,,,,Voicemail
7389.0,7.0,Segun Oladipo,981.0,2024-05-07 20:22:15.403,12:41:00,,,,Busy
7390.0,7.0,Segun Oladipo,981.0,2024-12-11 20:22:15.403,12:32:00,,,,Busy
7391.0,7.0,Segun Oladipo,981.0,2024-12-28 20:22:15.403,19:31:00,,,,No Answer
7392.0,7.0,Segun Oladipo,981.0,2024-09-13 20:22:15.403,17:11:00,,,,Busy
7393.0,17.0,Rasheed Lawal,982.0,2024-11-11 20:22:15.403,17:24:00,14.0,Average,3.0,Completed
7394.0,17.0,Rasheed Lawal,982.0,2024-06-21 20:22:15.403,14:48:00,6.0,Good,4.0,Completed
7395.0,17.0,Rasheed Lawal,982.0,2024-06-26 20:22:15.403,14:09:00,,,,No Answer
7396.0,17.0,Rasheed Lawal,982.0,2024-12-11 20:22:15.403,13:05:00,24.0,Poor,2.0,Completed
7397.0,17.0,Rasheed Lawal,982.0,2024-06-02 20:22:15.403,16:14:00,,,,No Answer
7398.0,17.0,Rasheed Lawal,983.0,2024-03-29 20:22:15.403,18:05:00,,,,Voicemail
7399.0,17.0,Rasheed Lawal,983.0,2024-10-11 20:22:15.403,13:43:00,,,,Busy
7400.0,17.0,Rasheed Lawal,983.0,2024-10-10 20:22:15.403,18:04:00,13.0,Average,3.0,Completed
7401.0,17.0,Rasheed Lawal,983.0,2024-11-29 20:22:15.403,16:10:00,,,,Busy
7402.0,17.0,Rasheed Lawal,983.0,2024-12-15 20:22:15.403,15:25:00,,,,Voicemail
7403.0,17.0,Rasheed Lawal,983.0,2025-03-04 20:22:15.403,15:19:00,9.0,Average,3.0,Completed
7404.0,17.0,Rasheed Lawal,983.0,2024-07-20 20:22:15.403,11:11:00,,,,Voicemail
7405.0,2.0,Chioma Nwosu,984.0,2024-03-12 20:22:15.403,15:49:00,24.0,Good,4.0,Completed
7406.0,2.0,Chioma Nwosu,984.0,2024-10-30 20:22:15.403,15:41:00,,,,Voicemail
7407.0,2.0,Chioma Nwosu,984.0,2024-11-05 20:22:15.403,12:09:00,,,,No Answer
7408.0,2.0,Chioma Nwosu,984.0,2024-04-21 20:22:15.403,08:12:00,,,,No Answer
7409.0,2.0,Chioma Nwosu,984.0,2025-02-15 20:22:15.403,09:38:00,,,,Busy
7410.0,3.0,Tunde Balogun,985.0,2024-08-09 20:22:15.403,08:12:00,27.0,Excellent,5.0,Completed
7411.0,3.0,Tunde Balogun,985.0,2024-06-09 20:22:15.403,17:25:00,,,,Busy
7412.0,3.0,Tunde Balogun,985.0,2025-01-02 20:22:15.403,12:09:00,17.0,Poor,2.0,Completed
7413.0,3.0,Tunde Balogun,985.0,2024-04-15 20:22:15.403,16:58:00,,,,Voicemail
7414.0,3.0,Tunde Balogun,985.0,2024-04-18 20:22:15.403,15:44:00,,,,Voicemail
7415.0,3.0,Tunde Balogun,985.0,2024-09-17 20:22:15.403,09:11:00,,,,Voicemail
7416.0,3.0,Tunde Balogun,985.0,2024-05-24 20:22:15.403,12:35:00,12.0,Very Poor,1.0,Completed
7417.0,20.0,Adewale Ogunleye,986.0,2024-05-09 20:22:15.403,16:34:00,,,,Busy
7418.0,20.0,Adewale Ogunleye,986.0,2025-01-09 20:22:15.403,16:42:00,10.0,Good,4.0,Completed
7419.0,20.0,Adewale Ogunleye,986.0,2025-02-02 20:22:15.403,17:43:00,,,,Voicemail
7420.0,20.0,Adewale Ogunleye,986.0,2024-04-11 20:22:15.403,13:23:00,24.0,Poor,2.0,Completed
7421.0,20.0,Adewale Ogunleye,986.0,2024-11-30 20:22:15.403,17:28:00,,,,No Answer
7422.0,4.0,Aisha Mohammed,987.0,2025-03-04 20:22:15.403,09:11:00,,,,Voicemail
7423.0,4.0,Aisha Mohammed,987.0,2024-08-14 20:22:15.403,13:14:00,23.0,Very Poor,1.0,Completed
7424.0,4.0,Aisha Mohammed,987.0,2024-05-14 20:22:15.403,09:18:00,,,,No Answer
7425.0,4.0,Aisha Mohammed,987.0,2024-12-13 20:22:15.403,16:59:00,,,,Busy
7426.0,4.0,Aisha Mohammed,987.0,2024-09-21 20:22:15.403,13:43:00,,,,Voicemail
7427.0,4.0,Aisha Mohammed,987.0,2024-09-03 20:22:15.403,19:14:00,,,,Voicemail
7428.0,4.0,Aisha Mohammed,987.0,2024-10-10 20:22:15.403,11:34:00,23.0,Excellent,5.0,Completed
7429.0,4.0,Aisha Mohammed,987.0,2024-11-22 20:22:15.403,14:08:00,,,,Voicemail
7430.0,4.0,Aisha Mohammed,987.0,2024-04-17 20:22:15.403,16:35:00,,,,Voicemail
7431.0,4.0,Aisha Mohammed,987.0,2024-10-27 20:22:15.403,11:43:00,8.0,Good,4.0,Completed
7437.0,5.0,Ibrahim Musa,989.0,2025-01-21 20:22:15.403,13:09:00,13.0,Good,,
7438.0,5.0,Ibrahim Musa,989.0,2024-04-11 20:22:15.403,18:22:00,7.0,Poor,,
7439.0,5.0,Ibrahim Musa,989.0,2024-12-15 20:22:15.403,13:04:00,10.0,Poor,,
7440.0,5.0,Ibrahim Musa,989.0,2024-11-19 20:22:15.403,16:23:00,17.0,Excellent,,
7441.0,5.0,Ibrahim Musa,989.0,2024-03-23 20:22:15.403,17:30:00,23.0,Excellent,,
7442.0,5.0,Ibrahim Musa,989.0,2024-11-29 20:22:15.403,15:08:00,29.0,Excellent,,
7443.0,5.0,Ibrahim Musa,989.0,2024-10-19 20:22:15.403,12:51:00,12.0,Excellent,,
7444.0,4.0,Funke Adeyemi,990.0,2025-03-07 20:22:15.403,08:37:00,21.0,Average,,
7445.0,4.0,Funke Adeyemi,990.0,2024-07-23 20:22:15.403,11:05:00,23.0,Excellent,,
7446.0,4.0,Funke Adeyemi,990.0,2024-07-06 20:22:15.403,10:16:00,4.0,Excellent,,
7447.0,4.0,Funke Adeyemi,990.0,2024-04-22 20:22:15.403,11:41:00,21.0,Average,,
7448.0,4.0,Funke Adeyemi,990.0,2024-09-28 20:22:15.403,10:41:00,29.0,Average,,
7449.0,4.0,Funke Adeyemi,990.0,2024-12-11 20:22:15.403,08:20:00,25.0,Good,,
7450.0,4.0,Funke Adeyemi,990.0,2024-05-19 20:22:15.403,14:58:00,15.0,Very Poor,,
7451.0,4.0,Funke Adeyemi,990.0,2024-07-05 20:22:15.403,08:41:00,28.0,Very Poor,,
7452.0,4.0,Funke Adeyemi,990.0,2024-05-17 20:22:15.403,12:58:00,13.0,Excellent,,
7453.0,4.0,Funke Adeyemi,990.0,2024-06-09 20:22:15.403,17:02:00,14.0,Poor,,
7464.0,6.0,Aisha Bello,992.0,2024-07-05 20:22:15.403,08:29:00,11.0,Very Poor,,
7465.0,6.0,Aisha Bello,992.0,2024-12-04 20:22:15.403,10:38:00,17.0,Very Poor,,
7466.0,6.0,Aisha Bello,992.0,2024-05-09 20:22:15.403,09:59:00,21.0,Poor,,
7467.0,6.0,Aisha Bello,992.0,2024-07-11 20:22:15.403,19:57:00,22.0,Average,,
7468.0,6.0,Aisha Bello,992.0,2024-05-08 20:22:15.403,11:26:00,29.0,Good,,
7469.0,6.0,Aisha Bello,992.0,2024-04-20 20:22:15.403,12:03:00,9.0,Poor,,
7470.0,6.0,Aisha Bello,992.0,2024-06-26 20:22:15.403,11:14:00,28.0,Average,,
7471.0,6.0,Aisha Bello,992.0,2025-02-19 20:22:15.403,14:01:00,18.0,Good,,
7472.0,5.0,Ibrahim Musa,993.0,2025-02-02 20:22:15.403,13:55:00,29.0,Poor,,
7473.0,5.0,Ibrahim Musa,993.0,2024-12-26 20:22:15.403,16:55:00,21.0,Excellent,,
7474.0,5.0,Ibrahim Musa,993.0,2024-10-21 20:22:15.403,14:04:00,23.0,Very Poor,,
7475.0,5.0,Ibrahim Musa,993.0,2024-04-10 20:22:15.403,09:41:00,5.0,Very Poor,,
7476.0,5.0,Ibrahim Musa,993.0,2025-03-05 20:22:15.403,17:41:00,7.0,Average,,
7477.0,5.0,Ibrahim Musa,993.0,2025-02-20 20:22:15.403,14:17:00,29.0,Excellent,,
7478.0,5.0,Ibrahim Musa,993.0,2024-10-06 20:22:15.403,09:40:00,24.0,Very Poor,,
7479.0,5.0,Ibrahim Musa,993.0,2024-11-15 20:22:15.403,11:55:00,18.0,Very Poor,,
7480.0,8.0,Emeka Eze,994.0,2024-06-25 20:22:15.403,08:37:00,12.0,Excellent,,
7481.0,8.0,Emeka Eze,994.0,2024-05-13 20:22:15.403,19:21:00,28.0,Very Poor,,
7482.0,8.0,Emeka Eze,994.0,2024-12-19 20:22:15.403,17:28:00,25.0,Poor,,
7483.0,8.0,Emeka Eze,994.0,2024-06-10 20:22:15.403,08:12:00,1.0,Excellent,,
7484.0,8.0,Emeka Eze,994.0,2024-03-13 20:22:15.403,13:00:00,29.0,Good,,
7485.0,8.0,Emeka Eze,994.0,2024-12-13 20:22:15.403,14:00:00,26.0,Excellent,,
7486.0,8.0,Emeka Eze,994.0,2024-10-30 20:22:15.403,12:31:00,21.0,Good,,
7487.0,8.0,Emeka Eze,994.0,2024-09-28 20:22:15.403,08:15:00,20.0,Average,,
7488.0,8.0,Emeka Eze,994.0,2024-06-09 20:22:15.403,08:30:00,19.0,Average,,
7489.0,8.0,Emeka Eze,994.0,2024-08-20 20:22:15.403,09:37:00,29.0,Good,,
7500.0,14.0,Chijioke Ubah,996.0,2024-12-21 20:22:15.403,19:45:00,22.0,Excellent,,
7501.0,14.0,Chijioke Ubah,996.0,2024-10-25 20:22:15.403,15:19:00,24.0,Excellent,,
7502.0,14.0,Chijioke Ubah,996.0,2024-10-24 20:22:15.403,08:23:00,25.0,Very Poor,,
7503.0,14.0,Chijioke Ubah,996.0,2025-01-17 20:22:15.403,15:15:00,23.0,Excellent,,
7504.0,14.0,Chijioke Ubah,996.0,2024-04-17 20:22:15.403,17:49:00,24.0,Good,,
7505.0,14.0,Chijioke Ubah,996.0,2025-02-16 20:22:15.403,12:30:00,17.0,Very Poor,,
